Job Title,Job Rating,Time,Job Status,Pros,Cons,Company_Name
Brand Ambassador,5.0,2025-08-08,"Former employee, more than 1 year","Flexible Hours, Supportive Team, Good Training, Fun Work Environment, Opportunity To Travel.","Inconsistent Hours, Limited Career Growth, Commission Structure Can Be Unclear, Standing For Long Hours, Sometimes Slow Communication.",Safaricom
Senior Mobile Developer,4.0,2025-07-28,"Current contractor, more than 1 year",Great For Gaining Experience On Large Scale Enterprise Applications,A Lot Of Shifting Priorities,Safaricom
Project Manager,4.0,2025-07-15,"Former employee, more than 3 years","Strong Support For Professional Growth Through Training Exposure To LargeScale, Impactful Projects Across Kenya Competitive Salary And PerformanceBased Bonuses",Occasional Tight Deadlines And HighPressure Timelines Bureaucracy Can Delay Project SignOffs,Safaricom
Ict Technician,5.0,2025-07-18,Former employee,The Working Experience Was Good,There Are No Major Drawbacks I Can Talk About,Safaricom
Intern,5.0,2025-07-15,"Former intern, less than 1 year",Great Work Environment. Regular Bonuses.,None I Can Think Of,Safaricom
Site Reliability Engineer,4.0,2025-07-14,"Current contractor, more than 1 year",Rto Policy 3 Days In The Office,Workload May Be Too Much Sometime,Safaricom
Software Qa Engineer,3.0,2025-07-13,"Former contractor, more than 3 years",Opportunities For Growth Good Company  Great Work Policy,Tough Management  Extreme Work Conditions Pressure Nepotism,Safaricom
Customer Service,4.0,2025-07-08,"Former intern, less than 1 year",Good Place To Work And Grow CareerWise,Is Place That Offers Carrier Growth,Safaricom
Customer Service Representative,3.0,2025-07-03,Current employee,Job Security Bonus Is Available,No Growth Compensation For Customer Care Is Not Worth It,Safaricom
Ran Engineer,4.0,2025-07-06,Former employee,Conducive Work Environment For Employees Growth,Have To Meet Strict Deadlines,Safaricom
Territory Development Representative (Tdr),4.0,2025-06-28,"Current employee, more than 1 year",Salaries Paid On Time Familiar Route Plan,Working Via Agency No Room For Growth,Safaricom
Telesales Agent,5.0,2025-06-26,Former employee,Good Work Environment And Aesthetics,Corporate Work Pressure And Politics,Safaricom
Junior Software Developer,5.0,2025-06-07,Former employee,Good WorkLife Balance And Supportive Team Environment With Competitive Benefits,Limited Advancement Opportunities And Outdated Technology Systems Need Improvement.,Safaricom
Sr. Manager It,5.0,2025-06-05,Former employee,"As An Employer, Offers Significant Advantages Such As Market Leadership, Competitive Compensation, And Ample Growth Opportunities Due To Its Technological Innovation And Contributions To National Development","HighPressure, Competitive, And Sometimes Bureaucratic Environment, Which Can Impact WorkLife Balance.",Safaricom
Software Developer,2.0,2025-06-18,"Current contractor, more than 3 years",I Really Don'T Have Any Pros For Them. Hasn'T Been The Best.,No Work Life Balance. Scalling Is Almost Impossible As A Contractor.,Safaricom
Internship,5.0,2025-06-16,Former intern,Learning And Skill Building On Enterprise Level Setup,None That I Noticed. Good Working Place.,Safaricom
Senior Software Engineer,5.0,2025-06-11,Current contractor,To Be Updated At A Later Time,None I Can Think Of Right Now,Safaricom
Software Engineer,5.0,2025-06-14,"Current employee, more than 1 year",Decent Salary But Can Do Better,Can Do Better With Salary And Benefits,Safaricom
Frontend Developer,4.0,2025-05-22,"Current employee, more than 3 years", Very Friendly And Easy To Work With Colleagues.  The Engineering Lead For Web Is One Of The Best Person I'Ve Ever Met.," Too Much Focus On Short Term Goals  Work Overload, Easy To Find Only One Engineer Working On A Huge Project Alone",Safaricom
Brand Manager,4.0,2025-06-10,"Current employee, more than 3 years",Good Environment To Learn And Grow Ones Career,Too Much Pressure Plus There Is No Work Life Balance,Safaricom
Data Analyst,4.0,2025-06-04,Former employee,Very Educative And Gives Experience,Not So Much Cons To Give,Safaricom
Field Engineer,3.0,2025-05-30,"Current contractor, more than 1 year","Exposure To Different Network Technologies, Perfects For Nerds Like Me.",The Pay Could Be Better,Safaricom
Territory Manager,4.0,2025-05-06,"Former employee, more than 3 years","There Is Good Medical Cover, And They Allow You Room To Work, You Get Commission Every Quarter Depending On Your Sales Controbution",The Pay Is Less Comission Compared To Similar Roles In The Industry,Safaricom
Customer Experience Representative,3.0,2025-05-27,"Former employee, more than 10 years",Great Company Culture.  Good Health Cover,Minimal Career Growth Career Progression In Some Areas Is Almost Impossible,Safaricom
Finance Intern,5.0,2025-05-16,"Former intern, less than 1 year",Hybrid Working.  Amazing Work Culture.  Lots Of Collaboration And Teamwork. A Lot Of Training And Learning.,I Have No Cons From My Experience.,Safaricom
Office Administrator,3.0,2025-05-21,"Former intern, less than 1 year",Good Working Environment Sometimes And Management,Late Pay Every Month Too,Safaricom
Consultant,3.0,2025-04-30,"Current employee, less than 1 year",Huge Operational Budget For Innovation,Lack Of Innovating & Experimenting Culture Limited To Subpar Initiative.,Safaricom
Software Engineer I,3.0,2025-05-05,"Current employee, more than 5 years",They Have A Good Work Culture And The Working Environment Is Okay.,The Underpay Their Technology Employees Compared To The Industry.,Safaricom
Call Center Agent,5.0,2025-05-08,"Former intern, less than 1 year",Good Renumeration As An Intern,Very Difficult To Get The Opportunity,Safaricom
Driver,5.0,2025-05-10,"Current employee, more than 10 years",To Have A Better High Salary,Longer Commuteless Opportunity For Advancement,Safaricom
Sales Associate,4.0,2025-05-18,Current temporary employee,"Good Salary, Professional Working Environment.","Nepotism In Recruitment, Complex Interviews.",Safaricom
Customer Service Representative (Csr),5.0,2025-05-09,"Former employee, more than 8 years",Opportunities For Growth Are Many,Nothing Negative To Review The Company About,Safaricom
Consumer Business Intern,5.0,2025-04-29,"Current intern, more than 1 year",Great Work Life Balance Hybrid Working Lovely Benefits  Lovely Environment,Not Much It Doesn’T Get Better They Saf,Safaricom
Systems Engineer,5.0,2025-05-05,Former contractor,Good Compensation And Great Work Culture,Failure To Renew Contract Dispite Performance,Safaricom
Sales Representative,5.0,2025-04-28,"Current contractor, more than 1 year",Great Working Environment With Huge Salary Benefits.,Long Hours And Harsh Work Environment.,Safaricom
Global Management Trainee (Gmt),5.0,2025-05-05,Current employee,Learning Opportunities Are Provided For Personal Growth,Have A Positive Attitude To Learn New Skills,Safaricom
Cybersecurity Internship,4.0,2025-03-05,"Former employee, less than 1 year",Structured Program: Clear Orientation And A WellPlanned Schedule Helped Me Understand The Company’S Processes. Mentorship: Supportive Supervisors And Mentors Who Were Eager To Share Industry Knowledge. Exposure To Innovation: Opportunities To Work With CuttingEdge Technology And Digital Tools. Professional Development: Valuable Training Sessions And RealWorld Projects That Enriched My Learning Experience.,"Scope Of Projects: While Projects Were Insightful, Expanding Intern Roles On Larger Initiatives Could Further Enhance The Experience.",Safaricom
Manager,5.0,2025-04-16,"Former employee, more than 8 years",Work From Home Good Bonus Medical Cover Mou For Loans,Bureaucracy Creeping In To The Organization,Safaricom
Analyst,4.0,2025-04-23,"Former employee, more than 5 years",Great Benefits For The Employees,Employee Growth Internally Is Very Slow.,Safaricom
Administrative Assistant,4.0,2025-04-15,Former employee,Great Place To Work At  Recommend,No Cons At The Moment. Enjoyed Working There,Safaricom
Assistant Project Manager,5.0,2025-04-10,"Former employee, more than 1 year",Allows For Innovative Thinking And Out Of Box Ideas, Fast Paced Enviroment . Very Large Company,Safaricom
Data Entry Clerk,5.0,2025-04-08,Current intern,All Time Best Employer In Kenya.,They Have No Cons During My Stay.,Safaricom
Network Engineer,5.0,2025-03-16,"Former employee, more than 3 years",Very Good Working Environment With Full Medical Benefits For Family. Opportunity To Rise Within The Company. Excellent Training Opportunities And Team Building Events.,There Are No Cons As For Now.,Safaricom
Cyber Security Analyst,5.0,2025-03-17,"Current employee, more than 1 year","A Competitive Salary And Benefits Package, Opportunities For Career Growth, And A Positive Work Environment With A Focus On Employee WellBeing","Potential For Long Hours, Pressure, And A Perceived Lack Of WorkLife Balance, Along With Concerns About Salary Competitiveness.",Safaricom
Audit Associate,5.0,2025-03-31,Current employee,A Stable Company With Good Pay,Ai Threatens The Permanency Of The Job,Safaricom
Specialist,4.0,2025-03-26,Former employee,"Profitable, Great Benefits And Secure","Terrible Company Culture, Individuaistic And No Integrity",Safaricom
It Specialist,5.0,2025-03-24,Former employee,Benefits Are Plenty For Employees,None At The Moment On Saf,Safaricom
Program Manager,4.0,2025-03-20,"Former employee, more than 10 years",Bonuses Are Almost Guaranteed Annually,Salary Scales Are PreDetermined Unless You Are Headhunted,Safaricom
Backend Engineer,4.0,2025-03-28,"Current employee, more than 3 years",Ok Working Here But Busy,None A=Execept Being Asupser Swamped,Safaricom
Finance,2.0,2025-03-23,"Current intern, less than 1 year",In Doing Finance Job At Safaricom Kenya,In Developing Financial Records And Statements,Safaricom
Data Analyst Intern,3.0,2025-03-13,"Former intern, less than 1 year",Good Opportunity To Grow And Leaen,Naviagting A Highly Competitive Work Area,Safaricom
Integration Engineer,5.0,2025-01-07,"Former employee, more than 3 years","A Workplace That Truly Prioritizes Innovation, Collaboration, And Employee Growth. As Someone Who Values Teamwork And Continuous Learning, I Found Their Approach To Fostering A Supportive And Inclusive Environment Incredibly Inspiring.","While The Company Provides Competitive Packages, Regular Reviews Of Compensation To Align With Market Trends And Employee Performance Would Enhance Job Satisfaction And Retention Further. Keeping Pace With The Industry’S Evolving Standards Demonstrates The Company’S Commitment To Recognizing And Rewarding Employees Fairly.",Safaricom
Sales Assistant,4.0,2025-03-13,"Former employee, more than 1 year",Friendly Workmates And Sound In Creating Rapport,"High Workload, Particularly In Peak Periods",Safaricom
Solutions Architect,4.0,2025-03-11,Current contractor,Learn Alot Due To Their  Large Ecosytem,Can Be A Bit Iverwhelming,Safaricom
Legal Intern,4.0,2025-03-09,Current intern,Friendly Work Space In The Work Environment,Limited Work Life Balance Due To High Pressure,Safaricom
Sre/Devops Engineer,5.0,2024-11-24,"Former employee, more than 3 years","Innovative Work Environment: Opportunities To Work With CuttingEdge Technologies And Implement Creative Solutions. Support For Growth: Training, Certifications, And Mentorship Programs To Enhance Personal And Professional Development. Collaborative Culture: Strong Teamwork And KnowledgeSharing Among Peers And Leaders. Impactful Projects: Working On LargeScale Projects That Make A Tangible Impact In The Community. Diversity And Inclusion: A Workplace That Values And Promotes Diverse Perspectives.","WorkLife Balance Challenges: At Times, High Workloads And Tight Deadlines May Require Extra Hours. Complex Processes: Navigating Internal Procedures Can Sometimes Be TimeConsuming. Resource Allocation: Occasional Delays In Getting Required Resources For Specific Tasks. Change Management: Adapting To Frequent Organizational Or Technological Changes Can Be Demanding.",Safaricom
Contractor,4.0,2025-02-06,"Current contractor, more than 3 years",Handson Experience Introduction To Vast Concepts Hybrid Model,As A Contractor You Are On The Outs On A Number Of Perks. Salary Is Below Par And Market Rate.,Safaricom
Agribusiness Manager,4.0,2025-02-24,"Current employee, less than 1 year",It Is A Good Starting Point,The Role Entails A Lot Of Travelling,Safaricom
Ux Designer,4.0,2025-02-28,Current employee,It Has A Good Working Environment,There Is Little Benefits For Employees,Safaricom
Data Analytics Partner,5.0,2024-11-14,"Former employee, more than 5 years","I Had The Best Work Experience At Safaricom. Safaricom Treasures Both Employee & Customer General Well Being. They Are Beyond Passionate About Customer Experience. They Also Offer A Wide Range Of Benefits. A Very Good Medical Cover, Gym Membership & Others.","When I Got Into This Role, They Didn'T Give Me The Full Salary. They Said It Was A Lateral Move Yet All The People I Worked With, All Were Getting The Full Salary & We Were Doing The Same Tasks.",Safaricom
Trade Development Representative,4.0,2025-02-28,Former contractor,Good Bonuses Good Working Environment,Maintain A Work Life Balance,Safaricom
It Contractor,4.0,2025-02-10,"Former contractor, more than 3 years",Good Working Environment All Round,Opportunities For Promotion And Career Progression Are Quite Limited,Safaricom
Software Developer Intern,5.0,2025-02-05,"Current intern, less than 1 year","Inclusivity, Empowering, Good Learning Opportunities For Interns",N/A. I Haven'T Had Any.,Safaricom
Senior Assurance Officer,4.0,2025-02-12,Former employee,You Get To Learn A Lot,Growth Is Hard To Come By,Safaricom
Graduate Trainee,3.0,2025-02-06,Former intern,Good And Hefty Worker Salary Renumerations,Great Innovative Competition So Pressure Is A Lot,Safaricom
Web Developer,5.0,2025-02-04,Former temporary employee,Really Good Place To Work,There Were No Cons In My Opinion,Safaricom
Customercare Executive,5.0,2025-02-01,"Former employee, more than 5 years",Good Working Environment With Great Ventilation,Great Supervisors And Children Crash No Hustle For House Girls,Safaricom
Admin Intern,5.0,2025-02-07,Current intern,Nice Working Environment In Nairobi,None That I Can Pinpoint,Safaricom
Account Executive,3.0,2025-01-22,"Current employee, more than 3 years","Over The Years, The Quality Has Been Okay","In The Recent Past, The Quality Has Declined",Safaricom
Business Analyst,4.0,2025-01-27,Current employee,Great Work Happening There Now,Benefits Medical Sacco Savings Ambience,Safaricom
Customer Care Representative,5.0,2025-01-24,"Current contractor, more than 1 year",Career Growth Opprotunity Is Available,Management Should Alow More Flexibility,Safaricom
Qa Engineer,4.0,2024-12-13,"Former employee, more than 1 year","As A Person New In The Industry, The Environment Is A Great Place To Start. You Will Get Opportunities To Try Out All Forms Of Testing In A Quick Based Envirpoment","If You Dont Push Yourself, Then The Growth Have Talked About Will Pass You.",Safaricom
Data Analyst/Junior Data Scientist,5.0,2025-01-17,"Former intern, less than 1 year",Great Career Growth Ideal Compesation,Less Interaction At Work For Minor Employees,Safaricom
Treasury Analyst,5.0,2025-01-10,Former employee,Good Working Environment. Pay For Club Membership,Too Much Politics; Growth Can Take Years,Safaricom
Customer Success Manager,3.0,2025-01-14,Current contractor,Timely Delivery And Customer Satisfaction.,Short Leave Days And Low Rates For Overtime,Safaricom
Engineer,4.0,2025-01-09,"Former employee, more than 1 year",Great Work Culture At Company,Large Company So You Have To Be Really Aggressive With Your Growth,Safaricom
It Manager,4.0,2024-12-30,"Former employee, more than 1 year",Good Working Hours Can Be Great,Agile Working Methoud Can Be Brutal Sometimes,Safaricom
Devops Engineer,4.0,2025-01-06,Former employee,Great Working Environment And A Chance To Grow,Promos Can Take A While But They'Ll Come,Safaricom
Senior Data Analyst,5.0,2024-12-16,Current employee,Good Employer With Great Benefits.,Work Can Get Quite Overwhelming.,Safaricom
Team Leader,4.0,2024-11-20,"Former employee, more than 5 years","Fast Paced, Great Opportunity To Learn And Grow",High Moving Targets And Possibility Of Relocations Many Times.,Safaricom
Ml Engineer,3.0,2024-12-04,"Current employee, more than 3 years",Good Work Life Balance For Engineers Except Guys On Shift And Overnight Changes,Pay Is Not Upto Market Rate,Safaricom
Sofatware Engineer,4.0,2024-12-09,Current employee,Benefitial In Terms Of Work And Life Experience,Pressure A Lot Of Work Sometimes,Safaricom
"Manager, Financial Services",3.0,2024-11-07,"Current employee, more than 5 years",If You Want To Grow From A Capacity Perspective Then It'S The Best Place To Be.,If You Want To Be Promoted You Have To Play Politics And Be A Favorite.,Safaricom
Sales Executive,4.0,2024-11-27,Former contractor,It'S A Condusive Environment To Work In.,Too Much Pressure From The Senior Managers,Safaricom
Human Resources Assistant,5.0,2024-11-21,"Former intern, less than 1 year",Friendly Work Environment With Good Peope,Possibility Of Being Retained After Contract Is Low,Safaricom
Customer Experience Executive,3.0,2024-01-10,"Current employee, more than 5 years","Structured Environment: Offers A Stable And Organized Workplace. EntryLevel Opportunities: Accessible To Individuals Without Extensive Experience. Communication Skills: Enhances Communication And ProblemSolving Abilities. Team Collaboration: Fosters Teamwork And Camaraderie. Customer Interaction: Provides Insights Into Customer Needs, Improving Customer Service Skills. Training And Development: Offers Training Programs For Personal And Professional Growth.Structured Environment: Offers A Stable And Organized Workplace. EntryLevel Opportunities: Accessible To Individuals Without Extensive Experience. Communication Skills: Enhances Communication And ProblemSolving Abilities. Team Collaboration: Fosters Teamwork And Camaraderie. Customer Interaction: Provides Insights Into Customer Needs, Improving Customer Service Skills. Training And Development: Offers Training Programs For Personal And Professional Growth.","HighStress Levels: Dealing With Demanding Customers Can Lead To Stress. Repetitive Nature: Tasks Can Be Monotonous, Potentially Causing Burnout. Strict Metrics: Pressure To Meet Performance Metrics Like Call Handling Time And Customer Satisfaction. Limited Advancement: Career Progression Within The Call Center May Be Limited. Shift Work: Operating 24/7 May Disrupt WorkLife Balance With Evening, Night, Or Weekend Shifts. Emotional Toll: Dealing With Upset Customers Can Be Emotionally Challenging.",Safaricom
Customer Service Agent,5.0,2024-11-24,"Former contractor, more than 3 years",Good Environment. Good Leadership Etc,I Loved The Environment And Friendly Employees,Safaricom
Data Associate,4.0,2024-11-19,Former contractor,Learn And Grow A Lot,None That I Encountered Yet,Safaricom
Quality Engineer,4.0,2024-09-13,"Former contractor, more than 3 years",The Qa Team Is Well Organised And Supported. They Had The Final Say And Were Trusted To Ensure Products Met Required Standards.,Too Many Processes And Corporate Bureaucracy. Limited Test Devices,Safaricom
Category Manager,5.0,2024-11-12,"Former employee, more than 8 years","Medical, Pay, Learning Opportunities And Exposure","Too Much Workload, Limited Growth",Safaricom
Computer Science/Engineering,5.0,2024-11-05,"Former employee, less than 1 year","Best In Terms Of Salary,And Skils",Meeting The Deadlines Sometimes Is Not Easy,Safaricom
Front End Developer,5.0,2024-11-05,"Current intern, less than 1 year",They Have A Gym Bro,You Have To Pay For The Gym,Safaricom
Technology Intern,4.0,2024-11-08,"Former contractor, less than 1 year","Flexible. Remote Option, Learning Environment","Pressure, Lack Of Job Growth",Safaricom
Finance Manager,5.0,2024-10-25,"Current contractor, more than 8 years","Money Money Money, More Money ...Food","Large, Large Large Large Large",Safaricom
Data Scientist,3.0,2024-10-09,"Former employee, more than 5 years",It Is A Place That Values Diversity.,Opportunities For Advancement Are Few And Far Between.,Safaricom
Senior Service Reliability Engineer,5.0,2024-02-28,"Current employee, more than 1 year","Exposure To A Large And Growing Market: Safaricom Is The Leading Telecommunications Provider In Kenya And East Africa, Offering Mobile And FixedLine Services To Millions Of Customers. This Presents An Opportunity To Work On A Large Scale And Gain Experience In A FastGrowing Market. Technical Challenges And Innovation: As An Sre Engineer, You'Ll Be Involved In Building, Maintaining, And Automating Reliable And Scalable Systems Crucial For Safaricom'S Operations. This Can Be Challenging And Rewarding, Requiring You To Stay UpToDate With The Latest Technologies And Implement Innovative Solutions. Potential For Career Growth And Development: Safaricom Offers Various Opportunities For Learning And Development. You Can Participate In Training Programs, Attend Conferences, And Gain Expertise In Various Areas Within The Sre Field. Competitive Compensation And Benefits Package: Safaricom Is Known To Offer Competitive Salaries And Benefits Packages To Their Employees, Including Healthcare, Insurance, And Pension Plans. Positive Work Culture: Safaricom Is Known For Its Positive And Collaborative Work Culture, Fostering Teamwork And Professional Development.",I'Ve Faced No Obstacles So Far.,Safaricom
Business Development,4.0,2024-10-26,"Former employee, less than 1 year","Good Pay, Good Benefits, National Esteem. Resources.",Poor Work Life Balance.Too Many Office Politics.,Safaricom
Structural Engineer,5.0,2024-10-31,Former employee,Good Salary Flexible Working Hours Caree Growth,Pressure At Times Frequent  Layoffs,Safaricom
Administrative,4.0,2024-10-29,Former employee,Work Environment Is Fairly Okay,No Cons To Report Atp,Safaricom
Management Trainee,4.0,2024-10-23,Former employee,Good Perks. Good Brand Recognition.,Limited Career Progression If Not In Tech Role.,Safaricom
Site Reliability Engineer Intern,5.0,2024-10-21,"Current intern, less than 1 year","Good Benefits, Security, Teamwork Is Okay",Not Any That I Have Enclountered,Safaricom
Cybersecurity Analyst,5.0,2024-10-07,"Former employee, less than 1 year","Comfortable, Great Integration And Accommodating",A Lot Of Work And Busy Management,Safaricom
Backend Developer,3.0,2024-10-09,"Current contractor, more than 1 year",Great Place For Beginners To Start Their Careers,Promotions Are Rare And There Is No Set Criteria For Outliers,Safaricom
Software Engineer(Internship),4.0,2024-10-13,"Former intern, less than 1 year",Good Opportunity And Maybe Retaining,Pay Is Low According To Industry Standards,Safaricom
Engineering Manager,4.0,2024-06-30,"Current employee, more than 5 years","You Have Freedom To Design Solutions. Compared To Other Companies In The Region, The Total Reward Is Good Especially Medical Cover For You And Your Family, Annual Bonus, And Car Allowance.","Just Like Any Other Mature Company, A Little Politics Is Expected And It Can Be Annoying, But Nothing Big To Frustrate You. Sometimes Work Can Be Intense, With Unrealistic Timelines But This Is Not The Norm. Things Often Balance Themselves Out.",Safaricom
Database Administrator,5.0,2024-09-26,"Former employee, more than 3 years","Great Benefits Perks, Salary, And Bonus.",24/7 Working Environment With No Boundary For Personal Space.,Safaricom
Accountant,4.0,2024-08-29,"Current employee, more than 10 years","Competitive Remuneration No Dull Day, Different Work Experiences Everyday Great Culture","WorkLife Balance Can Be A Challenge While The Work Is Very Exciting, There Is A Risk Of Stagnation At The Same Level",Safaricom
Agile Coach,4.0,2024-10-02,Current employee,Connection As You Interact With Many Teams,Opportunities For Growth Are Limited,Safaricom
Marketing Coordinator,4.0,2024-10-01,"Current contractor, more than 3 years",Insurance Flexible Hours Good Team Spirit,Less Pay For More Work But Okay,Safaricom
Cybersecurity,5.0,2024-09-10,"Former employee, more than 1 year",Its A Good Company Witg Healthy Environment,You Are Forced To Work Very Many Hours Outside The Agreed Ones,Safaricom
Vas Engineer,2.0,2024-09-18,"Current employee, more than 1 year",Good Insurance Flexible Working Schedule Overtime,Salary Is Not Very Competitive. Slow Growth Political,Safaricom
Ran Capacity Planning Engineer,3.0,2023-09-05,"Current employee, more than 5 years",1. Great Exposure For Someone New To The Corporate World 2. Csr And Study Leave Offered 3. Good Medical Cover 4. Free Airtime And Internet At Home 5. Annual Bonus,1. Salary Scales Are A Secret For The Various Bands 2. Promotions To Higher Bands Lack Transparency And Honesty. It More Often Just A Formality Rather Than Everyone Having A Fair Chance 3. Entry Level Salary Could Be Higher 4. Too Much Organizational Politics And Bureaucracy That Slows Down Work 5. Fake Contribution Model For Salaries Review,Safaricom
Accounts Payable,2.0,2024-09-17,Former employee,Team Work And Flexible Hours,Long Working Hours Time In Office,Safaricom
Principal Auditor,4.0,2024-09-10,"Current employee, more than 1 year",Teamwork A Billion Dollar Company,Hybrid Working.  Parking Problems Due To Large Numbers,Safaricom
Commercial Manager,2.0,2024-09-01,"Current employee, less than 1 year",Its A Good Company To Give Exposure To Employer,Has Been Around For A Short Time,Safaricom
Field Agent,5.0,2024-08-23,"Former employee, less than 1 year",It Is Flexible And Pay Is Good,It Is Commission Based And Difficult,Safaricom
Customer Care Specialist,5.0,2024-08-27,"Current employee, more than 10 years","Shift Based, Flexible And Has Work From Home Opportunities",Slow Salary Increment/ Could Do Better,Safaricom
Senior Executive Assistant,5.0,2024-08-21,"Current contractor, more than 1 year",Timely Remuneration With Benefits And Bonuses,Poor Human Resource Management On Matters Of Welfare,Safaricom
Finance Team Lead,4.0,2024-08-01,"Former employee, more than 10 years",You Get Good Exposure Good Work Ethic Good Bonus Pay,Work Is Unbalance Among The Staff Middle Level Not Well Compensated Possibility Of Burn Out Stagnation Too Much Corporate Politics,Safaricom
Senior Integration Engineer,5.0,2024-05-12,"Current employee, more than 5 years"," Decent Compensation And Benefits Including Airtime Allowance, Car AllowanceDependent On Job Group, Good Medical Cover.   Access To Low Interest Unsecured Bank Loan For Full Time Staff.   Depending On The Role, Hybrid Or Purely Working From Home Is Possible"," Depending On The Team And Role, It Might Be Hard To Strike A Worknlife Balance.   In Some Teams, It Can Be Difficult To Be Promoted Within The Company If You Are Not Outspoken.",Safaricom
Software Development Engineer In Test (Sdet),4.0,2024-08-21,"Current employee, more than 3 years","Great Collaboration, Honesty And Agility",None For Now. Great In Many Aspects,Safaricom
Sales,5.0,2024-08-19,Former employee,Amazing Work Environment And People.,Requires Lots Of Hard Work And Dedication.,Safaricom
Android Developer,5.0,2024-07-24,"Current contractor, less than 1 year",The Work Environment Is Pleasant. The Culture Is The Best.,Sometimes Balancing Between Personal Life And Work Can Be A Challenge But That Applies To Many Remote Jobs.,Safaricom
Graphic Designer,5.0,2024-07-30,"Former employee, less than 1 year",Popular Company  Great Salary Good Work Environment,Highly Competitive Work Environment From Collegues,Safaricom
Account Manager,3.0,2024-08-02,"Former employee, more than 3 years",Proper Job Scale And Remuneration,Pressure To Meet Deadlines And Much Workload,Safaricom
Customer Support Specialist,5.0,2024-08-04,"Current employee, more than 3 years",Satisfied With The Workplace And The Team.,"Compensation Is Lower, It Needs Some Improvement.",Safaricom
Ip Support Engineer,4.0,2024-07-31,"Current employee, more than 8 years",Great Exposure For Skill Growth,Alot Of Work Demands With Short Timelines,Safaricom
Full Stack Engineer,3.0,2024-07-24,Former intern,Saf Is An Amazing Employee,You Get The Same Lunch Box,Safaricom
Data Engineer,4.0,2024-07-30,Former employee,Flexible Fun Good Pay Bonus,Overtime Time Bonus Management Distance,Safaricom
Çustomer Service Representative,3.0,2024-07-30,"Current employee, less than 1 year",It Is A Great Place To Work,Salary Is Little. Bias In Employment,Safaricom
Senior Solutions Architect,4.0,2024-07-10,"Current employee, more than 5 years",Great Benefits And Overall Tech Industry Exposure,Work Life Balance Is An Issue,Safaricom
Front Desk Agent,4.0,2024-07-01,"Former employee, more than 1 year",Competitive Salary With Opportunities For Growth,Hours Were Not As Flexible,Safaricom
Telecom Engineer,5.0,2024-07-20,Former employee,Nice Great Best Awesome Good,Bad Badder Baddest Awful Yeah,Safaricom
Data Entry,5.0,2024-06-11,"Former employee, more than 5 years",Improved Learning And Development Aslo Provides Value And Contributes To The Community,Bias And Manipulation: Reviews Can Be Subjective And Influenced By Personal Experiences Or Motives.,Safaricom
Call Center Representative,3.0,2024-07-17,"Former employee, more than 1 year",Awesome Fair Just Supportive Inclusive,Pressure Time  Salary Promotion Fraud,Safaricom
Technical Lead,4.0,2024-06-23,"Current employee, more than 3 years","Overtime, Bonus , Leaves , Work From Home","Too Much Pressure, Sluggish, Many Incidents, Favoritism, Ochoki",Safaricom
Lead Android Developer,4.0,2024-05-24,"Current employee, more than 3 years",Job Security Remote Working No Micro Management Good Work Environment,Corporate Politics Little To No Room For Job Promotion Yearly Salary Increase Is Little,Safaricom
Senior Cse,4.0,2024-06-21,"Former employee, more than 1 year",Fairly Good Place To Work.,Work Life Balance A Bit Tough,Safaricom
Telesales Representative,4.0,2024-06-13,Former employee,They Value Employees  Good Pay,Alot Of Pressure To Perform.Most Times Overtime Is Needed,Safaricom
Ftth Engineer,4.0,2024-06-07,"Current employee, more than 1 year",There Are Very Many Opportunities,A Lot Of Work Pressure And Demand,Safaricom
Customer Service Account Associate,4.0,2024-06-10,"Current employee, more than 5 years",The Company Offers Good Benefits,You Must Be Flexible And Available,Safaricom
Anonymous Contractor,4.0,2024-05-29,"Former contractor, more than 3 years",Diversity And Inclusion Good Salary And Compensation Benefits WorkLife Balance Employee Development,Too Much Sales Pressure To Meet Monthly Sales Targets,Safaricom
Human Resources Manager,5.0,2024-05-27,"Current employee, more than 10 years",Great Place To Work. Professional Practices.,"Challenging Work, Fast Paced And Dynamic",Safaricom
Senior Network Engineer,5.0,2024-05-30,"Current contractor, less than 1 year",Great Place To Work And Learn,Can'T Really Think Of Any,Safaricom
Solutions Engineer,5.0,2024-05-21,"Current employee, more than 3 years","Good Salary, Good Working Envirnment, Lots Of Benefits",None That I Can Complain About,Safaricom
Casual Team Member,5.0,2024-05-27,"Former employee, less than 1 year",Great Work Environment Great Incentives,Paid Us Using Airtime And Not Cash,Safaricom
Technician,5.0,2024-05-14,"Former employee, more than 5 years",They Offer The Best Staff Service.,The Weekends Are Reserved For More Working Hours.,Safaricom
Bi Developer,5.0,2024-04-22,"Former employee, more than 5 years",Career Growth Due To Upskilling And Alot Of Opportunities To Apply Skills Acquired.,"Career Growth Is Slow However, With Great Perfomance, The Sky Is The Limit Here.",Safaricom
Network Administrator,5.0,2024-05-21,"Current contractor, more than 1 year",Great Benefits Good Work Environment,None None None Nil None Nil,Safaricom
Senior Data Analytics Engineer,5.0,2024-05-01,"Current employee, more than 8 years",Safaricom Remains The Best Employer In Kenya,Just Come Here With A Good Salary And Some Good Experience,Safaricom
It Intern,4.0,2024-04-30,Former intern,"Good Working Conditions, Interesting Projects",Low Pay. Chances Of Meeting Other Teams In Oder To Pivot Are Low.,Safaricom
Middle Ios Developer,5.0,2024-04-27,"Current contractor, more than 3 years",Great Team To Work With,There Is A Large Team And A Lot Of Departments,Safaricom
Client Relationship Executive,5.0,2024-04-25,Former employee,Great Employer Well Being Health Wise Well Taken Care Off,None Great Place To Be At,Safaricom
Accounts Assistant,3.0,2023-11-29,"Current employee, less than 1 year","Career Development: Large Companies Like Safaricom Often Provide Structured Career Development Programs, Training Opportunities, And Paths For Advancement. This Can Be Beneficial For Employees Looking To Grow And Advance In Their Careers.","WorkLife Balance: In Industries With High Demand And Competition, Employees May Experience Challenges In Maintaining A Healthy WorkLife Balance. Long Hours And Tight Deadlines Could Be Common, Particularly In Certain Roles.",Safaricom
Systems Administrator,4.0,2024-03-25,Current employee,The Exposure Is Great. You Get To Learn A Whole Lot.,Be Ready To Be On Call.,Safaricom
Radio Access Network Engineer,4.0,2024-04-11,Current employee,FlexiWorking Hours For It'S Employees,Limited Growth For Men Employees,Safaricom
It Assistant,5.0,2024-04-08,Current employee,The Company Offers Competitive Compensation,None That I Can Remember,Safaricom
Software Engineer Intenship,3.0,2024-04-13,"Former intern, less than 1 year",Competitive Salary For Fulltime Employees.,Interns Aren'T That Well Compensated And Managed.,Safaricom
Marketing Intern,4.0,2024-03-26,Former intern,I Loved The Learning Process,You Are Not Necessarily Absorbed After The Internship,Safaricom
Product Manager,5.0,2024-04-01,Former employee,Good Working Environment Great Remuneration,Sometimes There Is A Lot Of Pressure,Safaricom
Senior Software Developer,3.0,2024-04-02,"Former employee, more than 1 year",Good Technology And Learning Experience,Lack Of Work Life Balance,Safaricom
It Technician,5.0,2024-03-28,"Current employee, more than 1 year",Better Pay And High Allowances,Tiresome If You Are New,Safaricom
Chef,2.0,2024-03-18,Former employee,Unique Environment And Foods And Drinks,Expensive Cold Insecure Cold Insecure,Safaricom
Direct Sales Representative,5.0,2024-03-13,"Former employee, more than 3 years",Manage Your Time Effectively And Effeciently,Some Time There Might Be Downtime,Safaricom
It Technical Support Specialist,1.0,2024-05-22,"Former employee, more than 3 years",Good Working Environment To Work,No Learning Different Thing Ever,Safaricom
Business Development Manager,5.0,2024-03-15,"Former employee, more than 1 year",Wonderful Environment For Growth Of Anyone,The Salary'S Or Incentives Can Be Better,Safaricom
Marketing,1.0,2024-05-16,Former contractor,It Was A New Experience.,It Was An Exhausting Work Environment.,Safaricom
Tdr Trade Development Representative,4.0,2024-03-04,Former employee,The Pay And The Benefits Are Good,Favourable For Permanent Employees But Not Contracted Employees,Safaricom
Anonymous Employee,5.0,2023-12-20,Current employee,Opportunities For Learning And Growth. Uses Agile Methodology. Good Bonus. Opportunities To Innovate And Gain From The Products.,Annual Raise Not Guaranteed Despite Good Performance.,Safaricom
Band H,4.0,2024-02-03,"Current employee, more than 8 years","Good Health Cover, Strong Brand","Growth Through Alignment, Salary Harmonization Not Favoring Old Employees Who Are Consistent Top Performers, No Job Security These Days",Safaricom
Program Director,5.0,2024-02-27,Current employee,It Is A Healthy Work Environment,Growth May Be Very Stunted,Safaricom
Enterprise Risk Management,5.0,2024-02-24,"Former employee, more than 8 years",Great Benefits And Work Culture,Long Tenure Risk Of No Growth,Safaricom
Digital Marketing,3.0,2024-02-11,Former employee,Lots Of Creative Outlets And A Diverse Range Of Work.,Too Much Going On At Times,Safaricom
Accounts Receivable,5.0,2024-02-21,Current employee,"Better Remuneration, Good Working Environment","Non To My Knowledge, Nothing Much",Safaricom
Microservices Developer,5.0,2024-02-13,Former employee,Work From Home Hybrid Model,Too Many Scrum Meetings In Way From Actual Work,Safaricom
Product Designer,4.0,2024-02-16,Former employee,It Was A Great Company,"Like Any Other, You Can'T Be All Great",Safaricom
Financial Services Intern,3.0,2024-01-31,"Former employee, more than 1 year",Friendly Talent Who Are Ready To Assist And Mentor,Lack Of A Clear Progression From Intern To A Full Time Position,Safaricom
Human Resources,5.0,2024-01-24,"Former employee, more than 1 year",Good Leadership In The Hr Department,Really Big Company Where You Can Feel Like You'Re Making A Small Impact,Safaricom
Human Resources Specialist (Hr Specialist),5.0,2024-01-28,"Former employee, more than 1 year",There Is Opportunity For Career Progression,Nothing Specific For Safaricom Company,Safaricom
Machine Learning Engineer,4.0,2024-01-12,Current employee,Great Networks And Women Who Empower Women,You Might Plateau If You Are Not Proactive Enough,Safaricom
Cloud Support Engineer,4.0,2024-01-22,"Former employee, more than 1 year",Employee Career Advancement And Support,Strict On Bonus To Be Paid,Safaricom
Quality Assurance,5.0,2024-01-11,Former employee,Good Work Environment That Was Friendly,You Need To Always Be On Your Toes,Safaricom
Junior Data Analyst,5.0,2024-01-11,"Former employee, more than 1 year",It Is A Hybrid FullTime Position,Low Compensation Lots Of Work,Safaricom
Senior Manager International Business,5.0,2023-12-17,Current employee,Purpose Led Organization That Is Great To Work For,Do Not Have Any Cons,Safaricom
Janitor/Cleaner,2.0,2024-01-09,"Former employee, more than 1 year",N/A N/A Nothing To Say,Nothing In Particular To Say About The Company,Safaricom
Software Engineer Intern,5.0,2023-12-30,"Former intern, less than 1 year",Good Mentorship Flexible Work Hours Good Work Benefits Good Pay,No Cons In The Program,Safaricom
Technical Support Engineer,4.0,2023-11-11,"Current employee, more than 3 years",Nice Bonus And Overtime Allowances Always Guaranteed. Car And House Allowance,Alot Of Work You Must Meet The Target Service Level Agreement,Safaricom
Chief Technology Officer (Cto),5.0,2023-12-04,Current contractor,Good Team Work Experience In General,Working Hours Are Not So Flexible,Safaricom
Principal,5.0,2023-10-26,Current employee,Good Salary And Benefits In The Company.,"Full Time Job, And It Does Not Allow Free Time.",Safaricom
Graduate Engineer Trainee,4.0,2023-12-04,"Former employee, less than 1 year",Good Working Environment For New Employees,Fast Paced Working Environment That Requires Fast Adoption,Safaricom
Support Analyst,4.0,2023-11-17,"Current employee, more than 3 years","Hybrid Way Of Working, Medical Cover,",Staganating In A Position For Too Long,Safaricom
Market Researcher,4.0,2023-11-30,Current employee,The Best Employer In Kenya,Bad Work Culture And Environment,Safaricom
Enterprise Support Engineer,4.0,2023-10-21,"Current employee, more than 1 year",Alot Of Opportunities To Grow,Salaries For Engineers Do Not Align With The Work Load,Safaricom
Online Chat Agent,5.0,2023-10-19,"Former employee, more than 3 years","Ability To Work From Home, With Decent Benefits, Especially For An African Company",The Work Load Can Be Hectic With Helicopter Supervisors,Safaricom
Sales Officer,3.0,2023-10-18,"Current employee, more than 1 year",A Great Company To Work For.,High Transaction Costs In Everything They Offer.,Safaricom
Chat Moderator,4.0,2023-11-07,"Former intern, less than 1 year",Great Benefits Like Health Insurance,Long Working Hours And Little Pay,Safaricom
Principal Engineer,4.0,2023-10-13,"Current employee, more than 8 years", Great Culture  Hybrid Working Model Career Growth, Fast Paced Environment  Room For Improvement On Compensation,Safaricom
Software Development Engineer (Sde),5.0,2023-10-31,Current contractor,Best Employee Welfare In Africa,Getting In Is Quite Competitive,Safaricom
Scrum Master/Agile Coach,4.0,2023-10-03,Former employee,"Communication Bills Paid Eg Phone, Home Connection To Fibre, Data","Huge Company With Many Employees, Opportunities To Grow Diminish",Safaricom
Merchant Support,4.0,2023-09-09,"Former contractor, less than 1 year",Good Leadership Departmental Scrums Accommodative,Sometime The Pressure Can Be Too Much Though Manageable,Safaricom
Intern Engineer,5.0,2023-06-06,"Former intern, less than 1 year","Sufficient Training For Interns, Good Supervision By Team Leaders.","Low Probability Of Immediate Hiring After Internship, No Extension After Expiry Of Term. Stipend Was Low Ksh 20K Per Month In 2019 Considering Rent, Lunch And Commuting.",Safaricom
Chief Executive Officer (Ceo),4.0,2023-09-28,"Current employee, more than 3 years",Good Company Flexible Hours. Good,Minimal Pay. They Can Do Better On Benefits Too,Safaricom
Product Owner,4.0,2023-09-20,"Former employee, more than 3 years","Great Culture, Open Dress Code, Excellent Healthcare Benefits","High Pressure Environment, Several Projects Running Concurrently",Safaricom
Big Data Engineer,4.0,2023-07-21,"Former employee, more than 3 years", State Of The Art Architecture And Tech  Interesting Products That Impact Alot Of People  Skilled Colleagues, Micro Management  Slow Rate Of Adoption On Proper Dev Practices  All About The Bonus Baby!,Safaricom
Analysts,5.0,2023-09-09,"Current contractor, more than 1 year","Good Benefits, Best Pay, Good Medical Cover",Not Sure About The Cons,Safaricom
Is Intern,4.0,2023-08-28,"Former intern, less than 1 year",Opportunities To Learn And Grow Your Skills,You Can Easily Be Overwhelmed,Safaricom
Ict Officer,5.0,2023-07-17,"Current employee, less than 1 year",Its One Of The Giant Tech Company With Excellent Technology Techniques Skills In Ict,Response Time Is Abit Low,Safaricom
Customer Care Executive,5.0,2023-08-11,"Former employee, more than 3 years",Great Benefits Like Medical Insurance And Staff Transport,Heavy Work Load On A Daily Basis,Safaricom
Sales Manager,4.0,2023-08-08,Current employee,The Company Offers Good Remunerations To Its Employees,The Allowances Are Mostly For Senior Management,Safaricom
Security Guard,5.0,2023-07-14,"Former employee, more than 8 years",It Connects All People In The World 🌍,"Unites, Educates Supplies And Moderate Development Of Skills",Safaricom
Pricing Analyst,5.0,2023-06-21,"Current employee, more than 10 years",Company Is Quickly Growing Into A Tech Company,Handling Too Many Things Hence Sometimes You May Be Overwhelmed,Safaricom
Accounts Clerk,4.0,2023-08-12,"Former employee, more than 3 years","Nice And Friendly, I Enjoyed","Nothing Much, For Cons Here",Safaricom
Senior Graphic Designer,5.0,2023-07-26,"Current contractor, more than 1 year",A Good Working Place To Advance In Your Career,You Have To Be Fast And Creative,Safaricom
Sales Represenative,4.0,2023-08-08,"Former contractor, more than 1 year",Great Team Work Peaceful Working Environment,Low Pay Pressure To Deliver,Safaricom
Fixed Support Central Dispatch Engineer,5.0,2023-05-30,"Current contractor, more than 1 year",. Provides You With A Platform For Growth . Provides You With A Variety Of Career Choices To Explore . Good Working Environment,I Can Say None At The Moment,Safaricom
Sales Agent,4.0,2023-08-02,Former employee,Has A Good Work Environment,No Cons From The Time I Was There,Safaricom
Cloud Engineer,4.0,2023-07-24,"Former employee, more than 1 year","Good Bonuses , Good Salary Overall Good Experience",Poor Work Life Balance While Working There,Safaricom
Software Engineer Ii,4.0,2023-07-22,"Current employee, more than 3 years",Work Life Balance. Engineers Have Opportunity Of Growth,Sometimes There Can Be Alot Of Pressure.,Safaricom
Solution Architect,4.0,2023-07-18,"Current employee, more than 1 year",Not So Bad Salary Compared To Local Standards,Too Hectic With Little Life Work Balance,Safaricom
Computer Programmer,5.0,2023-07-16,"Current employee, more than 3 years",Nice Place To Work At Best Experience,Apply A Job As It Is The Best,Safaricom
Soc Engineer,4.0,2023-07-15,"Current employee, more than 3 years",It Can Change With Time,It Increases Salary With Performance,Safaricom
Customer Experience Specialist,4.0,2023-06-28,"Former contractor, more than 3 years",Good Place To Work Generally.,In The Customer Service Department There Are No Growth Opportunities.,Safaricom
Customer Sevice Specialist,1.0,2023-08-31,"Current employee, more than 1 year",Good Working Culture Some Opportunity For Growth,Low Salaries Compared To The Work Load And Other Companies,Safaricom
Sales Intern,5.0,2023-06-28,"Former freelancer, less than 1 year",Company Is Great To Work For.,No Cons As Of Right Now.,Safaricom
Analytics Manager,3.0,2023-06-08,"Current employee, more than 8 years",Good Experience And Great Colleagues,"Too Much Work,, Growth Is Hard And Pay Is Just Average",Safaricom
Financial Controller,4.0,2023-06-16,"Current employee, more than 8 years",Career Advancement Is One Of The Advantages Working Here,There Is None At The Moment,Safaricom
End User Support,5.0,2023-06-16,Former contractor,Good Working Environment All Around The Company,Pressure In The Company Is Everywhere,Safaricom
Communications,3.0,2023-06-03,Current intern,It Is All Inclusive With An Heterogeneous Environment,Response Is Quite Slow From The Customer Care.,Safaricom
Financial Services Representative,5.0,2023-03-13,"Current intern, less than 1 year",Equip Interns With Necessary Financial Skills To Tackle Day To_ Day Problems Associated With Lack Of Transparency In The Business Sector,Focus Too Much On Details Hence Requires Serious Attention.,Safaricom
Saler Support,5.0,2023-04-18,"Current employee, more than 5 years",There Network Is The Best And It'S All Over The Country,Some Times They Delay On Payment.And They Should Provide Umbrellas During This Rainy Season,Safaricom
Frontend Web Developer,4.0,2023-05-19,Current employee,Diverse Environment To Work On,I'M Still New At The Place,Safaricom
Category Sourcing Manager,5.0,2023-05-10,"Former employee, more than 8 years","Learning And Development, Medical, Sense Of Purpose","Too Much, Slow Career Growth",Safaricom
Head Of Technical,5.0,2023-05-09,"Former employee, more than 3 years",Its Well Organized In Comparison To Most Of Local Based Organizations,None In Comparable So Far Denoted,Safaricom
Sweeper,3.0,2023-05-16,Current contractor,Nice Company To Work For Or With.,High Charges On Customers. Many Customer Complaining,Safaricom
Treasury Intern,5.0,2023-05-05,Former intern,Good Pay And Benefits: Health Insurance And A Stipend,Maybe Busy And Demanding At Times,Safaricom
Dealer Relationship Manager,3.0,2023-03-28,"Current employee, more than 3 years",Premium Health Insurance Generally Fair Working Conditions Supportive Colleagues,"Discrimination, And Harassment From Top Management Rampant Career Progressions Exchanged For Sexual Favours",Safaricom
Tech Leader,5.0,2023-05-03,Former employee,Active Collaboration With Team Members,Not Remote Friendly For People Outside The Country,Safaricom
Hod,5.0,2023-03-15,"Former employee, more than 5 years","Excellent Work Environment, Innovation Culture, Great Perks And Benefits",Intense Environment That Can Lead To Burnout And Chronic Fatigue,Safaricom
Fullstack Developer,5.0,2023-05-03,"Current intern, less than 1 year","Staff Training , Great Salary",It Has Less Benefits To Offer.,Safaricom
Network Intern,4.0,2023-04-21,Former intern,Training And Certification Courses Provided,There Might Be Long Hours Of Work Sometimes.,Safaricom
Integrations Engineer,5.0,2023-01-24,"Current employee, more than 5 years","Autonomy To Deliver If You'Re Lucky To Get A Manager Who Doesn'T Micromanage, Opportunities To Show Case Your Talents And Grow Your Craft.",Hard To Achieve Work Life Balance So You Need To Get Used To Saying No So That At Least You Can Spare Time For Yourself.,Safaricom
Paid Ads Specialist,5.0,2023-03-02,Current employee,Lots Of Opportunities To Grow And Company Culture Is Amazing,"Repetitiveness Projects Are Similar, Its More Of An Advantage But I Like New Challenges And Currently Working With The Front End Team",Safaricom
Database Administrator (Dba),3.0,2023-04-03,"Former employee, more than 1 year",Really Awesome Work Environment For Everyone,No Remote. Only Onsite When I Was There. Might Have Changed.,Safaricom
Social Media Manager,5.0,2023-04-12,Current employee,Get Good Working And Market Experience,Very Demanding And Fast Paced Environment,Safaricom
Tech Support Engineer,5.0,2023-04-13,"Current employee, more than 5 years",Nice Place To Work In,You Need To Be Up To The Task,Safaricom
Asm (Area Sales Manager),4.0,2023-04-04,"Former employee, more than 3 years",Good Experience And Great Exposure,Corporate Politics And A Lot Of Pressure,Safaricom
Junior Software Engineer,5.0,2023-02-20,"Former temporary employee, less than 1 year",Availability Of Experienced Personnel Who Are Always Ready To Help You Grow,"Long Working Hours, Definitely Worth It",Safaricom
Communications Manager,4.0,2023-03-26,"Former employee, more than 1 year",Great Work Experience And Lovely Teams.,Too Many People Working Here.,Safaricom
Ict Manager,3.0,2023-03-15,"Current employee, less than 1 year",Build Career In It Industry,Great Knowlodge In Coding World,Safaricom
Field Sales Representative,3.0,2023-02-03,"Former contractor, more than 3 years",Best Company Ever . Pocket Friendly,Allot Of Task Allocation . Overtime Working,Safaricom
It Business Analyst,4.0,2023-02-13,"Former contractor, more than 1 year","Flexible Working Schedule, Employees Enjoy Working From Home With A Hybrid Approach.",All Employees Should Have Same Experience Whether On Contract Or Permanent.,Safaricom
Customer Care,5.0,2023-02-03,"Current employee, more than 1 year",They Pay Well And Take Care Of Their Employees,There Is None So Far So Good,Safaricom
Direct Sales Agent,3.0,2023-03-12,Former contractor,Commission Based And Pays On Time,Nobody Cares About Your Mental Health,Safaricom
Marketing Specialist,3.0,2023-02-23,"Former employee, more than 3 years","Great Benefits, Good Pay, Rewards And Recognition","Poor Culture, Too Much Beaucrocracy",Safaricom
It Support,4.0,2023-02-14,"Former employee, more than 3 years",God Benefits And Exposure To Latest Technologies,Long Working Hours And Average Pay,Safaricom
Ui-Ux Designer & Graphics Designer,4.0,2023-02-09,Current contractor,Proximity To Home Because I Live Closer,The Work Is Too Complicated To Be Explained,Safaricom
Vas Support Engineer,4.0,2022-12-28,"Former intern, less than 1 year",Stipend Work Environment Training Office Infrastructure Great Colleagues,Workload Short Contract Recognition Of Young Talent Pressure Intern Stipend Should Be Reviewed,Safaricom
Supervisor,2.0,2023-01-30,Former employee,Share Some Of The Best Reasosns Of Working There,The Pressure From The Staff And Management Was Too Much,Safaricom
Data Base Administrator,2.0,2023-02-03,"Former employee, more than 3 years",Very Interesting And Exposure In The It And Telecom Industry,Time Consuming But Rewards With Overtime Worked,Safaricom
Graduate Management Engineer,3.0,2023-02-12,"Former employee, more than 1 year",Eating Out Often At Fancy Restaurants,Hr Was Playing With People'S Emotions,Safaricom
Software Engineering,5.0,2023-01-21,Former contractor,Very Good Work Environment And Culture.,Not As Flexible And Can Be Hard To Keep Up,Safaricom
Senior Engineer,5.0,2022-12-26,"Current employee, more than 5 years",Permanent And Pensionable. Great Employee Welfare Adequate Medical Cover,Wage Should Be Reviewed To Match Salaries In Same Tier Companies,Safaricom
Business Data Analyst,5.0,2022-12-06,Current employee,Employee Motivation Great Perks Management Is Accommodative,The Company Operates In A Few Countries Only,Safaricom
Discover-Graduate Program,5.0,2022-12-13,Current employee,There Is Room To Grow In Fields Youve Never Been Exposed To,Idle For Months When You Start,Safaricom
Financial Analyst,4.0,2022-12-31,"Former employee, more than 3 years",You Are Assured Of Career Growth In The Profession,None I Am Aware Of,Safaricom
Head Of Research,5.0,2022-12-19,"Former employee, more than 3 years",Exposure To International Working Practices And Ethics,No Overtime Pay For Managerial Level And Above.,Safaricom
Data Manager,5.0,2022-12-19,"Current contractor, less than 1 year",Located At A Convenient Place Near The Cbd,Not Really Good Work Life Balance,Safaricom
Accounts Intern,5.0,2022-11-21,"Current employee, more than 1 year","Prestige, Hires The Best, Is On Average Better Than Most Employer",Very Hard Entrance Exams And Interviews,Safaricom
Senior Manager Enterprise Service Delivery,5.0,2017-10-02,"Current employee, more than 10 years",Great Place To Work. Challenging And High Performance Culture. The Company Places Great Emphasis On Employee Well Being. The Company Invests In Top Class Training For Its Employees.,Very Competitive And The Downside To This Is That Company Politics Often Impedes Better Performance. Very Low Turnover And So There Are Very Few Opportunities To Grow. Cut Throat Culture Often Means That It Is Survival For Fittest.  Fix The Procurement To Make Sure We Get Value For Money,Safaricom
Principal Radio Planning Engineer,3.0,2015-10-18,"Current employee, more than 3 years","It'S A Company Where The Brightest Minds Are, Great Workplace Culture And Values. Everyone Knows Their Purpose And Value And Essence Of Working Towards A Goal. Team Based Structure Is A Great Way To Work. Young And Energetic Team Structure. Anyone Gets To Gain Great Work Experience And Appreciation Of Team Effort.","Pay Is Below Industry Standard, Not Unless You Come From Outside The Organization. Bonus Is Measly Considering It Is The Most Profitable Company In East And Central Africa. Relationship Based Work Ethic Means That Knowing Someone Gets The Job Done Better Than Following Process. While Team Structure Is Great...It'S A Disadvantage For A Big Team As Growth Is Slow/Impossible. Politicking Is Rife, With Many Growth Positions Based On Political Alignment, Favouritism Rules!",Safaricom
Retail Analyst,2.0,2015-11-26,"Former employee, more than 3 years","Free Airtime And Great Medical Cover, There Is Alot Of Tea In Safaricom,","Bureaucracy ,Poor Pay, Favouritism,No Growth Plan,Qliques Of Big Fish Small Fish And No Fish ,Mkubwa This,Cosmetics To Boss,The Boss Is Everything, Uniform Especially For Front Serving Representative",Safaricom
Mid Level Manager,3.0,2018-04-19,"Current employee, more than 5 years",Great Exposure In Terms Of Learning Opportunities Both Through Formal Training As Well As On The Job Learning.,"Hierarchical To A Fault With A Lot Of Bureaucracy Evidenced. A Culture Of Fear, The Response To Mistakes On The Job In Many Departments Are Very Punitive,  Lack Of Accountability And A Lack Of WorkLife Balance Despite A Lot Of Lip Service On WorkLife Balance Every Other Year, Lack Of Growth Internally, Silo Way Of Working With A Lack Of Involvement In Decision Making By Senior Management.",Safaricom
Human Resources Officer,2.0,2011-01-07,Current employee," Policies And Procedures Are Clear. This Protects The Employees  Great Benefits Medical, Esop, Training  Great Opportunities To Learn. Having Worked At Safaricom, One Can Work In Any Environment And Comfortably Handle The Pressure"," Often Overworked And Sometimes The Pay Is Not Adequate  Bad Leadership. Managers Operate Like They Have Little Kingdoms  Tribalism In Appointments And Promotions Especially Hr, Finance, Retail And Risk Departments  Culture Of Blame Game",Safaricom
Security Controller,2.0,2019-10-05,"Current contractor, more than 3 years","Free Calling While At Work. Possible To Do LongDistance Learning During Night Shifts No Defined Job Valuation Requirement [Yet], E.G. Kpis, Spis, Like Permanent Staff Fair Pay [Though Meagre] Autonomous Working/Valued Opinion, I.E. Controller'S Deduction On Op Issues Is Occasionally/Often Valued  & Actioned Upon By Mgt.",Long Working Hours At Low Pay . Lack Of Growth Opportunities Lack Of Motivation From Leadership Lack Of Allowances Controlled Wifi Access No Special Training Facility Before One Deploys. Lack Of Adequate Support From Leadership,Safaricom
Senior Manager - Retail Transformation,5.0,2016-01-13,"Current employee, more than 8 years","It Is The Most Profitable Company Which Is Very Innovative Hence Is Very Dynamic. It Has Very Good Benefits, Cares For The Employees As Well As Transforms People'S Lives And Remunerates Very Well.","One Has To Be Very Fast In Turn Around Hence If Not, You Could Miss The Bus. Is A Company With A Regional Structure And Any Employee Can Work Anywhere Countrywide Which May Affect Some Families.",Safaricom
Ipcc Engineer,5.0,2021-02-19,"Former employee, more than 3 years","Safaricom Is A Great Place To Work, You Get To Manage Your Time And Work Items, No Micromanagement. You Get To Fully Own Your Space And Make Engineering Decisions As You See Fit. I Loved It. The Benefits Are Very Decent. There Is Job Security.","The Work Can Be Overwhelming, Depending On The Team You Land On. Career Growth Is Very Limited And Involves Switching To Management.",Safaricom
Senior Management,3.0,2014-10-17,"Former employee, more than 3 years",The Company Really Tries To Take Care Of Its Staff By Giving Salary And Benefits That Are Top Notch.,A Company Is Only As Good As Its Employees. It'S A ManEatMan Culture And If Your Not Willing To Play The Game Then You Will Get Pushed Out. No Apologies Made. Work Life Balance Is Difficult To Achieve Because Of The Work Load.,Safaricom
Corporate Ressponsibility,5.0,2016-11-08,"Current intern, less than 1 year","It Has The Best Working Environment.It Is Corruption Free, Everyone Is Treated Equally Irrespective Of Titles. It Is Passionate On Sustainability And Thus Strives To Ensure That All Goals Are Met.",Internship Is Not A Guarantee For Job Consideration In The Company. This Is Probably Because Of The Need To Provide Vacancies Of Internship To Others.,Safaricom
Procurement Intern,5.0,2012-10-28,"Former intern, less than 1 year",Great Positive Energy Amongst The Staff Team Work And Group Support Highly Valued Respect For People Fun Activities That Facilitate Bonding Like The Tgif'S And Staff Competitions Free Airtime!,"Unless One Creates The Cons, I Believe The Environment There Is Good Enough For One To Srive In Their Career",Safaricom
Training Coordinator,3.0,2015-05-08,"Former employee, more than 1 year",Helps Me Interact With Alot Of People And Also Helps Me To Help People In Anyway I Can.It Feels Well To Go Home Knowing You Have Helped Someone.,"When There Are Is Alot Of Pressure And I Need To Get My Work Done In Time And I Have Not Done That, It Makes One Feel Like You Are Doing Nothing.",Safaricom
Consulting Hardware Engineer,3.0,2020-01-29,"Former contractor, more than 1 year",It Was A High Pressure Environment In Which I Learned A Lot And Developed Confidence As A Software Engineer.,"We Were Always Fighting To Survive And Getting Late Salaries Because The Main Company Disliked Us, Viewed Our Innovation Work As Disruptive To Their Business And Saw Us More As Competition Than Collaborators With Future Of The Company In Mind.",Safaricom
Sales Executives,3.0,2012-07-23,"Former contractor, more than 1 year",A Great Opportunity To Meet Some Of The Telecommunications Industry Best Brains And Networking Opportunities The Organization Offers,"Very Hard Nearly Impossible To Break The Ceiling, Appraisal System Needing Esp For The Business Units",Safaricom
Technology Academy,5.0,2022-01-31,"Current intern, less than 1 year",Best Place To Work For As An Intern. It Opens More Trust From Your Future Employers.,"It Gives The Perception Of Going To Big Companies After The Program Microsoft,Google Etc Therefore Committing Career Seucide When Those Opportunities Are Not Found.",Safaricom
Project Deployment,4.0,2016-06-08,"Former intern, more than 1 year","It An Organization With Opportunities To Develop My Skills, Taking On Interesting Projects And Work With People I Can Learn From.",Trying To Recall Of One And The Only Cons Is The Pressure Which Is An Element To Deliver The Best.,Safaricom
Telecommunications Engineer,4.0,2010-02-24,Former employee,Good Benefits Good Career Development Prospects Good WorkHome Balance Flexibility In Work Schedules In Some Departments Good Corporate Service Responibility Practices,"Politics In Management Politics In Promotions Some Employees Overwork, Some Underwork And Earn Same Salaries Tribalism Is Practiced In Many Departments",Safaricom
Management Engineer,3.0,2011-12-20,Current employee,"Great Place To Access Training Opportunities, Great Benefits, Good Working Environment, Good People. Great Place To Learn All Telecom Implementations.",Rising The Ranks In The Company Is Hard Due To A Grading System Of All Employees. This Leaves Employees Frustrated,Safaricom
Core Network Engineer,2.0,2015-08-06,"Former employee, more than 5 years",There Are Large And Good Teamwork And Diversity As Well As Large And A Good Number Of Facilities Available For Employees In All Departments,Safaricom Has One Of The Biggest Disparity In Salary And Bonus Including Other Incentives Across Functions And Levels In All Departments,Safaricom
Hrbp,5.0,2016-07-15,"Current employee, more than 3 years","Great Place ,Excellent Benefit,Innovative,Great Salary,Excellent Support,Work Life Balance,Full Of Opportunity,Biggest Brand,Purpose Beyond Profit,Market Leader .Great Leadership In Ceo, Strategic And Oprational Arms Well Defined","Dominant,Hierarchy,Trust Issue,Battling With Legacy And Cultural Issue, Salary Needs To Be Competitive,Diversity And Inclusion,Freedom To Express, Uncertainty With Too Much Changes",Safaricom
Retail Cee,5.0,2018-03-22,"Former contractor, more than 3 years","Great Working Environment Fair Compensation With Great Benefits Like Medical Cover Great Facilities..Eg Gym,Creche And Prayer Rooms Offers Free Transport To Call Centre Employees Extensive And Helpful In House Trainings Friendly And Very Professional Colleagues",Limited And Non Existence Career Growth Long Working Hours At The Call Center With No WorkLife Balance Highly Competitive And Very Political Biased Performance Development Ratings,Safaricom
Technical Project Manager,4.0,2016-08-12,"Former employee, more than 1 year","The Experience Is Most Valuable, I Learnt A Lot In The Few Months And Still Apply The Same Lessons At Work",The Work Hours You Put In Are Numerous And You Get A Skill Set That Is Unrivaled In The Telecommunications Field,Safaricom
Territory Account Executive,4.0,2020-10-21,"Current contractor, more than 5 years"," Good Working Environment, That Is, The Company Care About Employee Welfare, Health, Appreciate Current Trends Technology Revolution, And The Involvement In Sdgs Implementation.",So Far Everything Is Amazing About Working At Safaricom.,Safaricom
Enterprise Infrastructure,5.0,2019-05-12,"Current employee, more than 5 years","This Role Has  Alot Of Learning Opportunities .. Especially If You Are Planning To Do Your Ie Certification On The Network Side.  It Also Has Alot On Emphasis Of Systems That Provide Enterprise Services; All Scoped On Planning, Implementation And Support",Overworked But There Is Compensation On Overtime. Strict Deadlines That Are Dependent On Other Teams For Delivery.,Safaricom
Quality Analyst,2.0,2021-03-28,"Former employee, more than 3 years",Yearly Bonus  Work From Home  Great Training And Work Environment  Snacks And Tea For Breakfast  Free Courses By The Safaricom Business School  Gifts And Lunch During Special Occasions  Transportation,Contract Workers Are Overworked And Underpaid  Very Little Benefits For Contractors And No Job Security Very Little Room For Contractors To Grow In The Organization,Safaricom
Social Media Analyst,3.0,2015-03-23,"Former employee, more than 1 year","Good At Investing In Employees, Continuous Learning And Training Encouraged. Probably The Best Medical Cover By Any Kenyan Corporate.","Poor Remuneration, Especially For Lower Tier Employees. WorkLife Balance Heavily Compromised Especially For Call Center Staff.",Safaricom
Customer Experience Manager,5.0,2018-05-15,"Current employee, more than 5 years","A Good  Working Environment ,With Good Pay And Excellent Medical Cover With Vast Opportunities For Growth. There Is A Good Work  Life Balance And Great Team To Work With.",Nothing At The Moment .Thanks,Safaricom
Senior Manager,5.0,2020-02-18,"Former employee, more than 8 years","Culture, Values Work Life Balance, Benefits",A Typical  And Favorable Workplace To Create A Workaholics Especially If You Are Results And Execution Minded Person.,Safaricom
Sector Manager,4.0,2015-09-28,"Current employee, more than 5 years","Fast Paced Environment, Exciting And Always Changing.  Great People And Culture Of Super Achievers All Round.  Spacious Open Offices And Open Door Policies.  Transparency And Awards On Merit.  Quick To Respond To Feedback And Adopt To The Changing Market Environment", Flat Organisation Structure Making Little Room For Vertical Growth ,Safaricom
Government Affairs Manager,5.0,2017-10-15,"Current employee, more than 5 years","Innovative,  Vibrant Place To Work With Opportunities For Growth. Competitive Remuneration. Respected Brand.",The Rating Sysyem Is Okay Though I Think The Bonus Scheme Is Too Stingy. Promotions May Take A While And May Be Subject To Internal Politics,Safaricom
Support Lead,5.0,2022-09-25,"Current employee, more than 8 years"," Good Non Cash Benefits, Medical Cover, Pension Scheme, Gym Facilities Within The Office  Csr Projects Participation  Good Bonuses Based On Performance  Hybrid Working ", There Is Too Much Pressure To Deliver.  Working Long Hours Is Common. Salaries Not Aligned To The Market Rates For Similar Roles Elsewhere,Safaricom
Retail Customer Experience Executive,5.0,2020-08-23,"Current employee, more than 8 years","Sustainable Salary Non Monetary Services Eg Medical Insurance, Mortgage, Gym, Creche, Free Online Studies, Library Services Among Others",Growing From One Role To Another Is A Challenge Due To The Number Of Staff Looking Out For The Same Job. Competition Is Stiff,Safaricom
Anonymous Intern,5.0,2022-01-03,"Former intern, more than 1 year",You Will Get To Meet And Interact With A Vast Community Of Well Accomplished Individuals In All Fields Which Can Improve Your Career Immensely.,I Might Take New Guys A Long Time To Be Discovered And Promoted.,Safaricom
Computer Science Student,5.0,2016-09-04,Current contractor,"Safari Com Is One Of The Biggest Networking Company ,And Me Looking Forward To Doing This Job With You Is A Life Changing Opportunity N",Deported To A Different Town Could Be  A Downside Since It Will Need Someone To Start A New Life Elswhere,Safaricom
Data Science Intern,5.0,2020-07-10,"Former intern, less than 1 year",Training Is Great. Nice Culture. Work Life Balance. Very Skilled Staff To Learn From.,Getting A Permanent Placement Is Very Hard So I Would Not Recommend One To Take The Internship If You Are Expecting To Be Absorbed Permanently.,Safaricom
Information Security Analyst,5.0,2021-08-04,"Current employee, more than 1 year","I Enjoy Working Here. I Enjoy Working Here. I Enjoy Working Here,I Enjoy Working Here,I Enjoy Working Here.I Enjoy Working Here..I Enjoy Working Here.","All Is Well, Nothing Much To Say, All Is Well, Nothing Much To Say, All Is Well, Nothing Much To Say",Safaricom
Senior Manager Innovation,4.0,2014-12-15,"Current employee, more than 5 years",Great Exposure Freedom To Challenge Existing Practices And Conventional Thinking Great Support Mechanisms Good Career Development Opportunities,Corporate Politics Slow Decision Making Relying A Lot On Informal Relationships To Get Things Done Too Much Bureaucracy,Safaricom
Technology Analyst,5.0,2018-08-14,"Current employee, more than 1 year","Good Remuneration , Company Car, Airtime, Medical Cover","Bad Bosses In Case You Find One, No Opportunity For GrowthOld Gangs Are Not Going Away Anytime Soon.",Safaricom
Senior Officer,4.0,2021-11-01,"Current employee, more than 5 years","Good PreCovid Benefits, Work From Home","Most Of The Staff Benefits Were Eroded By Covid, No Structured Growth Opportunities, Long Work Hours",Safaricom
Route Salesman,5.0,2019-01-13,"Former employee, less than 1 year",Best Working Environment Great Benefits And Salary Best Innovative Ideas Best Customer Service,I Don'T Think There'S A Reason Not To Work At Safaricom,Safaricom
Junior Data Scientist,2.0,2019-03-22,"Former employee, less than 1 year",Compensation Is Decent Interesting Data Though Terribly Organised,"Terrible Politics, Lots Of Power Struggles And The Data Science Lead Really Doesn'T Understand What He'S Doing! Total Lack Of Intellectual Leadership.",Safaricom
"Manager, Operations",4.0,2022-02-19,"Current employee, more than 5 years",1. Room For Growth On The It Side 2. Bonuses Available 3. Yearly Salary Increment Available,1. So Much Pressure With Lots Of Work 2. Pay Is Based On Bands And Not The Profession Type,Safaricom
Human Resources Consultant,4.0,2017-01-24,"Former intern, more than 1 year",The Work Environment Is Very Favorable Both Physically And With The Team.,Safaricom Is A Pressure Cooker Of Sorts; Employees High Kpis,Safaricom
Bi Management,3.0,2014-10-22,"Current employee, more than 10 years",Good Working Environment And Starting Salary.,Lack Of Promotion After Working In The Same Department For So Long. No Increase In Salaries.,Safaricom
Integration Support Analyst,3.0,2021-12-14,"Former employee, more than 8 years",The Culture At Safaricom Is Friendly And Free.,In This Role You Must Work Extra Hours Due To The Nature Of Deployments That Are Usually Done During OffPeak Hours.,Safaricom
Acting Inbound Logistics Manager,4.0,2016-05-31,"Former contractor, more than 1 year","Great Bonus And Performance Review Process, Keen On Employee Trainings, Awesome Medical Cover And Successful Company To Work For.",Company Politics Take Centre Stage At Times.,Safaricom
Telecommunications (Oss) Engineer,5.0,2021-03-27,"Former intern, less than 1 year",There Is Great Exposure To The Industry. You Choose An Area Of Interest After Orientation Which Is Amazing Because You Get To Choose What You Want To Get Good At.,No Negative Experience. The Place Is Overall Great,Safaricom
Product Marketer,4.0,2021-12-02,"Former employee, more than 5 years",Good Job On Staff Welfare,No Career Growth. Stagnating In One Position For A Long Period Of Time,Safaricom
Enterprise Provisioning,4.0,2016-09-23,"Former intern, less than 1 year",Very Good Learning Environment,Too Much Workload To Interns Because The More Experienced Personnel Don'T Want To Provision Services On Simple Technology Eg Wimax,Safaricom
Principal Operations Officer,5.0,2017-04-19,"Current employee, more than 10 years","A Very Stable Company  ,Leader In The Telecommunications Industry","It Being A High Profit,The Expectations Are Equally High And Thus Work Life Balance Is Challenged",Safaricom
Retail Assistant - Customer Services,5.0,2020-02-14,"Current employee, more than 10 years",Good Salarly And A Wonderful Medical Cover,Shift Hours That Can Affect Work Life Balance,Safaricom
Women In Technology,5.0,2017-03-23,"Former intern, less than 1 year",The Practical Work Enabled Me Gain Experience In The It Field,It Is Hard To Be Invited For An Interview,Safaricom
Sales And Marketing,5.0,2021-02-17,"Former employee, less than 1 year",Very Good At Remuneration And Salaries That Can Make An Individual Grow,Have Short Contracts That Discourages An Individual Who Is Willing To Work For Longer Duration,Safaricom
Engineering Internship,4.0,2021-08-06,"Current intern, less than 1 year",Great Healthcare Medical Cover Cool Environment With No Disturbance  Warming Workmates That Are Really Cooperative,None So Far As I Have Enjoyed Doing My Work At Safaricom..I Wish They Would Keep Up Up There Good Work,Safaricom
Senior Devops Engineer,4.0,2022-10-14,Current employee,"Good WellBeing Of Workers, A Great Environment To Work.",Too Much Management And Management Might Not Be Qualified To Manage The Team They Are Managing. This Leads To Unnecessary Meetings.,Safaricom
Principal Human Resource Business Partner (Hrbp) Officer,4.0,2017-06-11,"Former employee, more than 1 year","Innovative, Ambitious, Integrity, IndustryLeading, CuttingEdge Technology","Improper WorkLife Balance, Staff Need More Exposure To Other Partner Environments.",Safaricom
Regional Sales Manager,3.0,2018-10-31,"Former employee, more than 5 years",It Is A Big Brand,Lots Of Corporate Politics And Employee Insecurity,Safaricom
Segments Manager,3.0,2020-01-18,"Current employee, more than 3 years","Stable Working Environment, Strong Brand, Skilled Manpower, Good NonCash Benefits","Feminism, No Growth Opportunities , Medium Pay, Cronyism,",Safaricom
Office Assistant,5.0,2022-01-11,"Current employee, less than 1 year",Supportive Supervisors. The Supervisors Are Always Helpful And Show Juniors Alot Of Support For Career Growth.,Long Hours. Introduce New Staff Events To Substitute For Long Work Hours.,Safaricom
Platinum Support Manager,4.0,2016-05-22,"Current employee, more than 5 years","Good Working Environment, Also A Great Culture Is Propagated Throughout The Entire Organisation","Growth Can Be Difficult, There Not Always Opportunities To Grow Vertically And Even Lateral Movements Are Limited",Safaricom
Business Development Associate,5.0,2017-01-17,"Former intern, less than 1 year",Awesome Benefits. Security For All Staff. Good Salary Gym At The Office Creshe For Parents With Young Children,I Cant Think Of Any Honestly.,Safaricom
Principal Internal Auditor,5.0,2017-03-28,"Current employee, more than 10 years",Best Employer In Terms Of Total Reward Given To Employee,I Can'T  Think Of Any At The Moment,Safaricom
Dealer Manager,5.0,2021-12-08,"Current employee, more than 5 years",Good Products Csr Big Brand Respected In The Market Marker Leader,A Bit Of A Stretch Due To High Number Of CustomersWork Life Balance Challenges,Safaricom
Softeware Engineer,3.0,2022-04-17,Current contractor,You Get To Enjoy Good Working Environment,"Salary Is Not As Good . I Still Think They Can Do Better. Sometimes Pressure May Be Too Much,",Safaricom
Quality Assurance Analyst,4.0,2018-07-19,"Former employee, more than 3 years",Its An Organization That Models An Individual To Prepare For The Global Corporate World,Work Pressure Can Take A Toll On Ones Health,Safaricom
Hr-Intern,5.0,2020-07-30,"Former intern, less than 1 year",Great Work Environment And Loads Of Perks,Difficulty Getting A Promotion To Very Senior Roles,Safaricom
Corporate Sales,3.0,2022-09-18,"Current employee, more than 5 years","Stable Employment Environment With Many Perks For Basic Pay, Medical, Leave Etc","Excessive Work Load Constant Evaluation ,Monthly, Quarterly Etc",Safaricom
Logistics Quality Assurance,4.0,2012-06-21,"Current employee, more than 3 years",Safaricom Has Many Growth Opportunities Which Subjects One Into New Challenges That Diversify Management Skills.,Day To Day Bottlenecks To Advance Onces Carrer Are Very Discoraging.,Safaricom
It Support Analyst,4.0,2014-02-03,"Current employee, more than 3 years",Very Many Opportunities To Learn And Get Certified,The Company Can Do Better For Technology Remuneration Packages,Safaricom
Bi Analyst,4.0,2015-02-22,Current employee,Working Environment Is Awesome Open Door Policy  Flexi Working Schedules Overall Package Is Good,Too Much Pressure That Can Drain You,Safaricom
Relationship Manager,4.0,2015-07-14,"Current employee, more than 5 years","Great Employer, Young And Creative Workforce, Freedom To Improve Your Work Lifestyle, Flexi Hours, Leader In Telecommunication Innovations,",Being A Large Company You Barely Get To Know Most Colleagues.,Safaricom
Call Centre Team Leader,4.0,2021-11-20,"Current employee, more than 10 years",Change Is Constant . Highly Innovative.,Growth Prospects At The Call Centre Are Few,Safaricom
Territory Account Manager,5.0,2021-12-05,"Current employee, more than 5 years","Great Work Environment, Culture And Employee Welfare.","High Pressure Environment, You Got To Keep Up With Ever Changing Trends In Telecommunications",Safaricom
Senior Manager Operations Engineering,5.0,2022-09-11,"Current employee, more than 10 years",They Have A Great Purpose Of Transforming Life,They Are Fairly Fine Only That There Is Need For More Employee Engagement,Safaricom
Systems Analyst,4.0,2019-05-14,"Current employee, more than 3 years",Best Employer In The Region,Heavy Work Loads And Immediate Managers Have Super Powers,Safaricom
Principal Analyst,4.0,2020-01-15,"Current contractor, more than 3 years",Great People Culture Pays Fairly Well The Higher You Rank Easy Dress Code,Too Many Levels Of Management,Safaricom
Call Center Customer Service Representative,5.0,2022-06-18,"Former employee, more than 8 years",It'S One Of The Best Employers.,Since Bob Collymore Past On Things Have Changed A Bit But Still One Of The Best Employers,Safaricom
Customer Service Associate,4.0,2022-11-11,Current employee,Safaricom Plc Has The Best Culture And Its Amazing Working With Such An Awesome Company,I Do Not Have Any Complains So Far,Safaricom
Finance Professional,5.0,2014-01-07,"Former employee, more than 5 years","A Great Working Culture, Great Exposure And Training, Challenging Work",Large Organization And Have To Ight For Your Own Space,Safaricom
"Senior Officer, Supplier Qualification And Contracts Management",5.0,2016-06-15,"Current employee, more than 5 years","Exposure To Best In Class Practices,Sound Policies And Knowledgeable Colleagues","Tight Deadlines, High Customer Expectations And Strict Adherence To Regulations",Safaricom
Products Development Engineer,3.0,2016-09-16,Former intern,You Get To Learn So Much From Interaction With The Talented Team.,You Drain All Energy Trying To Get The Best,Safaricom
Supply Chain,5.0,2017-09-06,Current intern,No Discrimination To Employees. Freedom Of Work And Motivation,Temporary Contracts To Graduates Who Need Jobs,Safaricom
User Experience Designer,4.0,2019-04-15,"Former employee, more than 1 year",It Is A Very Flex Place To Work And Learn,The Work Load Is Quite Hefty,Safaricom
Chief Executive Officer,5.0,2020-02-27,"Current employee, more than 1 year",Great Pay Great Staff Awesome Salary Perfect Compensation  Wonderful Staff,Glazzdoor Is Forcing Me Make This Review. This Is A Terrible Site For Review.,Safaricom
Ip Planning Engineer,5.0,2021-07-01,"Former employee, more than 8 years",Best Place To Learn And Grow,Process Process Process Makes Things Move Slower,Safaricom
Software Development Intern,3.0,2014-10-05,"Former intern, less than 1 year",Encouraged To Learn And Do Things Independently.,Huge Focus On Business At The Expense Of Career Development For Employees.,Safaricom
Intraoperative Neuromonitoring Tech,4.0,2019-02-16,"Current intern, less than 1 year",They Pay Well And Got Good Working Conditions.,Excessive Work At The Work Place,Safaricom
Stock Controller,3.0,2021-05-15,"Current employee, more than 8 years",Nice Working Environment 8Hrs Shift Medical Cover Commissions,Low Pay For The Lower Band Starting Salary Is $600,Safaricom
Coder,5.0,2022-09-14,"Current freelancer, less than 1 year",Best Working Environment And Acommodating Staff,May Be A Little Demanding To Balance Work And Social,Safaricom
Configuration And Support Engineer,4.0,2015-05-11,"Former employee, less than 1 year",Field Work Experience Was Well Organized,Interns Need More Time To Be Well Versed With The Engineering Section,Safaricom
Inventory Controller,4.0,2017-10-23,"Current employee, more than 8 years",The Organisation Gives Great Staff Benefits,Need For More Work Life Balnace,Safaricom
Nairobi,4.0,2017-12-17,"Current employee, more than 8 years",Additional Benefits Good Except Basic Pay For Experienced Guys.,Pressure At Work NonCommensurate To Remuneration,Safaricom
Customer Executive Officer,5.0,2022-04-04,"Current employee, more than 5 years",They Are Fair  Good Working Environment  A Lot Of Transparency,Been On Contact For Long Waiting To Be Confirmed,Safaricom
Graduate Electrical Engineer,5.0,2015-04-09,"Current employee, less than 1 year",Good Salary Package Environment That Encourages Innovation Continuous Growth,The Rate Of Growth From One Role To A Higher Role Is A Little Slow,Safaricom
Projects Officer,3.0,2016-01-05,Former employee,Great Place Nice Company  Team Work  Good Management,Not Bad Too Much Work  Big Company You Can Get Lost In,Safaricom
Cloud Solutions Engineer,5.0,2021-02-03,"Former intern, less than 1 year","1000 Bob Airtime , Free Medical Insurance , Gym , Free Breakfast, Free Lunch On Fridays",None. I Enjoyed The Experience,Safaricom
Senior Iot Engineer,4.0,2022-07-31,"Current employee, more than 10 years",Industry Exposure Learning Opportunities Health Cover,Slow Growth Politics And Bureaucracy,Safaricom
Personal Assistant,4.0,2019-03-26,"Current employee, more than 5 years",Keen On BottomLine Results You Must Perform,Not Very Secure If You Don'T Meet Your Kpis,Safaricom
Digital Customer Experience Manager,5.0,2020-12-24,Current employee,Great Telco Company That Is Innovative And Transforms Lives! Takes Great Care Of It’S Employees,Career Opporunities For Growth Is Limited,Safaricom
Qa Governance & Operations,3.0,2021-02-25,"Former employee, more than 3 years",Good Salary Good And Enough For Entry,A Lot Of Escalations On Your Table.,Safaricom
Applications Support Engineer,3.0,2022-05-04,Current employee,"The Company Has A Good Annual Bonus Company Offer Training For Staff Xmas Gift Airtime, Internet Subscription","Employees Work For Long Hours Few Engineers, Too Many Managers/Facilitators",Safaricom
Intern - Hourly,5.0,2015-04-26,"Former intern, less than 1 year",Free Working Environment  Full Of Competence,Workload At Times Due To Lots Of People To Serve,Safaricom
Kenya – Republic Of Kenya,3.0,2015-11-12,"Current employee, more than 10 years","Good Brand, TechSavvy, Real Societal Impact","Bureaucracy, Sometimes Lack Of Coordination Across The Organisation",Safaricom
Technical Consultant,5.0,2015-12-15,"Former contractor, less than 1 year","Fast Paced, High Pressure Environment","Employees Not Empowered, Silo Departments",Safaricom
Digital Product Manager,4.0,2020-08-20,"Current employee, more than 3 years",Interesting New Idea Come Through The Door All The Time,Slow Adoption Of New Ideas By The Business,Safaricom
Provisioning Engineer,4.0,2021-02-11,"Former intern, less than 1 year","Exposure To Technical Experience Good Employee Experience; The Resources; Study, Gym, In House Cafeterias",Very Difficult To Get A Permanent Position,Safaricom
Assistant Store Manager,3.0,2021-03-10,"Former employee, less than 1 year",It Was Flexible Working Hours,It Was Difficult To Track Frauds Especially The Mpesa Transaction,Safaricom
Software Engineer - Android,4.0,2021-10-18,"Current employee, less than 1 year",Great Experience Working At Safaricom Ever Lots Of Learning,There Are No Cons For Now In Safaricom,Safaricom
Tdr - Sales,5.0,2022-03-06,Current employee,"There Is More Of Learning From Different Races, Interactions Are More","Sometimes Customers Rudeness Lowers One Morale,",Safaricom
Fibre Technician,5.0,2022-03-15,Current employee,Safaricom Limited Is The Best Option,I'Ve Not Seen Anything Wrong With The Company,Safaricom
Senior Scrum Master,3.0,2022-08-22,"Current employee, more than 3 years","On The Job Training Across Industries While Working For One Company Ie. Fintech, Technology, Edtech, Healthtech, ECommerce",Little To No Work/Life Balance,Safaricom
Ass Treasurer,4.0,2012-07-25,"Current employee, more than 1 year",Growth Prospects Are Good And The Environment Is Nice To Work In.,Alot Of Work But Managable,Safaricom
Compliance Manager,3.0,2016-04-06,"Current employee, more than 5 years",Great Employer  The Medical Cover And General Employee Wellness,Could Increase The Benefits Awarded,Safaricom
Senior Customer Service Representative,3.0,2018-05-15,"Former employee, more than 5 years",Free Lunch When Working Overtime,The Company Gets Billions In Profit And Pays Poor Salaries.,Safaricom
Talent Acquisition Specialist,5.0,2019-04-11,"Current employee, more than 3 years",Big On Diversity And Inclusion In The Workforce,Can Be High Pressure If An Individual Doesn'T Manage Their Time Well,Safaricom
Capital Projects Business Partner,5.0,2019-10-23,"Current employee, more than 8 years","The Best Employer For Me, For The Last 8 Years","No Challenges Working Here,",Safaricom
Operations Team Leader,4.0,2020-10-18,Current employee,Many Opportunities For Personal Growth,Moderately Resistant To Culture Change,Safaricom
Network Officer,5.0,2021-06-29,"Current employee, more than 5 years",Working Environment Is Perfect And Calming,High Skills Required To Enter,Safaricom
Procurement Analyst,5.0,2022-01-04,Current freelancer,Timely Pay. The Company Does Their Payments On Time,The Company Has A High Rate Of Demotions,Safaricom
Networking Engineer,5.0,2022-01-12,"Current contractor, less than 1 year",Best Salaries In The Field Of Networking,Long Working Hours Which Includes Weekends,Safaricom
Business Executive,4.0,2022-07-06,Current contractor,Good Working Environment In Terms Of Renumeration And Amenities,Very Slow Career Advancement Because Of Internal Issues,Safaricom
Secretary,5.0,2022-08-14,"Former contractor, more than 5 years","Teamwork, Good Pr, Patriotism Medical Cover, Lunch",Long Working Hours Too Much Paperwork Too Many Calls,Safaricom
Radio Planning Engineer,4.0,2013-07-10,"Current employee, more than 5 years","Medical Allowance, Car Allowance, Hardship Allowance",Not Competitive Salary Compared To Other Firms In The Industry,Safaricom
Financial Advisor,5.0,2016-11-22,"Former intern, less than 1 year",Supportive  Opportunity For Growth Opens You Up,I Wish They Retained Me As A Permanent Employee,Safaricom
Ran,5.0,2019-07-24,"Former intern, less than 1 year",Conducive Work Environment And One Gains A Lot Of Practical Skills.,"You Have To Show Interest, Request Tasks.",Safaricom
Product Development,4.0,2020-01-26,"Former intern, less than 1 year",People Were Ready To Assist And Answer All The Question I Had.,The Traffic In Waiyaki Way,Safaricom
National Account Manager,4.0,2020-04-23,"Current contractor, more than 1 year", Very Good Benefits  Recognize Hard Work, Takes Long To Grow  Management Needs To Appreciate Their Teams More,Safaricom
Computer Systems Engineer,5.0,2020-10-08,Former employee,Employee Oriented Committed To It Customers Wellness Great Original Ideas Innovatveness,Lots Of Work On Ones Table,Safaricom
Senior Human Resources Officer,4.0,2021-01-11,"Former employee, more than 8 years","Benefits Are Very Competitive, Collaboration Amongst Employees",Need For Career Development Planning,Safaricom
Retention Manager,4.0,2022-01-06,"Former employee, more than 5 years","Good Work Environment, With A Diverse Team","To Some Extent, There Are Limited Growth Opportunities",Safaricom
Programme Analyst,3.0,2022-02-24,"Former contractor, more than 5 years","It Is An Okay Place, Never Missed My Salary","Too Much Pressure , You Can Suffocate",Safaricom
Senior Principal Developer,4.0,2022-04-06,"Current employee, more than 8 years","Good Organization Culture , Good Work Environment, Training Good, Teamwork, Innovation And Creativity And Others",Growth Is Slow  Organization Structure Not Flat,Safaricom
Procurement Officer,3.0,2022-04-18,"Former employee, more than 5 years",You Learn The Best In Class,It Is A Very Specialized Role Where A Person Handles One Category.,Safaricom
Operations Engineer,4.0,2022-05-14,"Current employee, more than 8 years",Considerable Salary. Many Benefits. Great Inclusion And Work Life Balance.,Initial Training Might Not Be So Comprehensive.,Safaricom
Staff Accountant,4.0,2022-07-15,"Former employee, more than 3 years",Good Remuneration Package For Its Empoloyees,Should Consider Increasing Employee'S Salaries At Least,Safaricom
Senior Product Manager,4.0,2015-07-22,"Current employee, more than 1 year","Very Supportive, Innovative And Market Leader In Many Fronts Especially Mobile Money","Robust, Decision Making Takes Time",Safaricom
Enterprise Service Desk Engineer,4.0,2016-03-03,"Current employee, less than 1 year",There Is Experience And  Reward,There Is Long Sitting Hours.,Safaricom
Retail Quality Analyst,2.0,2016-08-03,"Current employee, more than 10 years",It Is One Of The Best Companies In East Africa,There Are None That I Can Think Of,Safaricom
Remote Support Engineer,5.0,2017-03-09,"Former intern, less than 1 year","Good Environment, Training And Workmanship.","Long Sitting Hours, Few Relaxation Hours.",Safaricom
Customer Service Specialist,4.0,2019-06-13,"Current employee, more than 8 years",Good Rewards And Benefits  Perfect Employee Welfare,"Competitive Growth, Ears On Ground, Opportunities Upcoming",Safaricom
Talent Acquisition Intern,4.0,2019-08-05,"Former intern, less than 1 year","Good Experience. Gym ,Sauna, Diversity",Poor Career Progression For Young Graduates,Safaricom
Assistant Commercial Manager,5.0,2020-09-21,Former employee,Everything Is Streamlined And Well Organized.,"If You Are Not Fast Paced, You Will Be Left Behind.",Safaricom
It Incident Management Analyst,5.0,2021-04-12,"Current employee, more than 8 years",Best Medical Cover Working From Home,Too Hierachical. Lots Of Ideas Are Throlttled By Middle Level Mgmt,Safaricom
Data Analyst/Data Scientist,5.0,2021-09-14,Current employee,There Is A Gym Facility In The Office,The Company Requires People Who Are Exceptional Performers At Work,Safaricom
Senior Tech Lead,5.0,2021-12-21,Current employee,Mobile Money Leader.  Innovation. Great Culture. Training Opportunities. Career Opportunities Within Other Units,Operations In Kenya Only Though Expanding Regionally.,Safaricom
Student Intern,5.0,2022-01-15,"Current intern, less than 1 year",Experience Is Top Notch And Perfect For Young People,Working For Long Hours Per Day,Safaricom
Junior Graphic Designer,5.0,2022-10-20,"Current employee, more than 3 years",Excellent Medical Cover WellDefined Work Hours Professional Management StateOfTheArt Design Tools,Complex Coordination Between Different Departmental Teams,Safaricom
Ran Optimization And Planning Engineer,3.0,2016-11-01,"Current employee, more than 5 years",Job Security Medical Cover Work Environment Employee Engagement Facilities,Low Pay Management Silos Under Staffing Salary Disparity Talent Retention,Safaricom
Commercial Sales Consultant,4.0,2020-01-24,"Current contractor, more than 3 years",Good Work Environment For Employees,A Lot Of Pressure From Customers And Managers,Safaricom
Senior Accountant,5.0,2021-02-25,"Former contractor, more than 8 years",Ensures Employees Are Trained Adequately,Sometimes The Pressure May Be Too Much,Safaricom
Service Assurance Engineer,4.0,2021-03-01,"Former intern, less than 1 year",Very Interesting And Involves Critical Thinking,Lots Of Repetitive Work Done Weekly,Safaricom
Digital Experience Executive,5.0,2021-04-08,Current employee, Good Perks  Better Exposure, Growth Space Is Minimal,Safaricom
Cyber Security Consultant,4.0,2021-07-30,Current employee,Good Working Environment And Good Technology,Less Supervision From The Company,Safaricom
Call Centre Agent,5.0,2021-11-16,"Current employee, less than 1 year",Best Company With Good Payment,One Must Work Extremely Hard,Safaricom
Devops/Full-Stack Developer,3.0,2022-04-05,"Current employee, more than 1 year",Lots Of Learning. Colleagues Are Nice,Low Pay Org Structure Not Effecient,Safaricom
Marketer,3.0,2022-05-27,"Former temporary employee, less than 1 year",Good Salary  Promotion Of Duty,No Proper Review No Bonuses No Contract Renewal,Safaricom
Ip Engineer,3.0,2017-06-18,"Current employee, more than 5 years"," Good Company, Hard Working Employees, Good Teamwork!","No Career Growth, Esp. For Engineers, A Lot Stagnation...",Safaricom
Advertising Sales Or Data Entry,5.0,2019-02-25,"Current employee, more than 8 years",Your Just Wonderful And Wish To Work With You,So Far Haven'T Seen Any,Safaricom
Technical Enterprise Services,5.0,2019-08-30,"Former intern, less than 1 year","Good Working Environment, Great Colleagues, Helpful Managers, Great Healthcare.",Didn'T Work Long Enough To Notice,Safaricom
Senior Sourcing Engineer,5.0,2020-11-10,Current employee,Profitable When We Get Busy With Good Commission,Can Be Challenging During Busy Times,Safaricom
Ict,5.0,2020-12-01,"Former employee, less than 1 year",Good And Better And Great,Big Responsibility To All Workers And It'S Fun,Safaricom
Anonymous Temporary Employee,5.0,2021-02-06,Current temporary employee,Simple Transparent Honesty And Understanding Well,"Hardwoking , Generous , Smart , Outgoing , And Organized",Safaricom
Contact Center Team Leader,4.0,2021-03-06,"Former employee, more than 8 years", Employee Empowerment  Daycare  Fast Pace, It'S Challenging To Have A WorkLife Balance,Safaricom
Digital Media Executive,4.0,2021-06-28,Current employee,Best Employer In Kenya And,Bureaucracy And Highest Paid Persons Opinion,Safaricom
Technology,4.0,2021-08-04,"Former intern, less than 1 year",Game Room  Decent Pay  Opportunity To Learn,High Pressure Environment Especially When Dealing With Support,Safaricom
Risk Management,5.0,2021-10-19,"Former intern, less than 1 year",Payment Is Right On Time,You Are Not Fully Engaged,Safaricom
Project Management Intern,4.0,2021-10-30,"Former intern, less than 1 year",The Best Telecommunications Company And Good Working Environment,Challenging But Manageable Like Every Other Workplace,Safaricom
Social Worker,5.0,2021-11-20,"Former temporary employee, less than 1 year",I Like The Way The Organization Is Running,The Was To Cons At Experience,Safaricom
Customer Support,5.0,2022-04-12,"Former employee, more than 5 years","Pay, Relations With Colleagues And Management.",Working Hours Are Usually Tricky In Maintaining Work/Life Balance.,Safaricom
Site Administrator,5.0,2022-04-19,Current employee,It It Ok Here Yes,Come On Come All People,Safaricom
Qa Intern,5.0,2022-05-09,Former intern,One Of The Best Companies In Kenya.,"Embraces On Learning, Gaining More Knowledge Day By Day",Safaricom
Software Quality Assurance Engineer,5.0,2022-06-10,"Former intern, less than 1 year",Talent Growth Value Addition Good Work Culture Motivation Team Building,There Is Generally No Cons,Safaricom
Sales Manager Cee,2.0,2022-06-15,"Former employee, more than 3 years",Great Benefits And Exposure Given,Too Much Pressure And Less Work Life Balance,Safaricom
Writer,4.0,2016-02-22,Former employee,Very Unique Style Of Delivering Information,Could Be Better Especially In Terms O Site Speed,Safaricom
Territory Sales Representative,1.0,2017-01-25,"Current employee, more than 3 years",Great Company To Work For In East Africa.,Most Of The Employees Are Employed In Agencies But Working For Safaricom Limited. Direct Employment Is Very Hard To Get Absorbed By The Company.,Safaricom
Network Planning Engineer,4.0,2018-01-14,Former employee,"Good Workplace, Good Pay And Excellent Environment.",Tough Training On The Job. Extreme Pressure.,Safaricom
Business Engagement Manager,4.0,2020-10-28,Current employee,"Challenging, Meaningful Work, Creativity Encouraged, Fun","Beauracratic, Hierarchical, Slow, Siloed, Politics",Safaricom
Lead Engineer,2.0,2021-04-10,"Current employee, more than 3 years",Guaranteed Timely Salaries And Benefits,"Politics, Nepotism, Uncouth, General Disregard For Wellbeing",Safaricom
Senior Communications Manager,5.0,2021-08-03,Current employee,"A Lot To Learn, Great Team Work And Support.",I Love Working At Safaricom.,Safaricom
Enterprise Quality Assurance Analyst,4.0,2022-09-21,"Former employee, more than 10 years",Manage Employees Needs Well All Round,"Once Out, Seeking For Personal Assistance Is Hard",Safaricom
Typing,2.0,2020-04-25,"Current employee, less than 1 year",It'S A Big Company That Work For Many People,There Is Good Organization And Good Arrangements,Safaricom
Resource Planning Analyst,4.0,2020-09-05,"Current employee, more than 10 years","Job Stability, Thriving Environment. Good.",Limited Growth Opportunities. Not Good.,Safaricom
Content Marketer,3.0,2021-03-01,Former employee,I Felt Good Being There,Good Place And Nice To Be,Safaricom
Cyber Security,4.0,2021-04-27,"Former contractor, less than 1 year",Good Comp Good Comp Good Comp,Nothing Comes To Mind Nothing Comes To Mind,Safaricom
It Solutions Architect,5.0,2021-06-30,Current employee,Great Managers To Work With,None That I Know Of So Far,Safaricom
Stock Control,5.0,2021-08-26,Current employee,Looks After Employees Good Medical Cover,"No Growth , Unfair Ways Of Growth",Safaricom
Computer Scientist (1550),3.0,2021-12-17,Former freelancer,Paid Relatively Well Compared To Other Companies,Jobs Did Not Come Oftenly,Safaricom
Field Service Engineer,5.0,2021-12-15,"Former employee, more than 5 years",New Opportunities Amd Drive For Innovation,Long Hours Due To Nature Of Job,Safaricom
Manager - New Business Development,5.0,2022-01-02,"Current employee, more than 3 years","Mission, Culture, Innovation, Team, Benefits","Process, Regulation, Agility, Hierarchy, Speed",Safaricom
Cleaning,4.0,2022-02-08,Former employee,They Pay Very Well And Good Conducive Environment,There Is No Overtime Payments,Safaricom
Django Developer,4.0,2022-02-19,Current employee,One Of The Biggest Telkom Companies In Kenya,"None, Great Company To Work At",Safaricom
Executive Assistant,4.0,2022-11-10,Current contractor,Great Work Culture And Fun Work Place,Poor Growth And Lots Of Office Politics,Safaricom
Inventory Accountant,2.0,2016-02-22,"Current employee, less than 1 year",You Get To Make Inventory Decisions,No Career Growth Prospects Forthcoming,Safaricom
Finance/Accounting,3.0,2020-10-16,Former employee,Its A Nice Company To Work For,Didnt See Any Cons While Working There,Safaricom
Delear Sales Associate,5.0,2020-11-09,"Current intern, less than 1 year",Good Workmates To Work With,A Nice Place To Be Part Of,Safaricom
Systems Developer,5.0,2021-02-26,"Former contractor, more than 1 year",Pay Swiftly And Accorded Support By The Management,Bereacracy And Longer Lag Time,Safaricom
Noc Engineer,4.0,2021-03-22,"Current employee, more than 3 years",Cool And Great Working At Safaricom,A Lot Of Pressure When Handling Tasks,Safaricom
Product Development Manager,4.0,2021-06-28,"Current employee, more than 5 years",Great Exposure And Challenging Work,Busy Schedule And Tight Timeliness.,Safaricom
Research Associate,4.0,2021-07-20,Current employee,Good Working Conditions And Overall Pay.,The Schedule Is Not Flexible.,Safaricom
Online Data Entry,5.0,2021-07-21,KEY NOT FOUND: jobLine.seasonal-current,The Company Pays Well And On Time,Commissions Were Very Few Also Allowances,Safaricom
Brand Promotion,4.0,2021-12-06,Former employee,Relatively Better Pay But Still Average,So Much Of Your Time Needed,Safaricom
Actuarial Analyst,5.0,2021-12-27,Former intern,Work Life Balance Is No Great,No Benefits And Add Ons To Salary,Safaricom
Legal Assistant,5.0,2022-01-10,"Current employee, more than 1 year",Great Hours And Very Many Benefits,Deadline Were Very Close Alot,Safaricom
Designer,5.0,2022-03-23,"Former employee, more than 3 years",Great Perks And Benefits For Employees.,Corporate Culture Collides With Tech Ambitions.,Safaricom
Stocks Controller,4.0,2022-07-11,"Current employee, more than 3 years",It Is A Good Work Environment,Career Progression Is Quite Minimal,Safaricom
Core Network Support,5.0,2019-11-11,"Former intern, less than 1 year",There Is Flexibility In Work Schedule,None I Can Think Of,Safaricom
Intern For Financial Services,4.0,2020-11-27,Former intern,"Autonomy, Flexibility And Support In Job",I Didn'T Experience Any Problem,Safaricom
Customer Service Executive,4.0,2021-02-07,"Former contractor, more than 3 years",Excellent Working Environment With Great Minds,None That One Couldn`T Handle,Safaricom
I T Analyst,4.0,2021-07-01,Former employee,Great Work Culture Career Growth,Overtime Work With Little Pay,Safaricom
Senior Software Engineer/Tech Lead,3.0,2021-07-07,Current employee,Great Place To Start A Career,A Lot Of Politics And Stagnation,Safaricom
Mobile Developer,4.0,2022-04-11,"Current employee, more than 1 year",Good Paying Job With Purpose,Worker Burn Out Working Overtime,Safaricom
Internal Auditor,3.0,2022-09-16,"Former employee, more than 1 year",Good Pay And Good Management,Long Working Hours Plus No Bonus,Safaricom
Financial Service Operator,5.0,2020-01-10,"Former intern, less than 1 year",Friendly Working Environment Friendly Colleagues,None That I Significantly Noted,Safaricom
Senior Financial Services Officer,4.0,2020-05-20,"Current employee, more than 5 years",Health Benefits  Robust Medical Cover,Politics Both Internal And External,Safaricom
Customer Support Representative,5.0,2020-08-20,Current employee,"Amazing Company, Good Support To Employees",None At The Moment .,Safaricom
Regional Business Development Manager,4.0,2020-09-15,"Current employee, more than 5 years",Good Company Culture And Vision,Tight Working Schedules And Deadlines,Safaricom
"Sales, Marketing And Communications Professional",4.0,2020-11-19,Former freelancer,Good And Well Structured Organization,Takes Time To Absorb Its Employees,Safaricom
Mpesa,3.0,2021-03-21,"Former contractor, less than 1 year","Salary Is Good, Benefits, Accessibility",Culture And Hierarchies. Long Working Hours,Safaricom
Senior Lawyer,5.0,2021-04-21,Current employee,Benefits And Salary Is Competitive,Tight Deadlines And Aggressive Targets,Safaricom
Operations Manager,5.0,2021-04-27,Current employee,Lovely Best Interesting Experience Good People.,"Busy,Busy Busy Busy Busy Busy",Safaricom
Relationship Officer,4.0,2021-10-08,Current employee,Provides Good Working Environment For The Employees,Employment Is In Contractual Basis,Safaricom
Retail Centre Team Leader,5.0,2022-02-03,Current employee,Great Learning In Every Task,Long Shift Hours Involved Every Day,Safaricom
Executive,4.0,2022-06-24,"Current employee, more than 1 year",Best Teams To Work With,Average Benefits For Band H,Safaricom
Brand Experience Activations Manager,2.0,2019-08-07,"Current employee, more than 10 years",Company To Watch In Africa,Volcanic And Dynamic Telco Environment,Safaricom
Full Stack Developer,3.0,2020-12-15,Former employee,Nice Working With Safaricom Man,Lots Of Mistakes From Them Ni Wezi,Safaricom
Network Optimization Engineer,5.0,2021-02-03,Current employee,Very Good Terms Of Employment,Slow Career Growth In Technology,Safaricom
Information Technology,3.0,2021-04-14,Former temporary employee,Efficient In Communication Sector In Kenya,Luring Customers To Buy Their Bundles,Safaricom
Legal Officer,3.0,2021-05-13,"Current employee, more than 5 years","Good Salary, Environment, Benefits, Offices Are Good","Bad Bosses, No Career Advancement",Safaricom
Telecommunications Engineering Specialist,4.0,2021-06-13,"Current contractor, more than 8 years",Excellent Company To Be In,A Lot Tasks Are In Place,Safaricom
Senior Ux Designer,2.0,2022-06-20,Former employee,Good Work Place To Work In Kenya,No Cons Here In Kenya,Safaricom
