[2026-09-25T16:14:52.184+0000] {processor.py:186} INFO - Started process (PID=74) to work on /home/airflow/.local/lib/python3.12/site-packages/airflow/example_dags/example_nested_branch_dag.py
[2026-09-25T16:14:52.205+0000] {processor.py:914} INFO - Processing file /home/airflow/.local/lib/python3.12/site-packages/airflow/example_dags/example_nested_branch_dag.py for tasks to queue
[2026-09-25T16:14:52.218+0000] {logging_mixin.py:190} INFO - [2026-09-25T16:14:52.214+0000] {dagbag.py:588} INFO - Filling up the DagBag from /home/airflow/.local/lib/python3.12/site-packages/airflow/example_dags/example_nested_branch_dag.py
[2026-09-25T16:14:52.375+0000] {processor.py:925} INFO - DAG(s) 'example_nested_branch_dag' retrieved from /home/airflow/.local/lib/python3.12/site-packages/airflow/example_dags/example_nested_branch_dag.py
[2026-09-25T16:14:52.621+0000] {logging_mixin.py:190} INFO - [2026-09-25T16:14:52.621+0000] {dag.py:3239} INFO - Sync 1 DAGs
[2026-09-25T16:14:52.810+0000] {logging_mixin.py:190} INFO - [2026-09-25T16:14:52.806+0000] {dag.py:4180} INFO - Setting next_dagrun for example_nested_branch_dag to 2026-09-24 00:00:00+00:00, run_after=2026-09-25 00:00:00+00:00
[2026-09-25T16:14:52.945+0000] {processor.py:208} INFO - Processing /home/airflow/.local/lib/python3.12/site-packages/airflow/example_dags/example_nested_branch_dag.py took 0.810 seconds
[2026-09-25T16:17:07.819+0000] {processor.py:186} INFO - Started process (PID=155) to work on /home/airflow/.local/lib/python3.12/site-packages/airflow/example_dags/example_nested_branch_dag.py
[2026-09-25T16:17:07.822+0000] {processor.py:914} INFO - Processing file /home/airflow/.local/lib/python3.12/site-packages/airflow/example_dags/example_nested_branch_dag.py for tasks to queue
[2026-09-25T16:17:07.833+0000] {logging_mixin.py:190} INFO - [2026-09-25T16:17:07.827+0000] {dagbag.py:588} INFO - Filling up the DagBag from /home/airflow/.local/lib/python3.12/site-packages/airflow/example_dags/example_nested_branch_dag.py
[2026-09-25T16:17:08.090+0000] {processor.py:925} INFO - DAG(s) 'example_nested_branch_dag' retrieved from /home/airflow/.local/lib/python3.12/site-packages/airflow/example_dags/example_nested_branch_dag.py
[2026-09-25T16:17:08.847+0000] {logging_mixin.py:190} INFO - [2026-09-25T16:17:08.847+0000] {dag.py:3239} INFO - Sync 1 DAGs
[2026-09-25T16:17:09.482+0000] {logging_mixin.py:190} INFO - [2026-09-25T16:17:09.481+0000] {dag.py:4180} INFO - Setting next_dagrun for example_nested_branch_dag to 2026-09-24 00:00:00+00:00, run_after=2026-09-25 00:00:00+00:00
[2026-09-25T16:17:09.949+0000] {processor.py:208} INFO - Processing /home/airflow/.local/lib/python3.12/site-packages/airflow/example_dags/example_nested_branch_dag.py took 2.236 seconds
[2026-09-25T16:19:12.300+0000] {processor.py:186} INFO - Started process (PID=224) to work on /home/airflow/.local/lib/python3.12/site-packages/airflow/example_dags/example_nested_branch_dag.py
[2026-09-25T16:19:12.308+0000] {processor.py:914} INFO - Processing file /home/airflow/.local/lib/python3.12/site-packages/airflow/example_dags/example_nested_branch_dag.py for tasks to queue
[2026-09-25T16:19:12.327+0000] {logging_mixin.py:190} INFO - [2026-09-25T16:19:12.326+0000] {dagbag.py:588} INFO - Filling up the DagBag from /home/airflow/.local/lib/python3.12/site-packages/airflow/example_dags/example_nested_branch_dag.py
[2026-09-25T16:19:12.430+0000] {processor.py:925} INFO - DAG(s) 'example_nested_branch_dag' retrieved from /home/airflow/.local/lib/python3.12/site-packages/airflow/example_dags/example_nested_branch_dag.py
[2026-09-25T16:19:12.665+0000] {logging_mixin.py:190} INFO - [2026-09-25T16:19:12.664+0000] {dag.py:3239} INFO - Sync 1 DAGs
[2026-09-25T16:19:12.915+0000] {logging_mixin.py:190} INFO - [2026-09-25T16:19:12.915+0000] {dag.py:4180} INFO - Setting next_dagrun for example_nested_branch_dag to 2026-09-24 00:00:00+00:00, run_after=2026-09-25 00:00:00+00:00
[2026-09-25T16:19:13.261+0000] {processor.py:208} INFO - Processing /home/airflow/.local/lib/python3.12/site-packages/airflow/example_dags/example_nested_branch_dag.py took 0.996 seconds
[2026-09-25T16:20:20.484+0000] {processor.py:186} INFO - Started process (PID=281) to work on /home/airflow/.local/lib/python3.12/site-packages/airflow/example_dags/example_nested_branch_dag.py
[2026-09-25T16:20:20.507+0000] {processor.py:914} INFO - Processing file /home/airflow/.local/lib/python3.12/site-packages/airflow/example_dags/example_nested_branch_dag.py for tasks to queue
[2026-09-25T16:20:20.521+0000] {logging_mixin.py:190} INFO - [2026-09-25T16:20:20.519+0000] {dagbag.py:588} INFO - Filling up the DagBag from /home/airflow/.local/lib/python3.12/site-packages/airflow/example_dags/example_nested_branch_dag.py
[2026-09-25T16:20:20.580+0000] {processor.py:925} INFO - DAG(s) 'example_nested_branch_dag' retrieved from /home/airflow/.local/lib/python3.12/site-packages/airflow/example_dags/example_nested_branch_dag.py
[2026-09-25T16:20:20.710+0000] {logging_mixin.py:190} INFO - [2026-09-25T16:20:20.709+0000] {dag.py:3239} INFO - Sync 1 DAGs
[2026-09-25T16:20:21.120+0000] {logging_mixin.py:190} INFO - [2026-09-25T16:20:21.119+0000] {dag.py:4180} INFO - Setting next_dagrun for example_nested_branch_dag to 2026-09-24 00:00:00+00:00, run_after=2026-09-25 00:00:00+00:00
[2026-09-25T16:20:21.306+0000] {processor.py:208} INFO - Processing /home/airflow/.local/lib/python3.12/site-packages/airflow/example_dags/example_nested_branch_dag.py took 0.844 seconds
[2026-09-25T16:21:08.227+0000] {processor.py:186} INFO - Started process (PID=335) to work on /home/airflow/.local/lib/python3.12/site-packages/airflow/example_dags/example_nested_branch_dag.py
[2026-09-25T16:21:08.238+0000] {processor.py:914} INFO - Processing file /home/airflow/.local/lib/python3.12/site-packages/airflow/example_dags/example_nested_branch_dag.py for tasks to queue
[2026-09-25T16:21:08.295+0000] {logging_mixin.py:190} INFO - [2026-09-25T16:21:08.294+0000] {dagbag.py:588} INFO - Filling up the DagBag from /home/airflow/.local/lib/python3.12/site-packages/airflow/example_dags/example_nested_branch_dag.py
[2026-09-25T16:21:08.421+0000] {processor.py:925} INFO - DAG(s) 'example_nested_branch_dag' retrieved from /home/airflow/.local/lib/python3.12/site-packages/airflow/example_dags/example_nested_branch_dag.py
[2026-09-25T16:21:08.605+0000] {logging_mixin.py:190} INFO - [2026-09-25T16:21:08.605+0000] {dag.py:3239} INFO - Sync 1 DAGs
[2026-09-25T16:21:09.246+0000] {logging_mixin.py:190} INFO - [2026-09-25T16:21:09.245+0000] {dag.py:4180} INFO - Setting next_dagrun for example_nested_branch_dag to 2026-09-24 00:00:00+00:00, run_after=2026-09-25 00:00:00+00:00
[2026-09-25T16:21:09.640+0000] {processor.py:208} INFO - Processing /home/airflow/.local/lib/python3.12/site-packages/airflow/example_dags/example_nested_branch_dag.py took 1.497 seconds
[2026-09-25T16:22:07.892+0000] {processor.py:186} INFO - Started process (PID=402) to work on /home/airflow/.local/lib/python3.12/site-packages/airflow/example_dags/example_nested_branch_dag.py
[2026-09-25T16:22:08.385+0000] {processor.py:914} INFO - Processing file /home/airflow/.local/lib/python3.12/site-packages/airflow/example_dags/example_nested_branch_dag.py for tasks to queue
[2026-09-25T16:22:08.642+0000] {logging_mixin.py:190} INFO - [2026-09-25T16:22:08.627+0000] {dagbag.py:588} INFO - Filling up the DagBag from /home/airflow/.local/lib/python3.12/site-packages/airflow/example_dags/example_nested_branch_dag.py
[2026-09-25T16:22:09.314+0000] {processor.py:925} INFO - DAG(s) 'example_nested_branch_dag' retrieved from /home/airflow/.local/lib/python3.12/site-packages/airflow/example_dags/example_nested_branch_dag.py
[2026-09-25T16:22:10.166+0000] {logging_mixin.py:190} INFO - [2026-09-25T16:22:10.165+0000] {dag.py:3239} INFO - Sync 1 DAGs
[2026-09-25T16:22:10.773+0000] {logging_mixin.py:190} INFO - [2026-09-25T16:22:10.769+0000] {dag.py:4180} INFO - Setting next_dagrun for example_nested_branch_dag to 2026-09-24 00:00:00+00:00, run_after=2026-09-25 00:00:00+00:00
[2026-09-25T16:22:11.137+0000] {processor.py:208} INFO - Processing /home/airflow/.local/lib/python3.12/site-packages/airflow/example_dags/example_nested_branch_dag.py took 3.361 seconds
[2026-09-25T16:23:03.902+0000] {processor.py:186} INFO - Started process (PID=465) to work on /home/airflow/.local/lib/python3.12/site-packages/airflow/example_dags/example_nested_branch_dag.py
[2026-09-25T16:23:03.908+0000] {processor.py:914} INFO - Processing file /home/airflow/.local/lib/python3.12/site-packages/airflow/example_dags/example_nested_branch_dag.py for tasks to queue
[2026-09-25T16:23:03.927+0000] {logging_mixin.py:190} INFO - [2026-09-25T16:23:03.925+0000] {dagbag.py:588} INFO - Filling up the DagBag from /home/airflow/.local/lib/python3.12/site-packages/airflow/example_dags/example_nested_branch_dag.py
[2026-09-25T16:23:03.985+0000] {processor.py:925} INFO - DAG(s) 'example_nested_branch_dag' retrieved from /home/airflow/.local/lib/python3.12/site-packages/airflow/example_dags/example_nested_branch_dag.py
[2026-09-25T16:23:04.069+0000] {logging_mixin.py:190} INFO - [2026-09-25T16:23:04.068+0000] {dag.py:3239} INFO - Sync 1 DAGs
[2026-09-25T16:23:04.169+0000] {logging_mixin.py:190} INFO - [2026-09-25T16:23:04.169+0000] {dag.py:4180} INFO - Setting next_dagrun for example_nested_branch_dag to 2026-09-24 00:00:00+00:00, run_after=2026-09-25 00:00:00+00:00
[2026-09-25T16:23:04.263+0000] {processor.py:208} INFO - Processing /home/airflow/.local/lib/python3.12/site-packages/airflow/example_dags/example_nested_branch_dag.py took 0.390 seconds
[2026-09-25T16:23:41.142+0000] {processor.py:186} INFO - Started process (PID=526) to work on /home/airflow/.local/lib/python3.12/site-packages/airflow/example_dags/example_nested_branch_dag.py
[2026-09-25T16:23:41.144+0000] {processor.py:914} INFO - Processing file /home/airflow/.local/lib/python3.12/site-packages/airflow/example_dags/example_nested_branch_dag.py for tasks to queue
[2026-09-25T16:23:41.163+0000] {logging_mixin.py:190} INFO - [2026-09-25T16:23:41.163+0000] {dagbag.py:588} INFO - Filling up the DagBag from /home/airflow/.local/lib/python3.12/site-packages/airflow/example_dags/example_nested_branch_dag.py
[2026-09-25T16:23:41.192+0000] {processor.py:925} INFO - DAG(s) 'example_nested_branch_dag' retrieved from /home/airflow/.local/lib/python3.12/site-packages/airflow/example_dags/example_nested_branch_dag.py
[2026-09-25T16:23:43.026+0000] {logging_mixin.py:190} INFO - [2026-09-25T16:23:43.024+0000] {dag.py:3239} INFO - Sync 1 DAGs
[2026-09-25T16:23:43.297+0000] {logging_mixin.py:190} INFO - [2026-09-25T16:23:43.296+0000] {dag.py:4180} INFO - Setting next_dagrun for example_nested_branch_dag to 2026-09-24 00:00:00+00:00, run_after=2026-09-25 00:00:00+00:00
[2026-09-25T16:23:43.641+0000] {processor.py:208} INFO - Processing /home/airflow/.local/lib/python3.12/site-packages/airflow/example_dags/example_nested_branch_dag.py took 2.517 seconds
[2026-09-25T16:24:14.454+0000] {processor.py:186} INFO - Started process (PID=588) to work on /home/airflow/.local/lib/python3.12/site-packages/airflow/example_dags/example_nested_branch_dag.py
[2026-09-25T16:24:14.459+0000] {processor.py:914} INFO - Processing file /home/airflow/.local/lib/python3.12/site-packages/airflow/example_dags/example_nested_branch_dag.py for tasks to queue
[2026-09-25T16:24:14.473+0000] {logging_mixin.py:190} INFO - [2026-09-25T16:24:14.471+0000] {dagbag.py:588} INFO - Filling up the DagBag from /home/airflow/.local/lib/python3.12/site-packages/airflow/example_dags/example_nested_branch_dag.py
[2026-09-25T16:24:14.530+0000] {processor.py:925} INFO - DAG(s) 'example_nested_branch_dag' retrieved from /home/airflow/.local/lib/python3.12/site-packages/airflow/example_dags/example_nested_branch_dag.py
[2026-09-25T16:24:14.619+0000] {logging_mixin.py:190} INFO - [2026-09-25T16:24:14.618+0000] {dag.py:3239} INFO - Sync 1 DAGs
[2026-09-25T16:24:14.856+0000] {logging_mixin.py:190} INFO - [2026-09-25T16:24:14.855+0000] {dag.py:4180} INFO - Setting next_dagrun for example_nested_branch_dag to 2026-09-24 00:00:00+00:00, run_after=2026-09-25 00:00:00+00:00
[2026-09-25T16:24:14.952+0000] {processor.py:208} INFO - Processing /home/airflow/.local/lib/python3.12/site-packages/airflow/example_dags/example_nested_branch_dag.py took 0.536 seconds
[2026-09-25T16:24:50.936+0000] {processor.py:186} INFO - Started process (PID=648) to work on /home/airflow/.local/lib/python3.12/site-packages/airflow/example_dags/example_nested_branch_dag.py
[2026-09-25T16:24:50.942+0000] {processor.py:914} INFO - Processing file /home/airflow/.local/lib/python3.12/site-packages/airflow/example_dags/example_nested_branch_dag.py for tasks to queue
[2026-09-25T16:24:50.953+0000] {logging_mixin.py:190} INFO - [2026-09-25T16:24:50.952+0000] {dagbag.py:588} INFO - Filling up the DagBag from /home/airflow/.local/lib/python3.12/site-packages/airflow/example_dags/example_nested_branch_dag.py
[2026-09-25T16:24:51.000+0000] {processor.py:925} INFO - DAG(s) 'example_nested_branch_dag' retrieved from /home/airflow/.local/lib/python3.12/site-packages/airflow/example_dags/example_nested_branch_dag.py
[2026-09-25T16:24:51.080+0000] {logging_mixin.py:190} INFO - [2026-09-25T16:24:51.080+0000] {dag.py:3239} INFO - Sync 1 DAGs
[2026-09-25T16:24:51.194+0000] {logging_mixin.py:190} INFO - [2026-09-25T16:24:51.193+0000] {dag.py:4180} INFO - Setting next_dagrun for example_nested_branch_dag to 2026-09-24 00:00:00+00:00, run_after=2026-09-25 00:00:00+00:00
[2026-09-25T16:24:51.296+0000] {processor.py:208} INFO - Processing /home/airflow/.local/lib/python3.12/site-packages/airflow/example_dags/example_nested_branch_dag.py took 0.396 seconds
[2026-09-25T16:25:22.265+0000] {processor.py:186} INFO - Started process (PID=707) to work on /home/airflow/.local/lib/python3.12/site-packages/airflow/example_dags/example_nested_branch_dag.py
[2026-09-25T16:25:22.270+0000] {processor.py:914} INFO - Processing file /home/airflow/.local/lib/python3.12/site-packages/airflow/example_dags/example_nested_branch_dag.py for tasks to queue
[2026-09-25T16:25:22.284+0000] {logging_mixin.py:190} INFO - [2026-09-25T16:25:22.282+0000] {dagbag.py:588} INFO - Filling up the DagBag from /home/airflow/.local/lib/python3.12/site-packages/airflow/example_dags/example_nested_branch_dag.py
[2026-09-25T16:25:22.367+0000] {processor.py:925} INFO - DAG(s) 'example_nested_branch_dag' retrieved from /home/airflow/.local/lib/python3.12/site-packages/airflow/example_dags/example_nested_branch_dag.py
[2026-09-25T16:25:22.506+0000] {logging_mixin.py:190} INFO - [2026-09-25T16:25:22.505+0000] {dag.py:3239} INFO - Sync 1 DAGs
[2026-09-25T16:25:22.620+0000] {logging_mixin.py:190} INFO - [2026-09-25T16:25:22.619+0000] {dag.py:4180} INFO - Setting next_dagrun for example_nested_branch_dag to 2026-09-24 00:00:00+00:00, run_after=2026-09-25 00:00:00+00:00
[2026-09-25T16:25:22.715+0000] {processor.py:208} INFO - Processing /home/airflow/.local/lib/python3.12/site-packages/airflow/example_dags/example_nested_branch_dag.py took 0.481 seconds
[2026-09-25T16:25:53.842+0000] {processor.py:186} INFO - Started process (PID=758) to work on /home/airflow/.local/lib/python3.12/site-packages/airflow/example_dags/example_nested_branch_dag.py
[2026-09-25T16:25:53.845+0000] {processor.py:914} INFO - Processing file /home/airflow/.local/lib/python3.12/site-packages/airflow/example_dags/example_nested_branch_dag.py for tasks to queue
[2026-09-25T16:25:53.853+0000] {logging_mixin.py:190} INFO - [2026-09-25T16:25:53.852+0000] {dagbag.py:588} INFO - Filling up the DagBag from /home/airflow/.local/lib/python3.12/site-packages/airflow/example_dags/example_nested_branch_dag.py
[2026-09-25T16:25:53.902+0000] {processor.py:925} INFO - DAG(s) 'example_nested_branch_dag' retrieved from /home/airflow/.local/lib/python3.12/site-packages/airflow/example_dags/example_nested_branch_dag.py
[2026-09-25T16:25:53.970+0000] {logging_mixin.py:190} INFO - [2026-09-25T16:25:53.969+0000] {dag.py:3239} INFO - Sync 1 DAGs
[2026-09-25T16:25:54.076+0000] {logging_mixin.py:190} INFO - [2026-09-25T16:25:54.075+0000] {dag.py:4180} INFO - Setting next_dagrun for example_nested_branch_dag to 2026-09-24 00:00:00+00:00, run_after=2026-09-25 00:00:00+00:00
[2026-09-25T16:25:54.127+0000] {processor.py:208} INFO - Processing /home/airflow/.local/lib/python3.12/site-packages/airflow/example_dags/example_nested_branch_dag.py took 0.299 seconds
[2026-09-25T16:26:24.387+0000] {processor.py:186} INFO - Started process (PID=820) to work on /home/airflow/.local/lib/python3.12/site-packages/airflow/example_dags/example_nested_branch_dag.py
[2026-09-25T16:26:24.400+0000] {processor.py:914} INFO - Processing file /home/airflow/.local/lib/python3.12/site-packages/airflow/example_dags/example_nested_branch_dag.py for tasks to queue
[2026-09-25T16:26:24.407+0000] {logging_mixin.py:190} INFO - [2026-09-25T16:26:24.407+0000] {dagbag.py:588} INFO - Filling up the DagBag from /home/airflow/.local/lib/python3.12/site-packages/airflow/example_dags/example_nested_branch_dag.py
[2026-09-25T16:26:24.434+0000] {processor.py:925} INFO - DAG(s) 'example_nested_branch_dag' retrieved from /home/airflow/.local/lib/python3.12/site-packages/airflow/example_dags/example_nested_branch_dag.py
[2026-09-25T16:26:24.507+0000] {logging_mixin.py:190} INFO - [2026-09-25T16:26:24.506+0000] {dag.py:3239} INFO - Sync 1 DAGs
[2026-09-25T16:26:24.572+0000] {logging_mixin.py:190} INFO - [2026-09-25T16:26:24.571+0000] {dag.py:4180} INFO - Setting next_dagrun for example_nested_branch_dag to 2026-09-24 00:00:00+00:00, run_after=2026-09-25 00:00:00+00:00
[2026-09-25T16:26:24.624+0000] {processor.py:208} INFO - Processing /home/airflow/.local/lib/python3.12/site-packages/airflow/example_dags/example_nested_branch_dag.py took 0.251 seconds
[2026-09-25T16:26:56.707+0000] {processor.py:186} INFO - Started process (PID=868) to work on /home/airflow/.local/lib/python3.12/site-packages/airflow/example_dags/example_nested_branch_dag.py
[2026-09-25T16:26:56.723+0000] {processor.py:914} INFO - Processing file /home/airflow/.local/lib/python3.12/site-packages/airflow/example_dags/example_nested_branch_dag.py for tasks to queue
[2026-09-25T16:26:56.728+0000] {logging_mixin.py:190} INFO - [2026-09-25T16:26:56.727+0000] {dagbag.py:588} INFO - Filling up the DagBag from /home/airflow/.local/lib/python3.12/site-packages/airflow/example_dags/example_nested_branch_dag.py
[2026-09-25T16:26:56.771+0000] {processor.py:925} INFO - DAG(s) 'example_nested_branch_dag' retrieved from /home/airflow/.local/lib/python3.12/site-packages/airflow/example_dags/example_nested_branch_dag.py
[2026-09-25T16:26:56.863+0000] {logging_mixin.py:190} INFO - [2026-09-25T16:26:56.862+0000] {dag.py:3239} INFO - Sync 1 DAGs
[2026-09-25T16:26:57.015+0000] {logging_mixin.py:190} INFO - [2026-09-25T16:26:57.015+0000] {dag.py:4180} INFO - Setting next_dagrun for example_nested_branch_dag to 2026-09-24 00:00:00+00:00, run_after=2026-09-25 00:00:00+00:00
[2026-09-25T16:26:57.095+0000] {processor.py:208} INFO - Processing /home/airflow/.local/lib/python3.12/site-packages/airflow/example_dags/example_nested_branch_dag.py took 0.422 seconds
[2026-09-25T16:27:27.628+0000] {processor.py:186} INFO - Started process (PID=928) to work on /home/airflow/.local/lib/python3.12/site-packages/airflow/example_dags/example_nested_branch_dag.py
[2026-09-25T16:27:27.647+0000] {processor.py:914} INFO - Processing file /home/airflow/.local/lib/python3.12/site-packages/airflow/example_dags/example_nested_branch_dag.py for tasks to queue
[2026-09-25T16:27:27.661+0000] {logging_mixin.py:190} INFO - [2026-09-25T16:27:27.661+0000] {dagbag.py:588} INFO - Filling up the DagBag from /home/airflow/.local/lib/python3.12/site-packages/airflow/example_dags/example_nested_branch_dag.py
[2026-09-25T16:27:27.719+0000] {processor.py:925} INFO - DAG(s) 'example_nested_branch_dag' retrieved from /home/airflow/.local/lib/python3.12/site-packages/airflow/example_dags/example_nested_branch_dag.py
[2026-09-25T16:27:27.843+0000] {logging_mixin.py:190} INFO - [2026-09-25T16:27:27.843+0000] {dag.py:3239} INFO - Sync 1 DAGs
[2026-09-25T16:27:28.138+0000] {logging_mixin.py:190} INFO - [2026-09-25T16:27:28.138+0000] {dag.py:4180} INFO - Setting next_dagrun for example_nested_branch_dag to 2026-09-24 00:00:00+00:00, run_after=2026-09-25 00:00:00+00:00
[2026-09-25T16:27:28.264+0000] {processor.py:208} INFO - Processing /home/airflow/.local/lib/python3.12/site-packages/airflow/example_dags/example_nested_branch_dag.py took 0.728 seconds
[2026-09-25T16:28:20.755+0000] {processor.py:186} INFO - Started process (PID=994) to work on /home/airflow/.local/lib/python3.12/site-packages/airflow/example_dags/example_nested_branch_dag.py
[2026-09-25T16:28:20.759+0000] {processor.py:914} INFO - Processing file /home/airflow/.local/lib/python3.12/site-packages/airflow/example_dags/example_nested_branch_dag.py for tasks to queue
[2026-09-25T16:28:20.774+0000] {logging_mixin.py:190} INFO - [2026-09-25T16:28:20.773+0000] {dagbag.py:588} INFO - Filling up the DagBag from /home/airflow/.local/lib/python3.12/site-packages/airflow/example_dags/example_nested_branch_dag.py
[2026-09-25T16:28:20.839+0000] {processor.py:925} INFO - DAG(s) 'example_nested_branch_dag' retrieved from /home/airflow/.local/lib/python3.12/site-packages/airflow/example_dags/example_nested_branch_dag.py
[2026-09-25T16:28:21.025+0000] {logging_mixin.py:190} INFO - [2026-09-25T16:28:21.025+0000] {dag.py:3239} INFO - Sync 1 DAGs
[2026-09-25T16:28:21.259+0000] {logging_mixin.py:190} INFO - [2026-09-25T16:28:21.259+0000] {dag.py:4180} INFO - Setting next_dagrun for example_nested_branch_dag to 2026-09-24 00:00:00+00:00, run_after=2026-09-25 00:00:00+00:00
[2026-09-25T16:28:21.435+0000] {processor.py:208} INFO - Processing /home/airflow/.local/lib/python3.12/site-packages/airflow/example_dags/example_nested_branch_dag.py took 0.719 seconds
[2026-09-25T16:28:56.712+0000] {processor.py:186} INFO - Started process (PID=1037) to work on /home/airflow/.local/lib/python3.12/site-packages/airflow/example_dags/example_nested_branch_dag.py
[2026-09-25T16:28:56.714+0000] {processor.py:914} INFO - Processing file /home/airflow/.local/lib/python3.12/site-packages/airflow/example_dags/example_nested_branch_dag.py for tasks to queue
[2026-09-25T16:28:56.722+0000] {logging_mixin.py:190} INFO - [2026-09-25T16:28:56.721+0000] {dagbag.py:588} INFO - Filling up the DagBag from /home/airflow/.local/lib/python3.12/site-packages/airflow/example_dags/example_nested_branch_dag.py
[2026-09-25T16:28:56.755+0000] {processor.py:925} INFO - DAG(s) 'example_nested_branch_dag' retrieved from /home/airflow/.local/lib/python3.12/site-packages/airflow/example_dags/example_nested_branch_dag.py
[2026-09-25T16:28:56.919+0000] {logging_mixin.py:190} INFO - [2026-09-25T16:28:56.916+0000] {dag.py:3239} INFO - Sync 1 DAGs
[2026-09-25T16:28:57.094+0000] {logging_mixin.py:190} INFO - [2026-09-25T16:28:57.087+0000] {dag.py:4180} INFO - Setting next_dagrun for example_nested_branch_dag to 2026-09-24 00:00:00+00:00, run_after=2026-09-25 00:00:00+00:00
[2026-09-25T16:28:57.175+0000] {processor.py:208} INFO - Processing /home/airflow/.local/lib/python3.12/site-packages/airflow/example_dags/example_nested_branch_dag.py took 0.481 seconds
[2026-09-25T16:42:58.190+0000] {processor.py:186} INFO - Started process (PID=51) to work on /home/airflow/.local/lib/python3.12/site-packages/airflow/example_dags/example_nested_branch_dag.py
[2026-09-25T16:42:58.195+0000] {processor.py:914} INFO - Processing file /home/airflow/.local/lib/python3.12/site-packages/airflow/example_dags/example_nested_branch_dag.py for tasks to queue
[2026-09-25T16:42:58.211+0000] {logging_mixin.py:190} INFO - [2026-09-25T16:42:58.210+0000] {dagbag.py:588} INFO - Filling up the DagBag from /home/airflow/.local/lib/python3.12/site-packages/airflow/example_dags/example_nested_branch_dag.py
[2026-09-25T16:42:58.393+0000] {processor.py:925} INFO - DAG(s) 'example_nested_branch_dag' retrieved from /home/airflow/.local/lib/python3.12/site-packages/airflow/example_dags/example_nested_branch_dag.py
[2026-09-25T16:42:58.887+0000] {logging_mixin.py:190} INFO - [2026-09-25T16:42:58.887+0000] {dag.py:3239} INFO - Sync 1 DAGs
[2026-09-25T16:42:58.991+0000] {logging_mixin.py:190} INFO - [2026-09-25T16:42:58.990+0000] {dag.py:4180} INFO - Setting next_dagrun for example_nested_branch_dag to 2026-09-24 00:00:00+00:00, run_after=2026-09-25 00:00:00+00:00
[2026-09-25T16:42:59.298+0000] {processor.py:208} INFO - Processing /home/airflow/.local/lib/python3.12/site-packages/airflow/example_dags/example_nested_branch_dag.py took 1.149 seconds
[2026-09-25T16:44:00.167+0000] {processor.py:186} INFO - Started process (PID=118) to work on /home/airflow/.local/lib/python3.12/site-packages/airflow/example_dags/example_nested_branch_dag.py
[2026-09-25T16:44:00.169+0000] {processor.py:914} INFO - Processing file /home/airflow/.local/lib/python3.12/site-packages/airflow/example_dags/example_nested_branch_dag.py for tasks to queue
[2026-09-25T16:44:00.176+0000] {logging_mixin.py:190} INFO - [2026-09-25T16:44:00.175+0000] {dagbag.py:588} INFO - Filling up the DagBag from /home/airflow/.local/lib/python3.12/site-packages/airflow/example_dags/example_nested_branch_dag.py
[2026-09-25T16:44:00.224+0000] {processor.py:925} INFO - DAG(s) 'example_nested_branch_dag' retrieved from /home/airflow/.local/lib/python3.12/site-packages/airflow/example_dags/example_nested_branch_dag.py
[2026-09-25T16:44:00.294+0000] {logging_mixin.py:190} INFO - [2026-09-25T16:44:00.293+0000] {dag.py:3239} INFO - Sync 1 DAGs
[2026-09-25T16:44:00.365+0000] {logging_mixin.py:190} INFO - [2026-09-25T16:44:00.364+0000] {dag.py:4180} INFO - Setting next_dagrun for example_nested_branch_dag to 2026-09-24 00:00:00+00:00, run_after=2026-09-25 00:00:00+00:00
[2026-09-25T16:44:00.419+0000] {processor.py:208} INFO - Processing /home/airflow/.local/lib/python3.12/site-packages/airflow/example_dags/example_nested_branch_dag.py took 0.268 seconds
[2026-09-25T16:44:31.421+0000] {processor.py:186} INFO - Started process (PID=180) to work on /home/airflow/.local/lib/python3.12/site-packages/airflow/example_dags/example_nested_branch_dag.py
[2026-09-25T16:44:31.425+0000] {processor.py:914} INFO - Processing file /home/airflow/.local/lib/python3.12/site-packages/airflow/example_dags/example_nested_branch_dag.py for tasks to queue
[2026-09-25T16:44:31.430+0000] {logging_mixin.py:190} INFO - [2026-09-25T16:44:31.430+0000] {dagbag.py:588} INFO - Filling up the DagBag from /home/airflow/.local/lib/python3.12/site-packages/airflow/example_dags/example_nested_branch_dag.py
[2026-09-25T16:44:31.467+0000] {processor.py:925} INFO - DAG(s) 'example_nested_branch_dag' retrieved from /home/airflow/.local/lib/python3.12/site-packages/airflow/example_dags/example_nested_branch_dag.py
[2026-09-25T16:44:31.534+0000] {logging_mixin.py:190} INFO - [2026-09-25T16:44:31.533+0000] {dag.py:3239} INFO - Sync 1 DAGs
[2026-09-25T16:44:31.687+0000] {logging_mixin.py:190} INFO - [2026-09-25T16:44:31.686+0000] {dag.py:4180} INFO - Setting next_dagrun for example_nested_branch_dag to 2026-09-24 00:00:00+00:00, run_after=2026-09-25 00:00:00+00:00
[2026-09-25T16:44:31.778+0000] {processor.py:208} INFO - Processing /home/airflow/.local/lib/python3.12/site-packages/airflow/example_dags/example_nested_branch_dag.py took 0.371 seconds
[2026-09-25T16:45:08.422+0000] {processor.py:186} INFO - Started process (PID=243) to work on /home/airflow/.local/lib/python3.12/site-packages/airflow/example_dags/example_nested_branch_dag.py
[2026-09-25T16:45:08.425+0000] {processor.py:914} INFO - Processing file /home/airflow/.local/lib/python3.12/site-packages/airflow/example_dags/example_nested_branch_dag.py for tasks to queue
[2026-09-25T16:45:08.433+0000] {logging_mixin.py:190} INFO - [2026-09-25T16:45:08.432+0000] {dagbag.py:588} INFO - Filling up the DagBag from /home/airflow/.local/lib/python3.12/site-packages/airflow/example_dags/example_nested_branch_dag.py
[2026-09-25T16:45:08.472+0000] {processor.py:925} INFO - DAG(s) 'example_nested_branch_dag' retrieved from /home/airflow/.local/lib/python3.12/site-packages/airflow/example_dags/example_nested_branch_dag.py
[2026-09-25T16:45:08.536+0000] {logging_mixin.py:190} INFO - [2026-09-25T16:45:08.535+0000] {dag.py:3239} INFO - Sync 1 DAGs
[2026-09-25T16:45:08.634+0000] {logging_mixin.py:190} INFO - [2026-09-25T16:45:08.634+0000] {dag.py:4180} INFO - Setting next_dagrun for example_nested_branch_dag to 2026-09-24 00:00:00+00:00, run_after=2026-09-25 00:00:00+00:00
[2026-09-25T16:45:08.717+0000] {processor.py:208} INFO - Processing /home/airflow/.local/lib/python3.12/site-packages/airflow/example_dags/example_nested_branch_dag.py took 0.320 seconds
[2026-09-25T16:45:39.734+0000] {processor.py:186} INFO - Started process (PID=304) to work on /home/airflow/.local/lib/python3.12/site-packages/airflow/example_dags/example_nested_branch_dag.py
[2026-09-25T16:45:39.768+0000] {processor.py:914} INFO - Processing file /home/airflow/.local/lib/python3.12/site-packages/airflow/example_dags/example_nested_branch_dag.py for tasks to queue
[2026-09-25T16:45:39.789+0000] {logging_mixin.py:190} INFO - [2026-09-25T16:45:39.780+0000] {dagbag.py:588} INFO - Filling up the DagBag from /home/airflow/.local/lib/python3.12/site-packages/airflow/example_dags/example_nested_branch_dag.py
[2026-09-25T16:45:39.943+0000] {processor.py:925} INFO - DAG(s) 'example_nested_branch_dag' retrieved from /home/airflow/.local/lib/python3.12/site-packages/airflow/example_dags/example_nested_branch_dag.py
[2026-09-25T16:45:40.074+0000] {logging_mixin.py:190} INFO - [2026-09-25T16:45:40.074+0000] {dag.py:3239} INFO - Sync 1 DAGs
[2026-09-25T16:45:40.172+0000] {logging_mixin.py:190} INFO - [2026-09-25T16:45:40.171+0000] {dag.py:4180} INFO - Setting next_dagrun for example_nested_branch_dag to 2026-09-24 00:00:00+00:00, run_after=2026-09-25 00:00:00+00:00
[2026-09-25T16:45:40.249+0000] {processor.py:208} INFO - Processing /home/airflow/.local/lib/python3.12/site-packages/airflow/example_dags/example_nested_branch_dag.py took 0.883 seconds
[2026-09-25T16:46:10.860+0000] {processor.py:186} INFO - Started process (PID=365) to work on /home/airflow/.local/lib/python3.12/site-packages/airflow/example_dags/example_nested_branch_dag.py
[2026-09-25T16:46:10.863+0000] {processor.py:914} INFO - Processing file /home/airflow/.local/lib/python3.12/site-packages/airflow/example_dags/example_nested_branch_dag.py for tasks to queue
[2026-09-25T16:46:10.868+0000] {logging_mixin.py:190} INFO - [2026-09-25T16:46:10.867+0000] {dagbag.py:588} INFO - Filling up the DagBag from /home/airflow/.local/lib/python3.12/site-packages/airflow/example_dags/example_nested_branch_dag.py
[2026-09-25T16:46:10.891+0000] {processor.py:925} INFO - DAG(s) 'example_nested_branch_dag' retrieved from /home/airflow/.local/lib/python3.12/site-packages/airflow/example_dags/example_nested_branch_dag.py
[2026-09-25T16:46:10.934+0000] {logging_mixin.py:190} INFO - [2026-09-25T16:46:10.933+0000] {dag.py:3239} INFO - Sync 1 DAGs
[2026-09-25T16:46:11.000+0000] {logging_mixin.py:190} INFO - [2026-09-25T16:46:10.999+0000] {dag.py:4180} INFO - Setting next_dagrun for example_nested_branch_dag to 2026-09-24 00:00:00+00:00, run_after=2026-09-25 00:00:00+00:00
[2026-09-25T16:46:11.044+0000] {processor.py:208} INFO - Processing /home/airflow/.local/lib/python3.12/site-packages/airflow/example_dags/example_nested_branch_dag.py took 0.197 seconds
[2026-09-25T16:46:41.931+0000] {processor.py:186} INFO - Started process (PID=428) to work on /home/airflow/.local/lib/python3.12/site-packages/airflow/example_dags/example_nested_branch_dag.py
[2026-09-25T16:46:41.938+0000] {processor.py:914} INFO - Processing file /home/airflow/.local/lib/python3.12/site-packages/airflow/example_dags/example_nested_branch_dag.py for tasks to queue
[2026-09-25T16:46:41.944+0000] {logging_mixin.py:190} INFO - [2026-09-25T16:46:41.943+0000] {dagbag.py:588} INFO - Filling up the DagBag from /home/airflow/.local/lib/python3.12/site-packages/airflow/example_dags/example_nested_branch_dag.py
[2026-09-25T16:46:41.972+0000] {processor.py:925} INFO - DAG(s) 'example_nested_branch_dag' retrieved from /home/airflow/.local/lib/python3.12/site-packages/airflow/example_dags/example_nested_branch_dag.py
[2026-09-25T16:46:42.060+0000] {logging_mixin.py:190} INFO - [2026-09-25T16:46:42.060+0000] {dag.py:3239} INFO - Sync 1 DAGs
[2026-09-25T16:46:42.116+0000] {logging_mixin.py:190} INFO - [2026-09-25T16:46:42.116+0000] {dag.py:4180} INFO - Setting next_dagrun for example_nested_branch_dag to 2026-09-24 00:00:00+00:00, run_after=2026-09-25 00:00:00+00:00
[2026-09-25T16:46:42.157+0000] {processor.py:208} INFO - Processing /home/airflow/.local/lib/python3.12/site-packages/airflow/example_dags/example_nested_branch_dag.py took 0.237 seconds
[2026-09-25T16:47:12.215+0000] {processor.py:186} INFO - Started process (PID=490) to work on /home/airflow/.local/lib/python3.12/site-packages/airflow/example_dags/example_nested_branch_dag.py
[2026-09-25T16:47:12.218+0000] {processor.py:914} INFO - Processing file /home/airflow/.local/lib/python3.12/site-packages/airflow/example_dags/example_nested_branch_dag.py for tasks to queue
[2026-09-25T16:47:12.225+0000] {logging_mixin.py:190} INFO - [2026-09-25T16:47:12.224+0000] {dagbag.py:588} INFO - Filling up the DagBag from /home/airflow/.local/lib/python3.12/site-packages/airflow/example_dags/example_nested_branch_dag.py
[2026-09-25T16:47:12.253+0000] {processor.py:925} INFO - DAG(s) 'example_nested_branch_dag' retrieved from /home/airflow/.local/lib/python3.12/site-packages/airflow/example_dags/example_nested_branch_dag.py
[2026-09-25T16:47:12.315+0000] {logging_mixin.py:190} INFO - [2026-09-25T16:47:12.314+0000] {dag.py:3239} INFO - Sync 1 DAGs
[2026-09-25T16:47:12.394+0000] {logging_mixin.py:190} INFO - [2026-09-25T16:47:12.394+0000] {dag.py:4180} INFO - Setting next_dagrun for example_nested_branch_dag to 2026-09-24 00:00:00+00:00, run_after=2026-09-25 00:00:00+00:00
[2026-09-25T16:47:12.442+0000] {processor.py:208} INFO - Processing /home/airflow/.local/lib/python3.12/site-packages/airflow/example_dags/example_nested_branch_dag.py took 0.245 seconds
[2026-09-25T16:47:45.190+0000] {processor.py:186} INFO - Started process (PID=541) to work on /home/airflow/.local/lib/python3.12/site-packages/airflow/example_dags/example_nested_branch_dag.py
[2026-09-25T16:47:45.193+0000] {processor.py:914} INFO - Processing file /home/airflow/.local/lib/python3.12/site-packages/airflow/example_dags/example_nested_branch_dag.py for tasks to queue
[2026-09-25T16:47:45.206+0000] {logging_mixin.py:190} INFO - [2026-09-25T16:47:45.205+0000] {dagbag.py:588} INFO - Filling up the DagBag from /home/airflow/.local/lib/python3.12/site-packages/airflow/example_dags/example_nested_branch_dag.py
[2026-09-25T16:47:45.245+0000] {processor.py:925} INFO - DAG(s) 'example_nested_branch_dag' retrieved from /home/airflow/.local/lib/python3.12/site-packages/airflow/example_dags/example_nested_branch_dag.py
[2026-09-25T16:47:45.311+0000] {logging_mixin.py:190} INFO - [2026-09-25T16:47:45.310+0000] {dag.py:3239} INFO - Sync 1 DAGs
[2026-09-25T16:47:45.416+0000] {logging_mixin.py:190} INFO - [2026-09-25T16:47:45.415+0000] {dag.py:4180} INFO - Setting next_dagrun for example_nested_branch_dag to 2026-09-24 00:00:00+00:00, run_after=2026-09-25 00:00:00+00:00
[2026-09-25T16:47:45.473+0000] {processor.py:208} INFO - Processing /home/airflow/.local/lib/python3.12/site-packages/airflow/example_dags/example_nested_branch_dag.py took 0.300 seconds
[2026-09-25T16:48:20.298+0000] {processor.py:186} INFO - Started process (PID=593) to work on /home/airflow/.local/lib/python3.12/site-packages/airflow/example_dags/example_nested_branch_dag.py
[2026-09-25T16:48:20.306+0000] {processor.py:914} INFO - Processing file /home/airflow/.local/lib/python3.12/site-packages/airflow/example_dags/example_nested_branch_dag.py for tasks to queue
[2026-09-25T16:48:20.315+0000] {logging_mixin.py:190} INFO - [2026-09-25T16:48:20.315+0000] {dagbag.py:588} INFO - Filling up the DagBag from /home/airflow/.local/lib/python3.12/site-packages/airflow/example_dags/example_nested_branch_dag.py
[2026-09-25T16:48:20.380+0000] {processor.py:925} INFO - DAG(s) 'example_nested_branch_dag' retrieved from /home/airflow/.local/lib/python3.12/site-packages/airflow/example_dags/example_nested_branch_dag.py
[2026-09-25T16:48:20.513+0000] {logging_mixin.py:190} INFO - [2026-09-25T16:48:20.512+0000] {dag.py:3239} INFO - Sync 1 DAGs
[2026-09-25T16:48:20.656+0000] {logging_mixin.py:190} INFO - [2026-09-25T16:48:20.656+0000] {dag.py:4180} INFO - Setting next_dagrun for example_nested_branch_dag to 2026-09-24 00:00:00+00:00, run_after=2026-09-25 00:00:00+00:00
[2026-09-25T16:48:20.719+0000] {processor.py:208} INFO - Processing /home/airflow/.local/lib/python3.12/site-packages/airflow/example_dags/example_nested_branch_dag.py took 0.473 seconds
[2026-09-25T16:48:51.578+0000] {processor.py:186} INFO - Started process (PID=656) to work on /home/airflow/.local/lib/python3.12/site-packages/airflow/example_dags/example_nested_branch_dag.py
[2026-09-25T16:48:51.580+0000] {processor.py:914} INFO - Processing file /home/airflow/.local/lib/python3.12/site-packages/airflow/example_dags/example_nested_branch_dag.py for tasks to queue
[2026-09-25T16:48:51.585+0000] {logging_mixin.py:190} INFO - [2026-09-25T16:48:51.584+0000] {dagbag.py:588} INFO - Filling up the DagBag from /home/airflow/.local/lib/python3.12/site-packages/airflow/example_dags/example_nested_branch_dag.py
[2026-09-25T16:48:51.618+0000] {processor.py:925} INFO - DAG(s) 'example_nested_branch_dag' retrieved from /home/airflow/.local/lib/python3.12/site-packages/airflow/example_dags/example_nested_branch_dag.py
[2026-09-25T16:48:51.667+0000] {logging_mixin.py:190} INFO - [2026-09-25T16:48:51.666+0000] {dag.py:3239} INFO - Sync 1 DAGs
[2026-09-25T16:48:51.761+0000] {logging_mixin.py:190} INFO - [2026-09-25T16:48:51.761+0000] {dag.py:4180} INFO - Setting next_dagrun for example_nested_branch_dag to 2026-09-24 00:00:00+00:00, run_after=2026-09-25 00:00:00+00:00
[2026-09-25T16:48:51.866+0000] {processor.py:208} INFO - Processing /home/airflow/.local/lib/python3.12/site-packages/airflow/example_dags/example_nested_branch_dag.py took 0.304 seconds
[2026-09-25T16:49:22.165+0000] {processor.py:186} INFO - Started process (PID=719) to work on /home/airflow/.local/lib/python3.12/site-packages/airflow/example_dags/example_nested_branch_dag.py
[2026-09-25T16:49:22.167+0000] {processor.py:914} INFO - Processing file /home/airflow/.local/lib/python3.12/site-packages/airflow/example_dags/example_nested_branch_dag.py for tasks to queue
[2026-09-25T16:49:22.172+0000] {logging_mixin.py:190} INFO - [2026-09-25T16:49:22.171+0000] {dagbag.py:588} INFO - Filling up the DagBag from /home/airflow/.local/lib/python3.12/site-packages/airflow/example_dags/example_nested_branch_dag.py
[2026-09-25T16:49:22.201+0000] {processor.py:925} INFO - DAG(s) 'example_nested_branch_dag' retrieved from /home/airflow/.local/lib/python3.12/site-packages/airflow/example_dags/example_nested_branch_dag.py
[2026-09-25T16:49:22.263+0000] {logging_mixin.py:190} INFO - [2026-09-25T16:49:22.262+0000] {dag.py:3239} INFO - Sync 1 DAGs
[2026-09-25T16:49:22.327+0000] {logging_mixin.py:190} INFO - [2026-09-25T16:49:22.327+0000] {dag.py:4180} INFO - Setting next_dagrun for example_nested_branch_dag to 2026-09-24 00:00:00+00:00, run_after=2026-09-25 00:00:00+00:00
[2026-09-25T16:49:22.379+0000] {processor.py:208} INFO - Processing /home/airflow/.local/lib/python3.12/site-packages/airflow/example_dags/example_nested_branch_dag.py took 0.231 seconds
[2026-09-25T16:55:45.840+0000] {processor.py:186} INFO - Started process (PID=56) to work on /home/airflow/.local/lib/python3.12/site-packages/airflow/example_dags/example_nested_branch_dag.py
[2026-09-25T16:55:45.843+0000] {processor.py:914} INFO - Processing file /home/airflow/.local/lib/python3.12/site-packages/airflow/example_dags/example_nested_branch_dag.py for tasks to queue
[2026-09-25T16:55:45.851+0000] {logging_mixin.py:190} INFO - [2026-09-25T16:55:45.850+0000] {dagbag.py:588} INFO - Filling up the DagBag from /home/airflow/.local/lib/python3.12/site-packages/airflow/example_dags/example_nested_branch_dag.py
[2026-09-25T16:55:45.893+0000] {processor.py:925} INFO - DAG(s) 'example_nested_branch_dag' retrieved from /home/airflow/.local/lib/python3.12/site-packages/airflow/example_dags/example_nested_branch_dag.py
[2026-09-25T16:55:46.039+0000] {logging_mixin.py:190} INFO - [2026-09-25T16:55:46.038+0000] {dag.py:3239} INFO - Sync 1 DAGs
[2026-09-25T16:55:46.117+0000] {logging_mixin.py:190} INFO - [2026-09-25T16:55:46.117+0000] {dag.py:4180} INFO - Setting next_dagrun for example_nested_branch_dag to 2026-09-24 00:00:00+00:00, run_after=2026-09-25 00:00:00+00:00
[2026-09-25T16:55:46.177+0000] {processor.py:208} INFO - Processing /home/airflow/.local/lib/python3.12/site-packages/airflow/example_dags/example_nested_branch_dag.py took 0.351 seconds
[2026-09-25T16:58:19.113+0000] {processor.py:186} INFO - Started process (PID=141) to work on /home/airflow/.local/lib/python3.12/site-packages/airflow/example_dags/example_nested_branch_dag.py
[2026-09-25T16:58:19.189+0000] {processor.py:914} INFO - Processing file /home/airflow/.local/lib/python3.12/site-packages/airflow/example_dags/example_nested_branch_dag.py for tasks to queue
[2026-09-25T16:58:19.522+0000] {logging_mixin.py:190} INFO - [2026-09-25T16:58:19.514+0000] {dagbag.py:588} INFO - Filling up the DagBag from /home/airflow/.local/lib/python3.12/site-packages/airflow/example_dags/example_nested_branch_dag.py
[2026-09-25T16:58:20.195+0000] {processor.py:925} INFO - DAG(s) 'example_nested_branch_dag' retrieved from /home/airflow/.local/lib/python3.12/site-packages/airflow/example_dags/example_nested_branch_dag.py
[2026-09-25T16:58:20.858+0000] {logging_mixin.py:190} INFO - [2026-09-25T16:58:20.856+0000] {dag.py:3239} INFO - Sync 1 DAGs
[2026-09-25T16:58:21.565+0000] {logging_mixin.py:190} INFO - [2026-09-25T16:58:21.554+0000] {dag.py:4180} INFO - Setting next_dagrun for example_nested_branch_dag to 2026-09-24 00:00:00+00:00, run_after=2026-09-25 00:00:00+00:00
[2026-09-25T16:58:21.893+0000] {processor.py:208} INFO - Processing /home/airflow/.local/lib/python3.12/site-packages/airflow/example_dags/example_nested_branch_dag.py took 3.786 seconds
[2026-09-25T16:58:52.674+0000] {processor.py:186} INFO - Started process (PID=203) to work on /home/airflow/.local/lib/python3.12/site-packages/airflow/example_dags/example_nested_branch_dag.py
[2026-09-25T16:58:52.699+0000] {processor.py:914} INFO - Processing file /home/airflow/.local/lib/python3.12/site-packages/airflow/example_dags/example_nested_branch_dag.py for tasks to queue
[2026-09-25T16:58:52.760+0000] {logging_mixin.py:190} INFO - [2026-09-25T16:58:52.759+0000] {dagbag.py:588} INFO - Filling up the DagBag from /home/airflow/.local/lib/python3.12/site-packages/airflow/example_dags/example_nested_branch_dag.py
[2026-09-25T16:58:53.075+0000] {processor.py:925} INFO - DAG(s) 'example_nested_branch_dag' retrieved from /home/airflow/.local/lib/python3.12/site-packages/airflow/example_dags/example_nested_branch_dag.py
[2026-09-25T16:58:53.393+0000] {logging_mixin.py:190} INFO - [2026-09-25T16:58:53.392+0000] {dag.py:3239} INFO - Sync 1 DAGs
[2026-09-25T16:58:53.715+0000] {logging_mixin.py:190} INFO - [2026-09-25T16:58:53.714+0000] {dag.py:4180} INFO - Setting next_dagrun for example_nested_branch_dag to 2026-09-24 00:00:00+00:00, run_after=2026-09-25 00:00:00+00:00
[2026-09-25T16:58:53.902+0000] {processor.py:208} INFO - Processing /home/airflow/.local/lib/python3.12/site-packages/airflow/example_dags/example_nested_branch_dag.py took 1.341 seconds
[2026-09-25T16:59:24.329+0000] {processor.py:186} INFO - Started process (PID=266) to work on /home/airflow/.local/lib/python3.12/site-packages/airflow/example_dags/example_nested_branch_dag.py
[2026-09-25T16:59:24.355+0000] {processor.py:914} INFO - Processing file /home/airflow/.local/lib/python3.12/site-packages/airflow/example_dags/example_nested_branch_dag.py for tasks to queue
[2026-09-25T16:59:24.423+0000] {logging_mixin.py:190} INFO - [2026-09-25T16:59:24.418+0000] {dagbag.py:588} INFO - Filling up the DagBag from /home/airflow/.local/lib/python3.12/site-packages/airflow/example_dags/example_nested_branch_dag.py
[2026-09-25T16:59:24.527+0000] {processor.py:925} INFO - DAG(s) 'example_nested_branch_dag' retrieved from /home/airflow/.local/lib/python3.12/site-packages/airflow/example_dags/example_nested_branch_dag.py
[2026-09-25T16:59:24.603+0000] {logging_mixin.py:190} INFO - [2026-09-25T16:59:24.603+0000] {dag.py:3239} INFO - Sync 1 DAGs
[2026-09-25T16:59:24.677+0000] {logging_mixin.py:190} INFO - [2026-09-25T16:59:24.676+0000] {dag.py:4180} INFO - Setting next_dagrun for example_nested_branch_dag to 2026-09-24 00:00:00+00:00, run_after=2026-09-25 00:00:00+00:00
[2026-09-25T16:59:24.743+0000] {processor.py:208} INFO - Processing /home/airflow/.local/lib/python3.12/site-packages/airflow/example_dags/example_nested_branch_dag.py took 0.521 seconds
[2026-09-25T16:59:58.050+0000] {processor.py:186} INFO - Started process (PID=322) to work on /home/airflow/.local/lib/python3.12/site-packages/airflow/example_dags/example_nested_branch_dag.py
[2026-09-25T16:59:58.053+0000] {processor.py:914} INFO - Processing file /home/airflow/.local/lib/python3.12/site-packages/airflow/example_dags/example_nested_branch_dag.py for tasks to queue
[2026-09-25T16:59:58.057+0000] {logging_mixin.py:190} INFO - [2026-09-25T16:59:58.056+0000] {dagbag.py:588} INFO - Filling up the DagBag from /home/airflow/.local/lib/python3.12/site-packages/airflow/example_dags/example_nested_branch_dag.py
[2026-09-25T16:59:58.084+0000] {processor.py:925} INFO - DAG(s) 'example_nested_branch_dag' retrieved from /home/airflow/.local/lib/python3.12/site-packages/airflow/example_dags/example_nested_branch_dag.py
[2026-09-25T16:59:58.142+0000] {logging_mixin.py:190} INFO - [2026-09-25T16:59:58.141+0000] {dag.py:3239} INFO - Sync 1 DAGs
[2026-09-25T16:59:58.208+0000] {logging_mixin.py:190} INFO - [2026-09-25T16:59:58.206+0000] {dag.py:4180} INFO - Setting next_dagrun for example_nested_branch_dag to 2026-09-24 00:00:00+00:00, run_after=2026-09-25 00:00:00+00:00
[2026-09-25T16:59:58.466+0000] {processor.py:208} INFO - Processing /home/airflow/.local/lib/python3.12/site-packages/airflow/example_dags/example_nested_branch_dag.py took 0.427 seconds
[2026-09-25T17:00:28.725+0000] {processor.py:186} INFO - Started process (PID=381) to work on /home/airflow/.local/lib/python3.12/site-packages/airflow/example_dags/example_nested_branch_dag.py
[2026-09-25T17:00:28.727+0000] {processor.py:914} INFO - Processing file /home/airflow/.local/lib/python3.12/site-packages/airflow/example_dags/example_nested_branch_dag.py for tasks to queue
[2026-09-25T17:00:28.732+0000] {logging_mixin.py:190} INFO - [2026-09-25T17:00:28.731+0000] {dagbag.py:588} INFO - Filling up the DagBag from /home/airflow/.local/lib/python3.12/site-packages/airflow/example_dags/example_nested_branch_dag.py
[2026-09-25T17:00:28.768+0000] {processor.py:925} INFO - DAG(s) 'example_nested_branch_dag' retrieved from /home/airflow/.local/lib/python3.12/site-packages/airflow/example_dags/example_nested_branch_dag.py
[2026-09-25T17:00:28.825+0000] {logging_mixin.py:190} INFO - [2026-09-25T17:00:28.824+0000] {dag.py:3239} INFO - Sync 1 DAGs
[2026-09-25T17:00:28.878+0000] {logging_mixin.py:190} INFO - [2026-09-25T17:00:28.877+0000] {dag.py:4180} INFO - Setting next_dagrun for example_nested_branch_dag to 2026-09-24 00:00:00+00:00, run_after=2026-09-25 00:00:00+00:00
[2026-09-25T17:00:28.916+0000] {processor.py:208} INFO - Processing /home/airflow/.local/lib/python3.12/site-packages/airflow/example_dags/example_nested_branch_dag.py took 0.202 seconds
[2026-09-25T17:01:03.119+0000] {processor.py:186} INFO - Started process (PID=449) to work on /home/airflow/.local/lib/python3.12/site-packages/airflow/example_dags/example_nested_branch_dag.py
[2026-09-25T17:01:03.124+0000] {processor.py:914} INFO - Processing file /home/airflow/.local/lib/python3.12/site-packages/airflow/example_dags/example_nested_branch_dag.py for tasks to queue
[2026-09-25T17:01:03.139+0000] {logging_mixin.py:190} INFO - [2026-09-25T17:01:03.137+0000] {dagbag.py:588} INFO - Filling up the DagBag from /home/airflow/.local/lib/python3.12/site-packages/airflow/example_dags/example_nested_branch_dag.py
[2026-09-25T17:01:03.226+0000] {processor.py:925} INFO - DAG(s) 'example_nested_branch_dag' retrieved from /home/airflow/.local/lib/python3.12/site-packages/airflow/example_dags/example_nested_branch_dag.py
[2026-09-25T17:01:03.381+0000] {logging_mixin.py:190} INFO - [2026-09-25T17:01:03.380+0000] {dag.py:3239} INFO - Sync 1 DAGs
[2026-09-25T17:01:03.474+0000] {logging_mixin.py:190} INFO - [2026-09-25T17:01:03.473+0000] {dag.py:4180} INFO - Setting next_dagrun for example_nested_branch_dag to 2026-09-24 00:00:00+00:00, run_after=2026-09-25 00:00:00+00:00
[2026-09-25T17:01:03.540+0000] {processor.py:208} INFO - Processing /home/airflow/.local/lib/python3.12/site-packages/airflow/example_dags/example_nested_branch_dag.py took 0.451 seconds
[2026-09-25T17:01:34.377+0000] {processor.py:186} INFO - Started process (PID=511) to work on /home/airflow/.local/lib/python3.12/site-packages/airflow/example_dags/example_nested_branch_dag.py
[2026-09-25T17:01:34.379+0000] {processor.py:914} INFO - Processing file /home/airflow/.local/lib/python3.12/site-packages/airflow/example_dags/example_nested_branch_dag.py for tasks to queue
[2026-09-25T17:01:34.385+0000] {logging_mixin.py:190} INFO - [2026-09-25T17:01:34.384+0000] {dagbag.py:588} INFO - Filling up the DagBag from /home/airflow/.local/lib/python3.12/site-packages/airflow/example_dags/example_nested_branch_dag.py
[2026-09-25T17:01:34.417+0000] {processor.py:925} INFO - DAG(s) 'example_nested_branch_dag' retrieved from /home/airflow/.local/lib/python3.12/site-packages/airflow/example_dags/example_nested_branch_dag.py
[2026-09-25T17:01:34.482+0000] {logging_mixin.py:190} INFO - [2026-09-25T17:01:34.481+0000] {dag.py:3239} INFO - Sync 1 DAGs
[2026-09-25T17:01:34.575+0000] {logging_mixin.py:190} INFO - [2026-09-25T17:01:34.574+0000] {dag.py:4180} INFO - Setting next_dagrun for example_nested_branch_dag to 2026-09-24 00:00:00+00:00, run_after=2026-09-25 00:00:00+00:00
[2026-09-25T17:01:34.654+0000] {processor.py:208} INFO - Processing /home/airflow/.local/lib/python3.12/site-packages/airflow/example_dags/example_nested_branch_dag.py took 0.292 seconds
[2026-09-25T17:02:13.420+0000] {processor.py:186} INFO - Started process (PID=562) to work on /home/airflow/.local/lib/python3.12/site-packages/airflow/example_dags/example_nested_branch_dag.py
[2026-09-25T17:02:13.436+0000] {processor.py:914} INFO - Processing file /home/airflow/.local/lib/python3.12/site-packages/airflow/example_dags/example_nested_branch_dag.py for tasks to queue
[2026-09-25T17:02:13.471+0000] {logging_mixin.py:190} INFO - [2026-09-25T17:02:13.470+0000] {dagbag.py:588} INFO - Filling up the DagBag from /home/airflow/.local/lib/python3.12/site-packages/airflow/example_dags/example_nested_branch_dag.py
[2026-09-25T17:02:13.563+0000] {processor.py:925} INFO - DAG(s) 'example_nested_branch_dag' retrieved from /home/airflow/.local/lib/python3.12/site-packages/airflow/example_dags/example_nested_branch_dag.py
[2026-09-25T17:02:13.744+0000] {logging_mixin.py:190} INFO - [2026-09-25T17:02:13.742+0000] {dag.py:3239} INFO - Sync 1 DAGs
[2026-09-25T17:02:13.946+0000] {logging_mixin.py:190} INFO - [2026-09-25T17:02:13.946+0000] {dag.py:4180} INFO - Setting next_dagrun for example_nested_branch_dag to 2026-09-24 00:00:00+00:00, run_after=2026-09-25 00:00:00+00:00
[2026-09-25T17:02:14.107+0000] {processor.py:208} INFO - Processing /home/airflow/.local/lib/python3.12/site-packages/airflow/example_dags/example_nested_branch_dag.py took 0.738 seconds
[2026-09-25T17:02:45.407+0000] {processor.py:186} INFO - Started process (PID=623) to work on /home/airflow/.local/lib/python3.12/site-packages/airflow/example_dags/example_nested_branch_dag.py
[2026-09-25T17:02:45.412+0000] {processor.py:914} INFO - Processing file /home/airflow/.local/lib/python3.12/site-packages/airflow/example_dags/example_nested_branch_dag.py for tasks to queue
[2026-09-25T17:02:45.420+0000] {logging_mixin.py:190} INFO - [2026-09-25T17:02:45.419+0000] {dagbag.py:588} INFO - Filling up the DagBag from /home/airflow/.local/lib/python3.12/site-packages/airflow/example_dags/example_nested_branch_dag.py
[2026-09-25T17:02:45.458+0000] {processor.py:925} INFO - DAG(s) 'example_nested_branch_dag' retrieved from /home/airflow/.local/lib/python3.12/site-packages/airflow/example_dags/example_nested_branch_dag.py
[2026-09-25T17:02:45.526+0000] {logging_mixin.py:190} INFO - [2026-09-25T17:02:45.526+0000] {dag.py:3239} INFO - Sync 1 DAGs
[2026-09-25T17:02:45.698+0000] {logging_mixin.py:190} INFO - [2026-09-25T17:02:45.696+0000] {dag.py:4180} INFO - Setting next_dagrun for example_nested_branch_dag to 2026-09-24 00:00:00+00:00, run_after=2026-09-25 00:00:00+00:00
[2026-09-25T17:02:45.831+0000] {processor.py:208} INFO - Processing /home/airflow/.local/lib/python3.12/site-packages/airflow/example_dags/example_nested_branch_dag.py took 0.438 seconds
[2026-09-25T17:03:17.836+0000] {processor.py:186} INFO - Started process (PID=686) to work on /home/airflow/.local/lib/python3.12/site-packages/airflow/example_dags/example_nested_branch_dag.py
[2026-09-25T17:03:17.838+0000] {processor.py:914} INFO - Processing file /home/airflow/.local/lib/python3.12/site-packages/airflow/example_dags/example_nested_branch_dag.py for tasks to queue
[2026-09-25T17:03:17.842+0000] {logging_mixin.py:190} INFO - [2026-09-25T17:03:17.842+0000] {dagbag.py:588} INFO - Filling up the DagBag from /home/airflow/.local/lib/python3.12/site-packages/airflow/example_dags/example_nested_branch_dag.py
[2026-09-25T17:03:17.862+0000] {processor.py:925} INFO - DAG(s) 'example_nested_branch_dag' retrieved from /home/airflow/.local/lib/python3.12/site-packages/airflow/example_dags/example_nested_branch_dag.py
[2026-09-25T17:03:17.904+0000] {logging_mixin.py:190} INFO - [2026-09-25T17:03:17.903+0000] {dag.py:3239} INFO - Sync 1 DAGs
[2026-09-25T17:03:17.944+0000] {logging_mixin.py:190} INFO - [2026-09-25T17:03:17.944+0000] {dag.py:4180} INFO - Setting next_dagrun for example_nested_branch_dag to 2026-09-24 00:00:00+00:00, run_after=2026-09-25 00:00:00+00:00
[2026-09-25T17:03:17.980+0000] {processor.py:208} INFO - Processing /home/airflow/.local/lib/python3.12/site-packages/airflow/example_dags/example_nested_branch_dag.py took 0.157 seconds
[2026-09-25T17:03:48.400+0000] {processor.py:186} INFO - Started process (PID=746) to work on /home/airflow/.local/lib/python3.12/site-packages/airflow/example_dags/example_nested_branch_dag.py
[2026-09-25T17:03:48.404+0000] {processor.py:914} INFO - Processing file /home/airflow/.local/lib/python3.12/site-packages/airflow/example_dags/example_nested_branch_dag.py for tasks to queue
[2026-09-25T17:03:48.409+0000] {logging_mixin.py:190} INFO - [2026-09-25T17:03:48.409+0000] {dagbag.py:588} INFO - Filling up the DagBag from /home/airflow/.local/lib/python3.12/site-packages/airflow/example_dags/example_nested_branch_dag.py
[2026-09-25T17:03:48.430+0000] {processor.py:925} INFO - DAG(s) 'example_nested_branch_dag' retrieved from /home/airflow/.local/lib/python3.12/site-packages/airflow/example_dags/example_nested_branch_dag.py
[2026-09-25T17:03:48.479+0000] {logging_mixin.py:190} INFO - [2026-09-25T17:03:48.478+0000] {dag.py:3239} INFO - Sync 1 DAGs
[2026-09-25T17:03:48.522+0000] {logging_mixin.py:190} INFO - [2026-09-25T17:03:48.522+0000] {dag.py:4180} INFO - Setting next_dagrun for example_nested_branch_dag to 2026-09-24 00:00:00+00:00, run_after=2026-09-25 00:00:00+00:00
[2026-09-25T17:03:48.564+0000] {processor.py:208} INFO - Processing /home/airflow/.local/lib/python3.12/site-packages/airflow/example_dags/example_nested_branch_dag.py took 0.176 seconds
[2026-09-25T17:04:18.733+0000] {processor.py:186} INFO - Started process (PID=809) to work on /home/airflow/.local/lib/python3.12/site-packages/airflow/example_dags/example_nested_branch_dag.py
[2026-09-25T17:04:18.736+0000] {processor.py:914} INFO - Processing file /home/airflow/.local/lib/python3.12/site-packages/airflow/example_dags/example_nested_branch_dag.py for tasks to queue
[2026-09-25T17:04:18.744+0000] {logging_mixin.py:190} INFO - [2026-09-25T17:04:18.743+0000] {dagbag.py:588} INFO - Filling up the DagBag from /home/airflow/.local/lib/python3.12/site-packages/airflow/example_dags/example_nested_branch_dag.py
[2026-09-25T17:04:18.841+0000] {processor.py:925} INFO - DAG(s) 'example_nested_branch_dag' retrieved from /home/airflow/.local/lib/python3.12/site-packages/airflow/example_dags/example_nested_branch_dag.py
[2026-09-25T17:04:18.949+0000] {logging_mixin.py:190} INFO - [2026-09-25T17:04:18.945+0000] {dag.py:3239} INFO - Sync 1 DAGs
[2026-09-25T17:04:19.084+0000] {logging_mixin.py:190} INFO - [2026-09-25T17:04:19.083+0000] {dag.py:4180} INFO - Setting next_dagrun for example_nested_branch_dag to 2026-09-24 00:00:00+00:00, run_after=2026-09-25 00:00:00+00:00
[2026-09-25T17:04:19.204+0000] {processor.py:208} INFO - Processing /home/airflow/.local/lib/python3.12/site-packages/airflow/example_dags/example_nested_branch_dag.py took 0.492 seconds
[2026-09-25T17:04:51.929+0000] {processor.py:186} INFO - Started process (PID=853) to work on /home/airflow/.local/lib/python3.12/site-packages/airflow/example_dags/example_nested_branch_dag.py
[2026-09-25T17:04:51.936+0000] {processor.py:914} INFO - Processing file /home/airflow/.local/lib/python3.12/site-packages/airflow/example_dags/example_nested_branch_dag.py for tasks to queue
[2026-09-25T17:04:51.945+0000] {logging_mixin.py:190} INFO - [2026-09-25T17:04:51.945+0000] {dagbag.py:588} INFO - Filling up the DagBag from /home/airflow/.local/lib/python3.12/site-packages/airflow/example_dags/example_nested_branch_dag.py
[2026-09-25T17:04:51.999+0000] {processor.py:925} INFO - DAG(s) 'example_nested_branch_dag' retrieved from /home/airflow/.local/lib/python3.12/site-packages/airflow/example_dags/example_nested_branch_dag.py
[2026-09-25T17:04:52.183+0000] {logging_mixin.py:190} INFO - [2026-09-25T17:04:52.183+0000] {dag.py:3239} INFO - Sync 1 DAGs
[2026-09-25T17:04:52.291+0000] {logging_mixin.py:190} INFO - [2026-09-25T17:04:52.290+0000] {dag.py:4180} INFO - Setting next_dagrun for example_nested_branch_dag to 2026-09-24 00:00:00+00:00, run_after=2026-09-25 00:00:00+00:00
[2026-09-25T17:04:52.340+0000] {processor.py:208} INFO - Processing /home/airflow/.local/lib/python3.12/site-packages/airflow/example_dags/example_nested_branch_dag.py took 0.432 seconds
[2026-09-25T17:05:27.082+0000] {processor.py:186} INFO - Started process (PID=915) to work on /home/airflow/.local/lib/python3.12/site-packages/airflow/example_dags/example_nested_branch_dag.py
[2026-09-25T17:05:27.085+0000] {processor.py:914} INFO - Processing file /home/airflow/.local/lib/python3.12/site-packages/airflow/example_dags/example_nested_branch_dag.py for tasks to queue
[2026-09-25T17:05:27.093+0000] {logging_mixin.py:190} INFO - [2026-09-25T17:05:27.093+0000] {dagbag.py:588} INFO - Filling up the DagBag from /home/airflow/.local/lib/python3.12/site-packages/airflow/example_dags/example_nested_branch_dag.py
[2026-09-25T17:05:27.124+0000] {processor.py:925} INFO - DAG(s) 'example_nested_branch_dag' retrieved from /home/airflow/.local/lib/python3.12/site-packages/airflow/example_dags/example_nested_branch_dag.py
[2026-09-25T17:05:27.191+0000] {logging_mixin.py:190} INFO - [2026-09-25T17:05:27.190+0000] {dag.py:3239} INFO - Sync 1 DAGs
[2026-09-25T17:05:27.259+0000] {logging_mixin.py:190} INFO - [2026-09-25T17:05:27.259+0000] {dag.py:4180} INFO - Setting next_dagrun for example_nested_branch_dag to 2026-09-24 00:00:00+00:00, run_after=2026-09-25 00:00:00+00:00
[2026-09-25T17:05:27.296+0000] {processor.py:208} INFO - Processing /home/airflow/.local/lib/python3.12/site-packages/airflow/example_dags/example_nested_branch_dag.py took 0.229 seconds
[2026-09-25T17:05:57.539+0000] {processor.py:186} INFO - Started process (PID=974) to work on /home/airflow/.local/lib/python3.12/site-packages/airflow/example_dags/example_nested_branch_dag.py
[2026-09-25T17:05:57.548+0000] {processor.py:914} INFO - Processing file /home/airflow/.local/lib/python3.12/site-packages/airflow/example_dags/example_nested_branch_dag.py for tasks to queue
[2026-09-25T17:05:57.563+0000] {logging_mixin.py:190} INFO - [2026-09-25T17:05:57.562+0000] {dagbag.py:588} INFO - Filling up the DagBag from /home/airflow/.local/lib/python3.12/site-packages/airflow/example_dags/example_nested_branch_dag.py
[2026-09-25T17:05:57.602+0000] {processor.py:925} INFO - DAG(s) 'example_nested_branch_dag' retrieved from /home/airflow/.local/lib/python3.12/site-packages/airflow/example_dags/example_nested_branch_dag.py
[2026-09-25T17:05:57.687+0000] {logging_mixin.py:190} INFO - [2026-09-25T17:05:57.686+0000] {dag.py:3239} INFO - Sync 1 DAGs
[2026-09-25T17:05:57.972+0000] {logging_mixin.py:190} INFO - [2026-09-25T17:05:57.972+0000] {dag.py:4180} INFO - Setting next_dagrun for example_nested_branch_dag to 2026-09-24 00:00:00+00:00, run_after=2026-09-25 00:00:00+00:00
[2026-09-25T17:05:58.014+0000] {processor.py:208} INFO - Processing /home/airflow/.local/lib/python3.12/site-packages/airflow/example_dags/example_nested_branch_dag.py took 0.589 seconds
[2026-09-25T17:06:28.518+0000] {processor.py:186} INFO - Started process (PID=1037) to work on /home/airflow/.local/lib/python3.12/site-packages/airflow/example_dags/example_nested_branch_dag.py
[2026-09-25T17:06:28.523+0000] {processor.py:914} INFO - Processing file /home/airflow/.local/lib/python3.12/site-packages/airflow/example_dags/example_nested_branch_dag.py for tasks to queue
[2026-09-25T17:06:28.528+0000] {logging_mixin.py:190} INFO - [2026-09-25T17:06:28.527+0000] {dagbag.py:588} INFO - Filling up the DagBag from /home/airflow/.local/lib/python3.12/site-packages/airflow/example_dags/example_nested_branch_dag.py
[2026-09-25T17:06:28.554+0000] {processor.py:925} INFO - DAG(s) 'example_nested_branch_dag' retrieved from /home/airflow/.local/lib/python3.12/site-packages/airflow/example_dags/example_nested_branch_dag.py
[2026-09-25T17:06:28.592+0000] {logging_mixin.py:190} INFO - [2026-09-25T17:06:28.592+0000] {dag.py:3239} INFO - Sync 1 DAGs
[2026-09-25T17:06:28.632+0000] {logging_mixin.py:190} INFO - [2026-09-25T17:06:28.632+0000] {dag.py:4180} INFO - Setting next_dagrun for example_nested_branch_dag to 2026-09-24 00:00:00+00:00, run_after=2026-09-25 00:00:00+00:00
[2026-09-25T17:06:28.663+0000] {processor.py:208} INFO - Processing /home/airflow/.local/lib/python3.12/site-packages/airflow/example_dags/example_nested_branch_dag.py took 0.158 seconds
[2026-09-25T17:06:59.484+0000] {processor.py:186} INFO - Started process (PID=1100) to work on /home/airflow/.local/lib/python3.12/site-packages/airflow/example_dags/example_nested_branch_dag.py
[2026-09-25T17:06:59.487+0000] {processor.py:914} INFO - Processing file /home/airflow/.local/lib/python3.12/site-packages/airflow/example_dags/example_nested_branch_dag.py for tasks to queue
[2026-09-25T17:06:59.493+0000] {logging_mixin.py:190} INFO - [2026-09-25T17:06:59.493+0000] {dagbag.py:588} INFO - Filling up the DagBag from /home/airflow/.local/lib/python3.12/site-packages/airflow/example_dags/example_nested_branch_dag.py
[2026-09-25T17:06:59.518+0000] {processor.py:925} INFO - DAG(s) 'example_nested_branch_dag' retrieved from /home/airflow/.local/lib/python3.12/site-packages/airflow/example_dags/example_nested_branch_dag.py
[2026-09-25T17:06:59.559+0000] {logging_mixin.py:190} INFO - [2026-09-25T17:06:59.558+0000] {dag.py:3239} INFO - Sync 1 DAGs
[2026-09-25T17:06:59.610+0000] {logging_mixin.py:190} INFO - [2026-09-25T17:06:59.610+0000] {dag.py:4180} INFO - Setting next_dagrun for example_nested_branch_dag to 2026-09-24 00:00:00+00:00, run_after=2026-09-25 00:00:00+00:00
[2026-09-25T17:06:59.642+0000] {processor.py:208} INFO - Processing /home/airflow/.local/lib/python3.12/site-packages/airflow/example_dags/example_nested_branch_dag.py took 0.169 seconds
[2026-09-25T17:07:30.368+0000] {processor.py:186} INFO - Started process (PID=1161) to work on /home/airflow/.local/lib/python3.12/site-packages/airflow/example_dags/example_nested_branch_dag.py
[2026-09-25T17:07:30.371+0000] {processor.py:914} INFO - Processing file /home/airflow/.local/lib/python3.12/site-packages/airflow/example_dags/example_nested_branch_dag.py for tasks to queue
[2026-09-25T17:07:30.377+0000] {logging_mixin.py:190} INFO - [2026-09-25T17:07:30.376+0000] {dagbag.py:588} INFO - Filling up the DagBag from /home/airflow/.local/lib/python3.12/site-packages/airflow/example_dags/example_nested_branch_dag.py
[2026-09-25T17:07:30.413+0000] {processor.py:925} INFO - DAG(s) 'example_nested_branch_dag' retrieved from /home/airflow/.local/lib/python3.12/site-packages/airflow/example_dags/example_nested_branch_dag.py
[2026-09-25T17:07:30.533+0000] {logging_mixin.py:190} INFO - [2026-09-25T17:07:30.531+0000] {dag.py:3239} INFO - Sync 1 DAGs
[2026-09-25T17:07:30.607+0000] {logging_mixin.py:190} INFO - [2026-09-25T17:07:30.607+0000] {dag.py:4180} INFO - Setting next_dagrun for example_nested_branch_dag to 2026-09-24 00:00:00+00:00, run_after=2026-09-25 00:00:00+00:00
[2026-09-25T17:07:30.649+0000] {processor.py:208} INFO - Processing /home/airflow/.local/lib/python3.12/site-packages/airflow/example_dags/example_nested_branch_dag.py took 0.297 seconds
[2026-09-25T17:08:02.773+0000] {processor.py:186} INFO - Started process (PID=1225) to work on /home/airflow/.local/lib/python3.12/site-packages/airflow/example_dags/example_nested_branch_dag.py
[2026-09-25T17:08:02.775+0000] {processor.py:914} INFO - Processing file /home/airflow/.local/lib/python3.12/site-packages/airflow/example_dags/example_nested_branch_dag.py for tasks to queue
[2026-09-25T17:08:02.780+0000] {logging_mixin.py:190} INFO - [2026-09-25T17:08:02.780+0000] {dagbag.py:588} INFO - Filling up the DagBag from /home/airflow/.local/lib/python3.12/site-packages/airflow/example_dags/example_nested_branch_dag.py
[2026-09-25T17:08:02.810+0000] {processor.py:925} INFO - DAG(s) 'example_nested_branch_dag' retrieved from /home/airflow/.local/lib/python3.12/site-packages/airflow/example_dags/example_nested_branch_dag.py
[2026-09-25T17:08:02.882+0000] {logging_mixin.py:190} INFO - [2026-09-25T17:08:02.882+0000] {dag.py:3239} INFO - Sync 1 DAGs
[2026-09-25T17:08:02.947+0000] {logging_mixin.py:190} INFO - [2026-09-25T17:08:02.946+0000] {dag.py:4180} INFO - Setting next_dagrun for example_nested_branch_dag to 2026-09-24 00:00:00+00:00, run_after=2026-09-25 00:00:00+00:00
[2026-09-25T17:08:02.989+0000] {processor.py:208} INFO - Processing /home/airflow/.local/lib/python3.12/site-packages/airflow/example_dags/example_nested_branch_dag.py took 0.230 seconds
[2026-09-25T17:08:33.254+0000] {processor.py:186} INFO - Started process (PID=1283) to work on /home/airflow/.local/lib/python3.12/site-packages/airflow/example_dags/example_nested_branch_dag.py
[2026-09-25T17:08:33.257+0000] {processor.py:914} INFO - Processing file /home/airflow/.local/lib/python3.12/site-packages/airflow/example_dags/example_nested_branch_dag.py for tasks to queue
[2026-09-25T17:08:33.263+0000] {logging_mixin.py:190} INFO - [2026-09-25T17:08:33.262+0000] {dagbag.py:588} INFO - Filling up the DagBag from /home/airflow/.local/lib/python3.12/site-packages/airflow/example_dags/example_nested_branch_dag.py
[2026-09-25T17:08:33.293+0000] {processor.py:925} INFO - DAG(s) 'example_nested_branch_dag' retrieved from /home/airflow/.local/lib/python3.12/site-packages/airflow/example_dags/example_nested_branch_dag.py
[2026-09-25T17:08:33.346+0000] {logging_mixin.py:190} INFO - [2026-09-25T17:08:33.345+0000] {dag.py:3239} INFO - Sync 1 DAGs
[2026-09-25T17:08:33.399+0000] {logging_mixin.py:190} INFO - [2026-09-25T17:08:33.399+0000] {dag.py:4180} INFO - Setting next_dagrun for example_nested_branch_dag to 2026-09-24 00:00:00+00:00, run_after=2026-09-25 00:00:00+00:00
[2026-09-25T17:08:33.434+0000] {processor.py:208} INFO - Processing /home/airflow/.local/lib/python3.12/site-packages/airflow/example_dags/example_nested_branch_dag.py took 0.199 seconds
[2026-09-25T17:09:04.014+0000] {processor.py:186} INFO - Started process (PID=1345) to work on /home/airflow/.local/lib/python3.12/site-packages/airflow/example_dags/example_nested_branch_dag.py
[2026-09-25T17:09:04.019+0000] {processor.py:914} INFO - Processing file /home/airflow/.local/lib/python3.12/site-packages/airflow/example_dags/example_nested_branch_dag.py for tasks to queue
[2026-09-25T17:09:04.039+0000] {logging_mixin.py:190} INFO - [2026-09-25T17:09:04.039+0000] {dagbag.py:588} INFO - Filling up the DagBag from /home/airflow/.local/lib/python3.12/site-packages/airflow/example_dags/example_nested_branch_dag.py
[2026-09-25T17:09:04.184+0000] {processor.py:925} INFO - DAG(s) 'example_nested_branch_dag' retrieved from /home/airflow/.local/lib/python3.12/site-packages/airflow/example_dags/example_nested_branch_dag.py
[2026-09-25T17:09:04.391+0000] {logging_mixin.py:190} INFO - [2026-09-25T17:09:04.391+0000] {dag.py:3239} INFO - Sync 1 DAGs
[2026-09-25T17:09:04.497+0000] {logging_mixin.py:190} INFO - [2026-09-25T17:09:04.496+0000] {dag.py:4180} INFO - Setting next_dagrun for example_nested_branch_dag to 2026-09-24 00:00:00+00:00, run_after=2026-09-25 00:00:00+00:00
[2026-09-25T17:09:04.682+0000] {processor.py:208} INFO - Processing /home/airflow/.local/lib/python3.12/site-packages/airflow/example_dags/example_nested_branch_dag.py took 0.711 seconds
[2026-09-25T17:09:46.736+0000] {processor.py:186} INFO - Started process (PID=1392) to work on /home/airflow/.local/lib/python3.12/site-packages/airflow/example_dags/example_nested_branch_dag.py
[2026-09-25T17:09:46.758+0000] {processor.py:914} INFO - Processing file /home/airflow/.local/lib/python3.12/site-packages/airflow/example_dags/example_nested_branch_dag.py for tasks to queue
[2026-09-25T17:09:46.914+0000] {logging_mixin.py:190} INFO - [2026-09-25T17:09:46.911+0000] {dagbag.py:588} INFO - Filling up the DagBag from /home/airflow/.local/lib/python3.12/site-packages/airflow/example_dags/example_nested_branch_dag.py
[2026-09-25T17:09:47.324+0000] {processor.py:925} INFO - DAG(s) 'example_nested_branch_dag' retrieved from /home/airflow/.local/lib/python3.12/site-packages/airflow/example_dags/example_nested_branch_dag.py
[2026-09-25T17:09:47.977+0000] {logging_mixin.py:190} INFO - [2026-09-25T17:09:47.958+0000] {dag.py:3239} INFO - Sync 1 DAGs
[2026-09-25T17:09:48.894+0000] {logging_mixin.py:190} INFO - [2026-09-25T17:09:48.893+0000] {dag.py:4180} INFO - Setting next_dagrun for example_nested_branch_dag to 2026-09-24 00:00:00+00:00, run_after=2026-09-25 00:00:00+00:00
[2026-09-25T17:09:49.569+0000] {processor.py:208} INFO - Processing /home/airflow/.local/lib/python3.12/site-packages/airflow/example_dags/example_nested_branch_dag.py took 3.076 seconds
[2026-09-25T17:10:41.832+0000] {processor.py:186} INFO - Started process (PID=1435) to work on /home/airflow/.local/lib/python3.12/site-packages/airflow/example_dags/example_nested_branch_dag.py
[2026-09-25T17:10:41.881+0000] {processor.py:914} INFO - Processing file /home/airflow/.local/lib/python3.12/site-packages/airflow/example_dags/example_nested_branch_dag.py for tasks to queue
[2026-09-25T17:10:41.988+0000] {logging_mixin.py:190} INFO - [2026-09-25T17:10:41.978+0000] {dagbag.py:588} INFO - Filling up the DagBag from /home/airflow/.local/lib/python3.12/site-packages/airflow/example_dags/example_nested_branch_dag.py
[2026-09-25T17:10:42.109+0000] {processor.py:925} INFO - DAG(s) 'example_nested_branch_dag' retrieved from /home/airflow/.local/lib/python3.12/site-packages/airflow/example_dags/example_nested_branch_dag.py
[2026-09-25T17:10:42.868+0000] {logging_mixin.py:190} INFO - [2026-09-25T17:10:42.867+0000] {dag.py:3239} INFO - Sync 1 DAGs
[2026-09-25T17:10:43.423+0000] {logging_mixin.py:190} INFO - [2026-09-25T17:10:43.423+0000] {dag.py:4180} INFO - Setting next_dagrun for example_nested_branch_dag to 2026-09-24 00:00:00+00:00, run_after=2026-09-25 00:00:00+00:00
[2026-09-25T17:10:43.670+0000] {processor.py:208} INFO - Processing /home/airflow/.local/lib/python3.12/site-packages/airflow/example_dags/example_nested_branch_dag.py took 2.111 seconds
[2026-09-25T17:12:40.369+0000] {processor.py:186} INFO - Started process (PID=1492) to work on /home/airflow/.local/lib/python3.12/site-packages/airflow/example_dags/example_nested_branch_dag.py
[2026-09-25T17:12:40.375+0000] {processor.py:914} INFO - Processing file /home/airflow/.local/lib/python3.12/site-packages/airflow/example_dags/example_nested_branch_dag.py for tasks to queue
[2026-09-25T17:12:40.450+0000] {logging_mixin.py:190} INFO - [2026-09-25T17:12:40.441+0000] {dagbag.py:588} INFO - Filling up the DagBag from /home/airflow/.local/lib/python3.12/site-packages/airflow/example_dags/example_nested_branch_dag.py
[2026-09-25T17:12:40.730+0000] {processor.py:925} INFO - DAG(s) 'example_nested_branch_dag' retrieved from /home/airflow/.local/lib/python3.12/site-packages/airflow/example_dags/example_nested_branch_dag.py
[2026-09-25T17:12:41.915+0000] {logging_mixin.py:190} INFO - [2026-09-25T17:12:41.912+0000] {dag.py:3239} INFO - Sync 1 DAGs
[2026-09-25T17:12:44.274+0000] {logging_mixin.py:190} INFO - [2026-09-25T17:12:44.273+0000] {dag.py:4180} INFO - Setting next_dagrun for example_nested_branch_dag to 2026-09-24 00:00:00+00:00, run_after=2026-09-25 00:00:00+00:00
[2026-09-25T17:12:46.292+0000] {processor.py:208} INFO - Processing /home/airflow/.local/lib/python3.12/site-packages/airflow/example_dags/example_nested_branch_dag.py took 6.470 seconds
[2026-09-25T17:14:22.202+0000] {processor.py:186} INFO - Started process (PID=1550) to work on /home/airflow/.local/lib/python3.12/site-packages/airflow/example_dags/example_nested_branch_dag.py
[2026-09-25T17:14:22.252+0000] {processor.py:914} INFO - Processing file /home/airflow/.local/lib/python3.12/site-packages/airflow/example_dags/example_nested_branch_dag.py for tasks to queue
[2026-09-25T17:14:22.268+0000] {logging_mixin.py:190} INFO - [2026-09-25T17:14:22.258+0000] {dagbag.py:588} INFO - Filling up the DagBag from /home/airflow/.local/lib/python3.12/site-packages/airflow/example_dags/example_nested_branch_dag.py
[2026-09-25T17:14:22.404+0000] {processor.py:925} INFO - DAG(s) 'example_nested_branch_dag' retrieved from /home/airflow/.local/lib/python3.12/site-packages/airflow/example_dags/example_nested_branch_dag.py
[2026-09-25T17:14:22.977+0000] {logging_mixin.py:190} INFO - [2026-09-25T17:14:22.959+0000] {dag.py:3239} INFO - Sync 1 DAGs
[2026-09-25T17:14:23.547+0000] {logging_mixin.py:190} INFO - [2026-09-25T17:14:23.547+0000] {dag.py:4180} INFO - Setting next_dagrun for example_nested_branch_dag to 2026-09-24 00:00:00+00:00, run_after=2026-09-25 00:00:00+00:00
[2026-09-25T17:14:24.175+0000] {processor.py:208} INFO - Processing /home/airflow/.local/lib/python3.12/site-packages/airflow/example_dags/example_nested_branch_dag.py took 2.037 seconds
[2026-09-25T17:15:09.158+0000] {processor.py:186} INFO - Started process (PID=1603) to work on /home/airflow/.local/lib/python3.12/site-packages/airflow/example_dags/example_nested_branch_dag.py
[2026-09-25T17:15:09.162+0000] {processor.py:914} INFO - Processing file /home/airflow/.local/lib/python3.12/site-packages/airflow/example_dags/example_nested_branch_dag.py for tasks to queue
[2026-09-25T17:15:09.169+0000] {logging_mixin.py:190} INFO - [2026-09-25T17:15:09.167+0000] {dagbag.py:588} INFO - Filling up the DagBag from /home/airflow/.local/lib/python3.12/site-packages/airflow/example_dags/example_nested_branch_dag.py
[2026-09-25T17:15:09.209+0000] {processor.py:925} INFO - DAG(s) 'example_nested_branch_dag' retrieved from /home/airflow/.local/lib/python3.12/site-packages/airflow/example_dags/example_nested_branch_dag.py
[2026-09-25T17:15:09.490+0000] {logging_mixin.py:190} INFO - [2026-09-25T17:15:09.490+0000] {dag.py:3239} INFO - Sync 1 DAGs
[2026-09-25T17:15:09.687+0000] {logging_mixin.py:190} INFO - [2026-09-25T17:15:09.686+0000] {dag.py:4180} INFO - Setting next_dagrun for example_nested_branch_dag to 2026-09-24 00:00:00+00:00, run_after=2026-09-25 00:00:00+00:00
[2026-09-25T17:15:09.775+0000] {processor.py:208} INFO - Processing /home/airflow/.local/lib/python3.12/site-packages/airflow/example_dags/example_nested_branch_dag.py took 0.653 seconds
[2026-09-25T17:15:41.597+0000] {processor.py:186} INFO - Started process (PID=1663) to work on /home/airflow/.local/lib/python3.12/site-packages/airflow/example_dags/example_nested_branch_dag.py
[2026-09-25T17:15:41.600+0000] {processor.py:914} INFO - Processing file /home/airflow/.local/lib/python3.12/site-packages/airflow/example_dags/example_nested_branch_dag.py for tasks to queue
[2026-09-25T17:15:41.606+0000] {logging_mixin.py:190} INFO - [2026-09-25T17:15:41.605+0000] {dagbag.py:588} INFO - Filling up the DagBag from /home/airflow/.local/lib/python3.12/site-packages/airflow/example_dags/example_nested_branch_dag.py
[2026-09-25T17:15:41.673+0000] {processor.py:925} INFO - DAG(s) 'example_nested_branch_dag' retrieved from /home/airflow/.local/lib/python3.12/site-packages/airflow/example_dags/example_nested_branch_dag.py
[2026-09-25T17:15:41.765+0000] {logging_mixin.py:190} INFO - [2026-09-25T17:15:41.764+0000] {dag.py:3239} INFO - Sync 1 DAGs
[2026-09-25T17:15:41.881+0000] {logging_mixin.py:190} INFO - [2026-09-25T17:15:41.881+0000] {dag.py:4180} INFO - Setting next_dagrun for example_nested_branch_dag to 2026-09-24 00:00:00+00:00, run_after=2026-09-25 00:00:00+00:00
[2026-09-25T17:15:41.964+0000] {processor.py:208} INFO - Processing /home/airflow/.local/lib/python3.12/site-packages/airflow/example_dags/example_nested_branch_dag.py took 0.390 seconds
[2026-09-25T17:16:15.781+0000] {processor.py:186} INFO - Started process (PID=1726) to work on /home/airflow/.local/lib/python3.12/site-packages/airflow/example_dags/example_nested_branch_dag.py
[2026-09-25T17:16:15.789+0000] {processor.py:914} INFO - Processing file /home/airflow/.local/lib/python3.12/site-packages/airflow/example_dags/example_nested_branch_dag.py for tasks to queue
[2026-09-25T17:16:15.799+0000] {logging_mixin.py:190} INFO - [2026-09-25T17:16:15.798+0000] {dagbag.py:588} INFO - Filling up the DagBag from /home/airflow/.local/lib/python3.12/site-packages/airflow/example_dags/example_nested_branch_dag.py
[2026-09-25T17:16:15.878+0000] {processor.py:925} INFO - DAG(s) 'example_nested_branch_dag' retrieved from /home/airflow/.local/lib/python3.12/site-packages/airflow/example_dags/example_nested_branch_dag.py
[2026-09-25T17:16:15.974+0000] {logging_mixin.py:190} INFO - [2026-09-25T17:16:15.973+0000] {dag.py:3239} INFO - Sync 1 DAGs
[2026-09-25T17:16:16.090+0000] {logging_mixin.py:190} INFO - [2026-09-25T17:16:16.089+0000] {dag.py:4180} INFO - Setting next_dagrun for example_nested_branch_dag to 2026-09-24 00:00:00+00:00, run_after=2026-09-25 00:00:00+00:00
[2026-09-25T17:16:16.302+0000] {processor.py:208} INFO - Processing /home/airflow/.local/lib/python3.12/site-packages/airflow/example_dags/example_nested_branch_dag.py took 0.562 seconds
[2026-09-25T17:16:54.229+0000] {processor.py:186} INFO - Started process (PID=1779) to work on /home/airflow/.local/lib/python3.12/site-packages/airflow/example_dags/example_nested_branch_dag.py
[2026-09-25T17:16:54.233+0000] {processor.py:914} INFO - Processing file /home/airflow/.local/lib/python3.12/site-packages/airflow/example_dags/example_nested_branch_dag.py for tasks to queue
[2026-09-25T17:16:54.242+0000] {logging_mixin.py:190} INFO - [2026-09-25T17:16:54.241+0000] {dagbag.py:588} INFO - Filling up the DagBag from /home/airflow/.local/lib/python3.12/site-packages/airflow/example_dags/example_nested_branch_dag.py
[2026-09-25T17:16:54.307+0000] {processor.py:925} INFO - DAG(s) 'example_nested_branch_dag' retrieved from /home/airflow/.local/lib/python3.12/site-packages/airflow/example_dags/example_nested_branch_dag.py
[2026-09-25T17:16:54.489+0000] {logging_mixin.py:190} INFO - [2026-09-25T17:16:54.486+0000] {dag.py:3239} INFO - Sync 1 DAGs
[2026-09-25T17:16:54.635+0000] {logging_mixin.py:190} INFO - [2026-09-25T17:16:54.634+0000] {dag.py:4180} INFO - Setting next_dagrun for example_nested_branch_dag to 2026-09-24 00:00:00+00:00, run_after=2026-09-25 00:00:00+00:00
[2026-09-25T17:16:54.714+0000] {processor.py:208} INFO - Processing /home/airflow/.local/lib/python3.12/site-packages/airflow/example_dags/example_nested_branch_dag.py took 0.503 seconds
[2026-09-25T17:17:25.325+0000] {processor.py:186} INFO - Started process (PID=1841) to work on /home/airflow/.local/lib/python3.12/site-packages/airflow/example_dags/example_nested_branch_dag.py
[2026-09-25T17:17:25.334+0000] {processor.py:914} INFO - Processing file /home/airflow/.local/lib/python3.12/site-packages/airflow/example_dags/example_nested_branch_dag.py for tasks to queue
[2026-09-25T17:17:25.343+0000] {logging_mixin.py:190} INFO - [2026-09-25T17:17:25.343+0000] {dagbag.py:588} INFO - Filling up the DagBag from /home/airflow/.local/lib/python3.12/site-packages/airflow/example_dags/example_nested_branch_dag.py
[2026-09-25T17:17:25.385+0000] {processor.py:925} INFO - DAG(s) 'example_nested_branch_dag' retrieved from /home/airflow/.local/lib/python3.12/site-packages/airflow/example_dags/example_nested_branch_dag.py
[2026-09-25T17:17:25.623+0000] {logging_mixin.py:190} INFO - [2026-09-25T17:17:25.622+0000] {dag.py:3239} INFO - Sync 1 DAGs
[2026-09-25T17:17:25.720+0000] {logging_mixin.py:190} INFO - [2026-09-25T17:17:25.720+0000] {dag.py:4180} INFO - Setting next_dagrun for example_nested_branch_dag to 2026-09-24 00:00:00+00:00, run_after=2026-09-25 00:00:00+00:00
[2026-09-25T17:17:25.792+0000] {processor.py:208} INFO - Processing /home/airflow/.local/lib/python3.12/site-packages/airflow/example_dags/example_nested_branch_dag.py took 0.478 seconds
[2026-09-25T17:17:57.063+0000] {processor.py:186} INFO - Started process (PID=1886) to work on /home/airflow/.local/lib/python3.12/site-packages/airflow/example_dags/example_nested_branch_dag.py
[2026-09-25T17:17:57.068+0000] {processor.py:914} INFO - Processing file /home/airflow/.local/lib/python3.12/site-packages/airflow/example_dags/example_nested_branch_dag.py for tasks to queue
[2026-09-25T17:17:57.075+0000] {logging_mixin.py:190} INFO - [2026-09-25T17:17:57.074+0000] {dagbag.py:588} INFO - Filling up the DagBag from /home/airflow/.local/lib/python3.12/site-packages/airflow/example_dags/example_nested_branch_dag.py
[2026-09-25T17:17:57.108+0000] {processor.py:925} INFO - DAG(s) 'example_nested_branch_dag' retrieved from /home/airflow/.local/lib/python3.12/site-packages/airflow/example_dags/example_nested_branch_dag.py
[2026-09-25T17:17:57.180+0000] {logging_mixin.py:190} INFO - [2026-09-25T17:17:57.179+0000] {dag.py:3239} INFO - Sync 1 DAGs
[2026-09-25T17:17:57.273+0000] {logging_mixin.py:190} INFO - [2026-09-25T17:17:57.271+0000] {dag.py:4180} INFO - Setting next_dagrun for example_nested_branch_dag to 2026-09-24 00:00:00+00:00, run_after=2026-09-25 00:00:00+00:00
[2026-09-25T17:17:57.338+0000] {processor.py:208} INFO - Processing /home/airflow/.local/lib/python3.12/site-packages/airflow/example_dags/example_nested_branch_dag.py took 0.289 seconds
[2026-09-25T17:18:28.912+0000] {processor.py:186} INFO - Started process (PID=1934) to work on /home/airflow/.local/lib/python3.12/site-packages/airflow/example_dags/example_nested_branch_dag.py
[2026-09-25T17:18:28.915+0000] {processor.py:914} INFO - Processing file /home/airflow/.local/lib/python3.12/site-packages/airflow/example_dags/example_nested_branch_dag.py for tasks to queue
[2026-09-25T17:18:28.923+0000] {logging_mixin.py:190} INFO - [2026-09-25T17:18:28.923+0000] {dagbag.py:588} INFO - Filling up the DagBag from /home/airflow/.local/lib/python3.12/site-packages/airflow/example_dags/example_nested_branch_dag.py
[2026-09-25T17:18:28.964+0000] {processor.py:925} INFO - DAG(s) 'example_nested_branch_dag' retrieved from /home/airflow/.local/lib/python3.12/site-packages/airflow/example_dags/example_nested_branch_dag.py
[2026-09-25T17:18:29.037+0000] {logging_mixin.py:190} INFO - [2026-09-25T17:18:29.037+0000] {dag.py:3239} INFO - Sync 1 DAGs
[2026-09-25T17:18:29.115+0000] {logging_mixin.py:190} INFO - [2026-09-25T17:18:29.114+0000] {dag.py:4180} INFO - Setting next_dagrun for example_nested_branch_dag to 2026-09-24 00:00:00+00:00, run_after=2026-09-25 00:00:00+00:00
[2026-09-25T17:18:29.161+0000] {processor.py:208} INFO - Processing /home/airflow/.local/lib/python3.12/site-packages/airflow/example_dags/example_nested_branch_dag.py took 0.279 seconds
[2026-09-25T17:19:01.160+0000] {processor.py:186} INFO - Started process (PID=2001) to work on /home/airflow/.local/lib/python3.12/site-packages/airflow/example_dags/example_nested_branch_dag.py
[2026-09-25T17:19:01.163+0000] {processor.py:914} INFO - Processing file /home/airflow/.local/lib/python3.12/site-packages/airflow/example_dags/example_nested_branch_dag.py for tasks to queue
[2026-09-25T17:19:01.171+0000] {logging_mixin.py:190} INFO - [2026-09-25T17:19:01.170+0000] {dagbag.py:588} INFO - Filling up the DagBag from /home/airflow/.local/lib/python3.12/site-packages/airflow/example_dags/example_nested_branch_dag.py
[2026-09-25T17:19:01.241+0000] {processor.py:925} INFO - DAG(s) 'example_nested_branch_dag' retrieved from /home/airflow/.local/lib/python3.12/site-packages/airflow/example_dags/example_nested_branch_dag.py
[2026-09-25T17:19:01.307+0000] {logging_mixin.py:190} INFO - [2026-09-25T17:19:01.306+0000] {dag.py:3239} INFO - Sync 1 DAGs
[2026-09-25T17:19:01.476+0000] {logging_mixin.py:190} INFO - [2026-09-25T17:19:01.475+0000] {dag.py:4180} INFO - Setting next_dagrun for example_nested_branch_dag to 2026-09-24 00:00:00+00:00, run_after=2026-09-25 00:00:00+00:00
[2026-09-25T17:19:01.555+0000] {processor.py:208} INFO - Processing /home/airflow/.local/lib/python3.12/site-packages/airflow/example_dags/example_nested_branch_dag.py took 0.433 seconds
[2026-09-25T17:19:32.119+0000] {processor.py:186} INFO - Started process (PID=2063) to work on /home/airflow/.local/lib/python3.12/site-packages/airflow/example_dags/example_nested_branch_dag.py
[2026-09-25T17:19:32.125+0000] {processor.py:914} INFO - Processing file /home/airflow/.local/lib/python3.12/site-packages/airflow/example_dags/example_nested_branch_dag.py for tasks to queue
[2026-09-25T17:19:32.158+0000] {logging_mixin.py:190} INFO - [2026-09-25T17:19:32.156+0000] {dagbag.py:588} INFO - Filling up the DagBag from /home/airflow/.local/lib/python3.12/site-packages/airflow/example_dags/example_nested_branch_dag.py
[2026-09-25T17:19:32.252+0000] {processor.py:925} INFO - DAG(s) 'example_nested_branch_dag' retrieved from /home/airflow/.local/lib/python3.12/site-packages/airflow/example_dags/example_nested_branch_dag.py
[2026-09-25T17:19:32.416+0000] {logging_mixin.py:190} INFO - [2026-09-25T17:19:32.415+0000] {dag.py:3239} INFO - Sync 1 DAGs
[2026-09-25T17:19:32.551+0000] {logging_mixin.py:190} INFO - [2026-09-25T17:19:32.550+0000] {dag.py:4180} INFO - Setting next_dagrun for example_nested_branch_dag to 2026-09-24 00:00:00+00:00, run_after=2026-09-25 00:00:00+00:00
[2026-09-25T17:19:32.711+0000] {processor.py:208} INFO - Processing /home/airflow/.local/lib/python3.12/site-packages/airflow/example_dags/example_nested_branch_dag.py took 0.621 seconds
[2026-09-25T17:20:02.888+0000] {processor.py:186} INFO - Started process (PID=2125) to work on /home/airflow/.local/lib/python3.12/site-packages/airflow/example_dags/example_nested_branch_dag.py
[2026-09-25T17:20:02.892+0000] {processor.py:914} INFO - Processing file /home/airflow/.local/lib/python3.12/site-packages/airflow/example_dags/example_nested_branch_dag.py for tasks to queue
[2026-09-25T17:20:02.902+0000] {logging_mixin.py:190} INFO - [2026-09-25T17:20:02.901+0000] {dagbag.py:588} INFO - Filling up the DagBag from /home/airflow/.local/lib/python3.12/site-packages/airflow/example_dags/example_nested_branch_dag.py
[2026-09-25T17:20:02.960+0000] {processor.py:925} INFO - DAG(s) 'example_nested_branch_dag' retrieved from /home/airflow/.local/lib/python3.12/site-packages/airflow/example_dags/example_nested_branch_dag.py
[2026-09-25T17:20:03.067+0000] {logging_mixin.py:190} INFO - [2026-09-25T17:20:03.066+0000] {dag.py:3239} INFO - Sync 1 DAGs
[2026-09-25T17:20:03.272+0000] {logging_mixin.py:190} INFO - [2026-09-25T17:20:03.271+0000] {dag.py:4180} INFO - Setting next_dagrun for example_nested_branch_dag to 2026-09-24 00:00:00+00:00, run_after=2026-09-25 00:00:00+00:00
[2026-09-25T17:20:03.374+0000] {processor.py:208} INFO - Processing /home/airflow/.local/lib/python3.12/site-packages/airflow/example_dags/example_nested_branch_dag.py took 0.512 seconds
[2026-09-25T17:20:36.958+0000] {processor.py:186} INFO - Started process (PID=2162) to work on /home/airflow/.local/lib/python3.12/site-packages/airflow/example_dags/example_nested_branch_dag.py
[2026-09-25T17:20:36.963+0000] {processor.py:914} INFO - Processing file /home/airflow/.local/lib/python3.12/site-packages/airflow/example_dags/example_nested_branch_dag.py for tasks to queue
[2026-09-25T17:20:36.972+0000] {logging_mixin.py:190} INFO - [2026-09-25T17:20:36.971+0000] {dagbag.py:588} INFO - Filling up the DagBag from /home/airflow/.local/lib/python3.12/site-packages/airflow/example_dags/example_nested_branch_dag.py
[2026-09-25T17:20:37.044+0000] {processor.py:925} INFO - DAG(s) 'example_nested_branch_dag' retrieved from /home/airflow/.local/lib/python3.12/site-packages/airflow/example_dags/example_nested_branch_dag.py
[2026-09-25T17:20:37.149+0000] {logging_mixin.py:190} INFO - [2026-09-25T17:20:37.145+0000] {dag.py:3239} INFO - Sync 1 DAGs
[2026-09-25T17:20:37.274+0000] {logging_mixin.py:190} INFO - [2026-09-25T17:20:37.274+0000] {dag.py:4180} INFO - Setting next_dagrun for example_nested_branch_dag to 2026-09-24 00:00:00+00:00, run_after=2026-09-25 00:00:00+00:00
[2026-09-25T17:20:37.343+0000] {processor.py:208} INFO - Processing /home/airflow/.local/lib/python3.12/site-packages/airflow/example_dags/example_nested_branch_dag.py took 0.434 seconds
[2026-09-25T17:21:15.826+0000] {processor.py:186} INFO - Started process (PID=2217) to work on /home/airflow/.local/lib/python3.12/site-packages/airflow/example_dags/example_nested_branch_dag.py
[2026-09-25T17:21:15.828+0000] {processor.py:914} INFO - Processing file /home/airflow/.local/lib/python3.12/site-packages/airflow/example_dags/example_nested_branch_dag.py for tasks to queue
[2026-09-25T17:21:15.847+0000] {logging_mixin.py:190} INFO - [2026-09-25T17:21:15.846+0000] {dagbag.py:588} INFO - Filling up the DagBag from /home/airflow/.local/lib/python3.12/site-packages/airflow/example_dags/example_nested_branch_dag.py
[2026-09-25T17:21:15.893+0000] {processor.py:925} INFO - DAG(s) 'example_nested_branch_dag' retrieved from /home/airflow/.local/lib/python3.12/site-packages/airflow/example_dags/example_nested_branch_dag.py
[2026-09-25T17:21:16.013+0000] {logging_mixin.py:190} INFO - [2026-09-25T17:21:16.010+0000] {dag.py:3239} INFO - Sync 1 DAGs
[2026-09-25T17:21:16.110+0000] {logging_mixin.py:190} INFO - [2026-09-25T17:21:16.110+0000] {dag.py:4180} INFO - Setting next_dagrun for example_nested_branch_dag to 2026-09-24 00:00:00+00:00, run_after=2026-09-25 00:00:00+00:00
[2026-09-25T17:21:16.200+0000] {processor.py:208} INFO - Processing /home/airflow/.local/lib/python3.12/site-packages/airflow/example_dags/example_nested_branch_dag.py took 0.405 seconds
[2026-09-25T17:22:14.056+0000] {processor.py:186} INFO - Started process (PID=2284) to work on /home/airflow/.local/lib/python3.12/site-packages/airflow/example_dags/example_nested_branch_dag.py
[2026-09-25T17:22:14.093+0000] {processor.py:914} INFO - Processing file /home/airflow/.local/lib/python3.12/site-packages/airflow/example_dags/example_nested_branch_dag.py for tasks to queue
[2026-09-25T17:22:14.106+0000] {logging_mixin.py:190} INFO - [2026-09-25T17:22:14.105+0000] {dagbag.py:588} INFO - Filling up the DagBag from /home/airflow/.local/lib/python3.12/site-packages/airflow/example_dags/example_nested_branch_dag.py
[2026-09-25T17:22:14.199+0000] {processor.py:925} INFO - DAG(s) 'example_nested_branch_dag' retrieved from /home/airflow/.local/lib/python3.12/site-packages/airflow/example_dags/example_nested_branch_dag.py
[2026-09-25T17:22:14.368+0000] {logging_mixin.py:190} INFO - [2026-09-25T17:22:14.364+0000] {dag.py:3239} INFO - Sync 1 DAGs
[2026-09-25T17:22:14.607+0000] {logging_mixin.py:190} INFO - [2026-09-25T17:22:14.597+0000] {dag.py:4180} INFO - Setting next_dagrun for example_nested_branch_dag to 2026-09-24 00:00:00+00:00, run_after=2026-09-25 00:00:00+00:00
[2026-09-25T17:22:14.752+0000] {processor.py:208} INFO - Processing /home/airflow/.local/lib/python3.12/site-packages/airflow/example_dags/example_nested_branch_dag.py took 0.751 seconds
[2026-09-25T17:22:48.204+0000] {processor.py:186} INFO - Started process (PID=2337) to work on /home/airflow/.local/lib/python3.12/site-packages/airflow/example_dags/example_nested_branch_dag.py
[2026-09-25T17:22:48.207+0000] {processor.py:914} INFO - Processing file /home/airflow/.local/lib/python3.12/site-packages/airflow/example_dags/example_nested_branch_dag.py for tasks to queue
[2026-09-25T17:22:48.215+0000] {logging_mixin.py:190} INFO - [2026-09-25T17:22:48.214+0000] {dagbag.py:588} INFO - Filling up the DagBag from /home/airflow/.local/lib/python3.12/site-packages/airflow/example_dags/example_nested_branch_dag.py
[2026-09-25T17:22:48.268+0000] {processor.py:925} INFO - DAG(s) 'example_nested_branch_dag' retrieved from /home/airflow/.local/lib/python3.12/site-packages/airflow/example_dags/example_nested_branch_dag.py
[2026-09-25T17:22:48.342+0000] {logging_mixin.py:190} INFO - [2026-09-25T17:22:48.341+0000] {dag.py:3239} INFO - Sync 1 DAGs
[2026-09-25T17:22:48.442+0000] {logging_mixin.py:190} INFO - [2026-09-25T17:22:48.442+0000] {dag.py:4180} INFO - Setting next_dagrun for example_nested_branch_dag to 2026-09-24 00:00:00+00:00, run_after=2026-09-25 00:00:00+00:00
[2026-09-25T17:22:48.505+0000] {processor.py:208} INFO - Processing /home/airflow/.local/lib/python3.12/site-packages/airflow/example_dags/example_nested_branch_dag.py took 0.319 seconds
[2026-09-25T17:23:18.812+0000] {processor.py:186} INFO - Started process (PID=2379) to work on /home/airflow/.local/lib/python3.12/site-packages/airflow/example_dags/example_nested_branch_dag.py
[2026-09-25T17:23:18.817+0000] {processor.py:914} INFO - Processing file /home/airflow/.local/lib/python3.12/site-packages/airflow/example_dags/example_nested_branch_dag.py for tasks to queue
[2026-09-25T17:23:18.848+0000] {logging_mixin.py:190} INFO - [2026-09-25T17:23:18.846+0000] {dagbag.py:588} INFO - Filling up the DagBag from /home/airflow/.local/lib/python3.12/site-packages/airflow/example_dags/example_nested_branch_dag.py
[2026-09-25T17:23:18.984+0000] {processor.py:925} INFO - DAG(s) 'example_nested_branch_dag' retrieved from /home/airflow/.local/lib/python3.12/site-packages/airflow/example_dags/example_nested_branch_dag.py
[2026-09-25T17:23:19.099+0000] {logging_mixin.py:190} INFO - [2026-09-25T17:23:19.098+0000] {dag.py:3239} INFO - Sync 1 DAGs
[2026-09-25T17:23:19.215+0000] {logging_mixin.py:190} INFO - [2026-09-25T17:23:19.214+0000] {dag.py:4180} INFO - Setting next_dagrun for example_nested_branch_dag to 2026-09-24 00:00:00+00:00, run_after=2026-09-25 00:00:00+00:00
[2026-09-25T17:23:19.375+0000] {processor.py:208} INFO - Processing /home/airflow/.local/lib/python3.12/site-packages/airflow/example_dags/example_nested_branch_dag.py took 0.593 seconds
[2026-09-25T17:23:50.459+0000] {processor.py:186} INFO - Started process (PID=2439) to work on /home/airflow/.local/lib/python3.12/site-packages/airflow/example_dags/example_nested_branch_dag.py
[2026-09-25T17:23:50.474+0000] {processor.py:914} INFO - Processing file /home/airflow/.local/lib/python3.12/site-packages/airflow/example_dags/example_nested_branch_dag.py for tasks to queue
[2026-09-25T17:23:50.506+0000] {logging_mixin.py:190} INFO - [2026-09-25T17:23:50.497+0000] {dagbag.py:588} INFO - Filling up the DagBag from /home/airflow/.local/lib/python3.12/site-packages/airflow/example_dags/example_nested_branch_dag.py
[2026-09-25T17:23:50.641+0000] {processor.py:925} INFO - DAG(s) 'example_nested_branch_dag' retrieved from /home/airflow/.local/lib/python3.12/site-packages/airflow/example_dags/example_nested_branch_dag.py
[2026-09-25T17:23:51.030+0000] {logging_mixin.py:190} INFO - [2026-09-25T17:23:51.029+0000] {dag.py:3239} INFO - Sync 1 DAGs
[2026-09-25T17:23:51.233+0000] {logging_mixin.py:190} INFO - [2026-09-25T17:23:51.232+0000] {dag.py:4180} INFO - Setting next_dagrun for example_nested_branch_dag to 2026-09-24 00:00:00+00:00, run_after=2026-09-25 00:00:00+00:00
[2026-09-25T17:23:51.406+0000] {processor.py:208} INFO - Processing /home/airflow/.local/lib/python3.12/site-packages/airflow/example_dags/example_nested_branch_dag.py took 0.993 seconds
[2026-09-25T17:24:23.400+0000] {processor.py:186} INFO - Started process (PID=2497) to work on /home/airflow/.local/lib/python3.12/site-packages/airflow/example_dags/example_nested_branch_dag.py
[2026-09-25T17:24:23.405+0000] {processor.py:914} INFO - Processing file /home/airflow/.local/lib/python3.12/site-packages/airflow/example_dags/example_nested_branch_dag.py for tasks to queue
[2026-09-25T17:24:23.428+0000] {logging_mixin.py:190} INFO - [2026-09-25T17:24:23.427+0000] {dagbag.py:588} INFO - Filling up the DagBag from /home/airflow/.local/lib/python3.12/site-packages/airflow/example_dags/example_nested_branch_dag.py
[2026-09-25T17:24:23.525+0000] {processor.py:925} INFO - DAG(s) 'example_nested_branch_dag' retrieved from /home/airflow/.local/lib/python3.12/site-packages/airflow/example_dags/example_nested_branch_dag.py
[2026-09-25T17:24:23.763+0000] {logging_mixin.py:190} INFO - [2026-09-25T17:24:23.762+0000] {dag.py:3239} INFO - Sync 1 DAGs
[2026-09-25T17:24:24.039+0000] {logging_mixin.py:190} INFO - [2026-09-25T17:24:24.038+0000] {dag.py:4180} INFO - Setting next_dagrun for example_nested_branch_dag to 2026-09-24 00:00:00+00:00, run_after=2026-09-25 00:00:00+00:00
[2026-09-25T17:24:24.275+0000] {processor.py:208} INFO - Processing /home/airflow/.local/lib/python3.12/site-packages/airflow/example_dags/example_nested_branch_dag.py took 0.969 seconds
[2026-09-25T17:24:54.771+0000] {processor.py:186} INFO - Started process (PID=2560) to work on /home/airflow/.local/lib/python3.12/site-packages/airflow/example_dags/example_nested_branch_dag.py
[2026-09-25T17:24:54.774+0000] {processor.py:914} INFO - Processing file /home/airflow/.local/lib/python3.12/site-packages/airflow/example_dags/example_nested_branch_dag.py for tasks to queue
[2026-09-25T17:24:54.784+0000] {logging_mixin.py:190} INFO - [2026-09-25T17:24:54.782+0000] {dagbag.py:588} INFO - Filling up the DagBag from /home/airflow/.local/lib/python3.12/site-packages/airflow/example_dags/example_nested_branch_dag.py
[2026-09-25T17:24:54.820+0000] {processor.py:925} INFO - DAG(s) 'example_nested_branch_dag' retrieved from /home/airflow/.local/lib/python3.12/site-packages/airflow/example_dags/example_nested_branch_dag.py
[2026-09-25T17:24:54.903+0000] {logging_mixin.py:190} INFO - [2026-09-25T17:24:54.902+0000] {dag.py:3239} INFO - Sync 1 DAGs
[2026-09-25T17:24:55.205+0000] {logging_mixin.py:190} INFO - [2026-09-25T17:24:55.197+0000] {dag.py:4180} INFO - Setting next_dagrun for example_nested_branch_dag to 2026-09-24 00:00:00+00:00, run_after=2026-09-25 00:00:00+00:00
[2026-09-25T17:24:55.329+0000] {processor.py:208} INFO - Processing /home/airflow/.local/lib/python3.12/site-packages/airflow/example_dags/example_nested_branch_dag.py took 0.579 seconds
