[2026-09-25T16:16:16.325+0000] {processor.py:186} INFO - Started process (PID=127) to work on /home/airflow/.local/lib/python3.12/site-packages/airflow/example_dags/example_subdag_operator.py
[2026-09-25T16:16:16.341+0000] {processor.py:914} INFO - Processing file /home/airflow/.local/lib/python3.12/site-packages/airflow/example_dags/example_subdag_operator.py for tasks to queue
[2026-09-25T16:16:16.385+0000] {logging_mixin.py:190} INFO - [2026-09-25T16:16:16.385+0000] {dagbag.py:588} INFO - Filling up the DagBag from /home/airflow/.local/lib/python3.12/site-packages/airflow/example_dags/example_subdag_operator.py
[2026-09-25T16:16:17.572+0000] {processor.py:925} INFO - DAG(s) 'example_subdag_operator.section-1', 'example_subdag_operator.section-2', 'example_subdag_operator' retrieved from /home/airflow/.local/lib/python3.12/site-packages/airflow/example_dags/example_subdag_operator.py
[2026-09-25T16:16:18.236+0000] {logging_mixin.py:190} INFO - [2026-09-25T16:16:18.235+0000] {dag.py:3239} INFO - Sync 3 DAGs
[2026-09-25T16:16:19.042+0000] {logging_mixin.py:190} INFO - [2026-09-25T16:16:19.040+0000] {dag.py:4180} INFO - Setting next_dagrun for example_subdag_operator to 2022-01-01 00:00:00+00:00, run_after=2022-01-01 00:00:00+00:00
[2026-09-25T16:16:19.243+0000] {logging_mixin.py:190} INFO - [2026-09-25T16:16:19.243+0000] {dag.py:4180} INFO - Setting next_dagrun for example_subdag_operator.section-1 to None, run_after=None
[2026-09-25T16:16:19.272+0000] {logging_mixin.py:190} INFO - [2026-09-25T16:16:19.271+0000] {dag.py:4180} INFO - Setting next_dagrun for example_subdag_operator.section-2 to None, run_after=None
[2026-09-25T16:16:19.565+0000] {logging_mixin.py:190} INFO - [2026-09-25T16:16:19.507+0000] {dag.py:3239} INFO - Sync 2 DAGs
[2026-09-25T16:16:19.691+0000] {logging_mixin.py:190} INFO - [2026-09-25T16:16:19.690+0000] {dag.py:4180} INFO - Setting next_dagrun for example_subdag_operator.section-1 to None, run_after=None
[2026-09-25T16:16:19.696+0000] {logging_mixin.py:190} INFO - [2026-09-25T16:16:19.694+0000] {dag.py:4180} INFO - Setting next_dagrun for example_subdag_operator.section-2 to None, run_after=None
[2026-09-25T16:16:19.970+0000] {processor.py:208} INFO - Processing /home/airflow/.local/lib/python3.12/site-packages/airflow/example_dags/example_subdag_operator.py took 3.941 seconds
[2026-09-25T16:19:07.268+0000] {processor.py:186} INFO - Started process (PID=220) to work on /home/airflow/.local/lib/python3.12/site-packages/airflow/example_dags/example_subdag_operator.py
[2026-09-25T16:19:07.438+0000] {processor.py:914} INFO - Processing file /home/airflow/.local/lib/python3.12/site-packages/airflow/example_dags/example_subdag_operator.py for tasks to queue
[2026-09-25T16:19:07.529+0000] {logging_mixin.py:190} INFO - [2026-09-25T16:19:07.468+0000] {dagbag.py:588} INFO - Filling up the DagBag from /home/airflow/.local/lib/python3.12/site-packages/airflow/example_dags/example_subdag_operator.py
[2026-09-25T16:19:08.392+0000] {processor.py:925} INFO - DAG(s) 'example_subdag_operator.section-1', 'example_subdag_operator.section-2', 'example_subdag_operator' retrieved from /home/airflow/.local/lib/python3.12/site-packages/airflow/example_dags/example_subdag_operator.py
[2026-09-25T16:19:09.038+0000] {logging_mixin.py:190} INFO - [2026-09-25T16:19:09.038+0000] {dag.py:3239} INFO - Sync 3 DAGs
[2026-09-25T16:19:09.793+0000] {logging_mixin.py:190} INFO - [2026-09-25T16:19:09.791+0000] {dag.py:4180} INFO - Setting next_dagrun for example_subdag_operator to 2022-01-01 00:00:00+00:00, run_after=2022-01-01 00:00:00+00:00
[2026-09-25T16:19:09.867+0000] {logging_mixin.py:190} INFO - [2026-09-25T16:19:09.857+0000] {dag.py:4180} INFO - Setting next_dagrun for example_subdag_operator.section-1 to None, run_after=None
[2026-09-25T16:19:09.905+0000] {logging_mixin.py:190} INFO - [2026-09-25T16:19:09.905+0000] {dag.py:4180} INFO - Setting next_dagrun for example_subdag_operator.section-2 to None, run_after=None
[2026-09-25T16:19:09.944+0000] {logging_mixin.py:190} INFO - [2026-09-25T16:19:09.943+0000] {dag.py:3239} INFO - Sync 2 DAGs
[2026-09-25T16:19:10.074+0000] {logging_mixin.py:190} INFO - [2026-09-25T16:19:10.069+0000] {dag.py:4180} INFO - Setting next_dagrun for example_subdag_operator.section-1 to None, run_after=None
[2026-09-25T16:19:10.100+0000] {logging_mixin.py:190} INFO - [2026-09-25T16:19:10.099+0000] {dag.py:4180} INFO - Setting next_dagrun for example_subdag_operator.section-2 to None, run_after=None
[2026-09-25T16:19:10.351+0000] {processor.py:208} INFO - Processing /home/airflow/.local/lib/python3.12/site-packages/airflow/example_dags/example_subdag_operator.py took 3.443 seconds
[2026-09-25T16:21:05.795+0000] {processor.py:186} INFO - Started process (PID=331) to work on /home/airflow/.local/lib/python3.12/site-packages/airflow/example_dags/example_subdag_operator.py
[2026-09-25T16:21:05.797+0000] {processor.py:914} INFO - Processing file /home/airflow/.local/lib/python3.12/site-packages/airflow/example_dags/example_subdag_operator.py for tasks to queue
[2026-09-25T16:21:05.840+0000] {logging_mixin.py:190} INFO - [2026-09-25T16:21:05.839+0000] {dagbag.py:588} INFO - Filling up the DagBag from /home/airflow/.local/lib/python3.12/site-packages/airflow/example_dags/example_subdag_operator.py
[2026-09-25T16:21:05.999+0000] {processor.py:925} INFO - DAG(s) 'example_subdag_operator.section-1', 'example_subdag_operator.section-2', 'example_subdag_operator' retrieved from /home/airflow/.local/lib/python3.12/site-packages/airflow/example_dags/example_subdag_operator.py
[2026-09-25T16:21:06.116+0000] {logging_mixin.py:190} INFO - [2026-09-25T16:21:06.115+0000] {dag.py:3239} INFO - Sync 3 DAGs
[2026-09-25T16:21:06.376+0000] {logging_mixin.py:190} INFO - [2026-09-25T16:21:06.372+0000] {dag.py:4180} INFO - Setting next_dagrun for example_subdag_operator to 2022-01-01 00:00:00+00:00, run_after=2022-01-01 00:00:00+00:00
[2026-09-25T16:21:06.421+0000] {logging_mixin.py:190} INFO - [2026-09-25T16:21:06.421+0000] {dag.py:4180} INFO - Setting next_dagrun for example_subdag_operator.section-1 to None, run_after=None
[2026-09-25T16:21:06.444+0000] {logging_mixin.py:190} INFO - [2026-09-25T16:21:06.444+0000] {dag.py:4180} INFO - Setting next_dagrun for example_subdag_operator.section-2 to None, run_after=None
[2026-09-25T16:21:06.783+0000] {logging_mixin.py:190} INFO - [2026-09-25T16:21:06.697+0000] {dag.py:3239} INFO - Sync 2 DAGs
[2026-09-25T16:21:06.906+0000] {logging_mixin.py:190} INFO - [2026-09-25T16:21:06.901+0000] {dag.py:4180} INFO - Setting next_dagrun for example_subdag_operator.section-1 to None, run_after=None
[2026-09-25T16:21:06.922+0000] {logging_mixin.py:190} INFO - [2026-09-25T16:21:06.921+0000] {dag.py:4180} INFO - Setting next_dagrun for example_subdag_operator.section-2 to None, run_after=None
[2026-09-25T16:21:06.998+0000] {processor.py:208} INFO - Processing /home/airflow/.local/lib/python3.12/site-packages/airflow/example_dags/example_subdag_operator.py took 1.251 seconds
[2026-09-25T16:22:04.734+0000] {processor.py:186} INFO - Started process (PID=394) to work on /home/airflow/.local/lib/python3.12/site-packages/airflow/example_dags/example_subdag_operator.py
[2026-09-25T16:22:04.774+0000] {processor.py:914} INFO - Processing file /home/airflow/.local/lib/python3.12/site-packages/airflow/example_dags/example_subdag_operator.py for tasks to queue
[2026-09-25T16:22:04.784+0000] {logging_mixin.py:190} INFO - [2026-09-25T16:22:04.783+0000] {dagbag.py:588} INFO - Filling up the DagBag from /home/airflow/.local/lib/python3.12/site-packages/airflow/example_dags/example_subdag_operator.py
[2026-09-25T16:22:05.119+0000] {processor.py:925} INFO - DAG(s) 'example_subdag_operator.section-1', 'example_subdag_operator.section-2', 'example_subdag_operator' retrieved from /home/airflow/.local/lib/python3.12/site-packages/airflow/example_dags/example_subdag_operator.py
[2026-09-25T16:22:05.456+0000] {logging_mixin.py:190} INFO - [2026-09-25T16:22:05.455+0000] {dag.py:3239} INFO - Sync 3 DAGs
[2026-09-25T16:22:05.905+0000] {logging_mixin.py:190} INFO - [2026-09-25T16:22:05.905+0000] {dag.py:4180} INFO - Setting next_dagrun for example_subdag_operator to 2022-01-01 00:00:00+00:00, run_after=2022-01-01 00:00:00+00:00
[2026-09-25T16:22:05.974+0000] {logging_mixin.py:190} INFO - [2026-09-25T16:22:05.974+0000] {dag.py:4180} INFO - Setting next_dagrun for example_subdag_operator.section-1 to None, run_after=None
[2026-09-25T16:22:05.983+0000] {logging_mixin.py:190} INFO - [2026-09-25T16:22:05.983+0000] {dag.py:4180} INFO - Setting next_dagrun for example_subdag_operator.section-2 to None, run_after=None
[2026-09-25T16:22:06.100+0000] {logging_mixin.py:190} INFO - [2026-09-25T16:22:06.099+0000] {dag.py:3239} INFO - Sync 2 DAGs
[2026-09-25T16:22:06.192+0000] {logging_mixin.py:190} INFO - [2026-09-25T16:22:06.191+0000] {dag.py:4180} INFO - Setting next_dagrun for example_subdag_operator.section-1 to None, run_after=None
[2026-09-25T16:22:06.199+0000] {logging_mixin.py:190} INFO - [2026-09-25T16:22:06.198+0000] {dag.py:4180} INFO - Setting next_dagrun for example_subdag_operator.section-2 to None, run_after=None
[2026-09-25T16:22:06.549+0000] {processor.py:208} INFO - Processing /home/airflow/.local/lib/python3.12/site-packages/airflow/example_dags/example_subdag_operator.py took 2.660 seconds
[2026-09-25T16:22:57.216+0000] {processor.py:186} INFO - Started process (PID=452) to work on /home/airflow/.local/lib/python3.12/site-packages/airflow/example_dags/example_subdag_operator.py
[2026-09-25T16:22:57.223+0000] {processor.py:914} INFO - Processing file /home/airflow/.local/lib/python3.12/site-packages/airflow/example_dags/example_subdag_operator.py for tasks to queue
[2026-09-25T16:22:57.237+0000] {logging_mixin.py:190} INFO - [2026-09-25T16:22:57.234+0000] {dagbag.py:588} INFO - Filling up the DagBag from /home/airflow/.local/lib/python3.12/site-packages/airflow/example_dags/example_subdag_operator.py
[2026-09-25T16:22:57.476+0000] {processor.py:925} INFO - DAG(s) 'example_subdag_operator.section-1', 'example_subdag_operator.section-2', 'example_subdag_operator' retrieved from /home/airflow/.local/lib/python3.12/site-packages/airflow/example_dags/example_subdag_operator.py
[2026-09-25T16:22:57.534+0000] {logging_mixin.py:190} INFO - [2026-09-25T16:22:57.533+0000] {dag.py:3239} INFO - Sync 3 DAGs
[2026-09-25T16:22:57.651+0000] {logging_mixin.py:190} INFO - [2026-09-25T16:22:57.642+0000] {dag.py:4180} INFO - Setting next_dagrun for example_subdag_operator to 2022-01-01 00:00:00+00:00, run_after=2022-01-01 00:00:00+00:00
[2026-09-25T16:22:57.667+0000] {logging_mixin.py:190} INFO - [2026-09-25T16:22:57.666+0000] {dag.py:4180} INFO - Setting next_dagrun for example_subdag_operator.section-1 to None, run_after=None
[2026-09-25T16:22:57.675+0000] {logging_mixin.py:190} INFO - [2026-09-25T16:22:57.675+0000] {dag.py:4180} INFO - Setting next_dagrun for example_subdag_operator.section-2 to None, run_after=None
[2026-09-25T16:22:57.718+0000] {logging_mixin.py:190} INFO - [2026-09-25T16:22:57.716+0000] {dag.py:3239} INFO - Sync 2 DAGs
[2026-09-25T16:22:57.738+0000] {logging_mixin.py:190} INFO - [2026-09-25T16:22:57.738+0000] {dag.py:4180} INFO - Setting next_dagrun for example_subdag_operator.section-1 to None, run_after=None
[2026-09-25T16:22:57.742+0000] {logging_mixin.py:190} INFO - [2026-09-25T16:22:57.741+0000] {dag.py:4180} INFO - Setting next_dagrun for example_subdag_operator.section-2 to None, run_after=None
[2026-09-25T16:22:57.788+0000] {processor.py:208} INFO - Processing /home/airflow/.local/lib/python3.12/site-packages/airflow/example_dags/example_subdag_operator.py took 0.613 seconds
[2026-09-25T16:23:29.037+0000] {processor.py:186} INFO - Started process (PID=515) to work on /home/airflow/.local/lib/python3.12/site-packages/airflow/example_dags/example_subdag_operator.py
[2026-09-25T16:23:29.040+0000] {processor.py:914} INFO - Processing file /home/airflow/.local/lib/python3.12/site-packages/airflow/example_dags/example_subdag_operator.py for tasks to queue
[2026-09-25T16:23:29.046+0000] {logging_mixin.py:190} INFO - [2026-09-25T16:23:29.045+0000] {dagbag.py:588} INFO - Filling up the DagBag from /home/airflow/.local/lib/python3.12/site-packages/airflow/example_dags/example_subdag_operator.py
[2026-09-25T16:23:29.116+0000] {processor.py:925} INFO - DAG(s) 'example_subdag_operator.section-1', 'example_subdag_operator.section-2', 'example_subdag_operator' retrieved from /home/airflow/.local/lib/python3.12/site-packages/airflow/example_dags/example_subdag_operator.py
[2026-09-25T16:23:29.212+0000] {logging_mixin.py:190} INFO - [2026-09-25T16:23:29.211+0000] {dag.py:3239} INFO - Sync 3 DAGs
[2026-09-25T16:23:29.298+0000] {logging_mixin.py:190} INFO - [2026-09-25T16:23:29.297+0000] {dag.py:4180} INFO - Setting next_dagrun for example_subdag_operator to 2022-01-01 00:00:00+00:00, run_after=2022-01-01 00:00:00+00:00
[2026-09-25T16:23:29.312+0000] {logging_mixin.py:190} INFO - [2026-09-25T16:23:29.311+0000] {dag.py:4180} INFO - Setting next_dagrun for example_subdag_operator.section-1 to None, run_after=None
[2026-09-25T16:23:29.317+0000] {logging_mixin.py:190} INFO - [2026-09-25T16:23:29.316+0000] {dag.py:4180} INFO - Setting next_dagrun for example_subdag_operator.section-2 to None, run_after=None
[2026-09-25T16:23:29.338+0000] {logging_mixin.py:190} INFO - [2026-09-25T16:23:29.338+0000] {dag.py:3239} INFO - Sync 2 DAGs
[2026-09-25T16:23:29.357+0000] {logging_mixin.py:190} INFO - [2026-09-25T16:23:29.356+0000] {dag.py:4180} INFO - Setting next_dagrun for example_subdag_operator.section-1 to None, run_after=None
[2026-09-25T16:23:29.366+0000] {logging_mixin.py:190} INFO - [2026-09-25T16:23:29.366+0000] {dag.py:4180} INFO - Setting next_dagrun for example_subdag_operator.section-2 to None, run_after=None
[2026-09-25T16:23:29.424+0000] {processor.py:208} INFO - Processing /home/airflow/.local/lib/python3.12/site-packages/airflow/example_dags/example_subdag_operator.py took 0.450 seconds
[2026-09-25T16:24:06.441+0000] {processor.py:186} INFO - Started process (PID=578) to work on /home/airflow/.local/lib/python3.12/site-packages/airflow/example_dags/example_subdag_operator.py
[2026-09-25T16:24:06.445+0000] {processor.py:914} INFO - Processing file /home/airflow/.local/lib/python3.12/site-packages/airflow/example_dags/example_subdag_operator.py for tasks to queue
[2026-09-25T16:24:06.467+0000] {logging_mixin.py:190} INFO - [2026-09-25T16:24:06.465+0000] {dagbag.py:588} INFO - Filling up the DagBag from /home/airflow/.local/lib/python3.12/site-packages/airflow/example_dags/example_subdag_operator.py
[2026-09-25T16:24:06.614+0000] {processor.py:925} INFO - DAG(s) 'example_subdag_operator.section-1', 'example_subdag_operator.section-2', 'example_subdag_operator' retrieved from /home/airflow/.local/lib/python3.12/site-packages/airflow/example_dags/example_subdag_operator.py
[2026-09-25T16:24:06.734+0000] {logging_mixin.py:190} INFO - [2026-09-25T16:24:06.733+0000] {dag.py:3239} INFO - Sync 3 DAGs
[2026-09-25T16:24:06.843+0000] {logging_mixin.py:190} INFO - [2026-09-25T16:24:06.843+0000] {dag.py:4180} INFO - Setting next_dagrun for example_subdag_operator to 2022-01-01 00:00:00+00:00, run_after=2022-01-01 00:00:00+00:00
[2026-09-25T16:24:06.866+0000] {logging_mixin.py:190} INFO - [2026-09-25T16:24:06.866+0000] {dag.py:4180} INFO - Setting next_dagrun for example_subdag_operator.section-1 to None, run_after=None
[2026-09-25T16:24:06.871+0000] {logging_mixin.py:190} INFO - [2026-09-25T16:24:06.870+0000] {dag.py:4180} INFO - Setting next_dagrun for example_subdag_operator.section-2 to None, run_after=None
[2026-09-25T16:24:06.891+0000] {logging_mixin.py:190} INFO - [2026-09-25T16:24:06.890+0000] {dag.py:3239} INFO - Sync 2 DAGs
[2026-09-25T16:24:06.943+0000] {logging_mixin.py:190} INFO - [2026-09-25T16:24:06.942+0000] {dag.py:4180} INFO - Setting next_dagrun for example_subdag_operator.section-1 to None, run_after=None
[2026-09-25T16:24:06.996+0000] {logging_mixin.py:190} INFO - [2026-09-25T16:24:06.994+0000] {dag.py:4180} INFO - Setting next_dagrun for example_subdag_operator.section-2 to None, run_after=None
[2026-09-25T16:24:07.081+0000] {processor.py:208} INFO - Processing /home/airflow/.local/lib/python3.12/site-packages/airflow/example_dags/example_subdag_operator.py took 0.655 seconds
[2026-09-25T16:24:50.479+0000] {processor.py:186} INFO - Started process (PID=646) to work on /home/airflow/.local/lib/python3.12/site-packages/airflow/example_dags/example_subdag_operator.py
[2026-09-25T16:24:50.481+0000] {processor.py:914} INFO - Processing file /home/airflow/.local/lib/python3.12/site-packages/airflow/example_dags/example_subdag_operator.py for tasks to queue
[2026-09-25T16:24:50.486+0000] {logging_mixin.py:190} INFO - [2026-09-25T16:24:50.486+0000] {dagbag.py:588} INFO - Filling up the DagBag from /home/airflow/.local/lib/python3.12/site-packages/airflow/example_dags/example_subdag_operator.py
[2026-09-25T16:24:50.586+0000] {processor.py:925} INFO - DAG(s) 'example_subdag_operator.section-1', 'example_subdag_operator.section-2', 'example_subdag_operator' retrieved from /home/airflow/.local/lib/python3.12/site-packages/airflow/example_dags/example_subdag_operator.py
[2026-09-25T16:24:50.676+0000] {logging_mixin.py:190} INFO - [2026-09-25T16:24:50.675+0000] {dag.py:3239} INFO - Sync 3 DAGs
[2026-09-25T16:24:50.753+0000] {logging_mixin.py:190} INFO - [2026-09-25T16:24:50.753+0000] {dag.py:4180} INFO - Setting next_dagrun for example_subdag_operator to 2022-01-01 00:00:00+00:00, run_after=2022-01-01 00:00:00+00:00
[2026-09-25T16:24:50.764+0000] {logging_mixin.py:190} INFO - [2026-09-25T16:24:50.764+0000] {dag.py:4180} INFO - Setting next_dagrun for example_subdag_operator.section-1 to None, run_after=None
[2026-09-25T16:24:50.768+0000] {logging_mixin.py:190} INFO - [2026-09-25T16:24:50.767+0000] {dag.py:4180} INFO - Setting next_dagrun for example_subdag_operator.section-2 to None, run_after=None
[2026-09-25T16:24:50.784+0000] {logging_mixin.py:190} INFO - [2026-09-25T16:24:50.784+0000] {dag.py:3239} INFO - Sync 2 DAGs
[2026-09-25T16:24:50.798+0000] {logging_mixin.py:190} INFO - [2026-09-25T16:24:50.797+0000] {dag.py:4180} INFO - Setting next_dagrun for example_subdag_operator.section-1 to None, run_after=None
[2026-09-25T16:24:50.799+0000] {logging_mixin.py:190} INFO - [2026-09-25T16:24:50.799+0000] {dag.py:4180} INFO - Setting next_dagrun for example_subdag_operator.section-2 to None, run_after=None
[2026-09-25T16:24:50.827+0000] {processor.py:208} INFO - Processing /home/airflow/.local/lib/python3.12/site-packages/airflow/example_dags/example_subdag_operator.py took 0.361 seconds
[2026-09-25T16:25:23.536+0000] {processor.py:186} INFO - Started process (PID=711) to work on /home/airflow/.local/lib/python3.12/site-packages/airflow/example_dags/example_subdag_operator.py
[2026-09-25T16:25:23.542+0000] {processor.py:914} INFO - Processing file /home/airflow/.local/lib/python3.12/site-packages/airflow/example_dags/example_subdag_operator.py for tasks to queue
[2026-09-25T16:25:23.570+0000] {logging_mixin.py:190} INFO - [2026-09-25T16:25:23.559+0000] {dagbag.py:588} INFO - Filling up the DagBag from /home/airflow/.local/lib/python3.12/site-packages/airflow/example_dags/example_subdag_operator.py
[2026-09-25T16:25:23.815+0000] {processor.py:925} INFO - DAG(s) 'example_subdag_operator.section-1', 'example_subdag_operator.section-2', 'example_subdag_operator' retrieved from /home/airflow/.local/lib/python3.12/site-packages/airflow/example_dags/example_subdag_operator.py
[2026-09-25T16:25:23.882+0000] {logging_mixin.py:190} INFO - [2026-09-25T16:25:23.882+0000] {dag.py:3239} INFO - Sync 3 DAGs
[2026-09-25T16:25:23.968+0000] {logging_mixin.py:190} INFO - [2026-09-25T16:25:23.968+0000] {dag.py:4180} INFO - Setting next_dagrun for example_subdag_operator to 2022-01-01 00:00:00+00:00, run_after=2022-01-01 00:00:00+00:00
[2026-09-25T16:25:23.981+0000] {logging_mixin.py:190} INFO - [2026-09-25T16:25:23.980+0000] {dag.py:4180} INFO - Setting next_dagrun for example_subdag_operator.section-1 to None, run_after=None
[2026-09-25T16:25:23.985+0000] {logging_mixin.py:190} INFO - [2026-09-25T16:25:23.985+0000] {dag.py:4180} INFO - Setting next_dagrun for example_subdag_operator.section-2 to None, run_after=None
[2026-09-25T16:25:24.016+0000] {logging_mixin.py:190} INFO - [2026-09-25T16:25:24.016+0000] {dag.py:3239} INFO - Sync 2 DAGs
[2026-09-25T16:25:24.054+0000] {logging_mixin.py:190} INFO - [2026-09-25T16:25:24.054+0000] {dag.py:4180} INFO - Setting next_dagrun for example_subdag_operator.section-1 to None, run_after=None
[2026-09-25T16:25:24.059+0000] {logging_mixin.py:190} INFO - [2026-09-25T16:25:24.058+0000] {dag.py:4180} INFO - Setting next_dagrun for example_subdag_operator.section-2 to None, run_after=None
[2026-09-25T16:25:24.098+0000] {processor.py:208} INFO - Processing /home/airflow/.local/lib/python3.12/site-packages/airflow/example_dags/example_subdag_operator.py took 0.636 seconds
[2026-09-25T16:26:07.394+0000] {processor.py:186} INFO - Started process (PID=784) to work on /home/airflow/.local/lib/python3.12/site-packages/airflow/example_dags/example_subdag_operator.py
[2026-09-25T16:26:07.400+0000] {processor.py:914} INFO - Processing file /home/airflow/.local/lib/python3.12/site-packages/airflow/example_dags/example_subdag_operator.py for tasks to queue
[2026-09-25T16:26:07.410+0000] {logging_mixin.py:190} INFO - [2026-09-25T16:26:07.410+0000] {dagbag.py:588} INFO - Filling up the DagBag from /home/airflow/.local/lib/python3.12/site-packages/airflow/example_dags/example_subdag_operator.py
[2026-09-25T16:26:07.626+0000] {processor.py:925} INFO - DAG(s) 'example_subdag_operator.section-1', 'example_subdag_operator.section-2', 'example_subdag_operator' retrieved from /home/airflow/.local/lib/python3.12/site-packages/airflow/example_dags/example_subdag_operator.py
[2026-09-25T16:26:07.726+0000] {logging_mixin.py:190} INFO - [2026-09-25T16:26:07.726+0000] {dag.py:3239} INFO - Sync 3 DAGs
[2026-09-25T16:26:07.936+0000] {logging_mixin.py:190} INFO - [2026-09-25T16:26:07.936+0000] {dag.py:4180} INFO - Setting next_dagrun for example_subdag_operator to 2022-01-01 00:00:00+00:00, run_after=2022-01-01 00:00:00+00:00
[2026-09-25T16:26:07.971+0000] {logging_mixin.py:190} INFO - [2026-09-25T16:26:07.971+0000] {dag.py:4180} INFO - Setting next_dagrun for example_subdag_operator.section-1 to None, run_after=None
[2026-09-25T16:26:07.980+0000] {logging_mixin.py:190} INFO - [2026-09-25T16:26:07.979+0000] {dag.py:4180} INFO - Setting next_dagrun for example_subdag_operator.section-2 to None, run_after=None
[2026-09-25T16:26:08.076+0000] {logging_mixin.py:190} INFO - [2026-09-25T16:26:08.075+0000] {dag.py:3239} INFO - Sync 2 DAGs
[2026-09-25T16:26:08.132+0000] {logging_mixin.py:190} INFO - [2026-09-25T16:26:08.131+0000] {dag.py:4180} INFO - Setting next_dagrun for example_subdag_operator.section-1 to None, run_after=None
[2026-09-25T16:26:08.133+0000] {logging_mixin.py:190} INFO - [2026-09-25T16:26:08.133+0000] {dag.py:4180} INFO - Setting next_dagrun for example_subdag_operator.section-2 to None, run_after=None
[2026-09-25T16:26:08.281+0000] {processor.py:208} INFO - Processing /home/airflow/.local/lib/python3.12/site-packages/airflow/example_dags/example_subdag_operator.py took 0.950 seconds
[2026-09-25T16:26:39.095+0000] {processor.py:186} INFO - Started process (PID=853) to work on /home/airflow/.local/lib/python3.12/site-packages/airflow/example_dags/example_subdag_operator.py
[2026-09-25T16:26:39.117+0000] {processor.py:914} INFO - Processing file /home/airflow/.local/lib/python3.12/site-packages/airflow/example_dags/example_subdag_operator.py for tasks to queue
[2026-09-25T16:26:39.208+0000] {logging_mixin.py:190} INFO - [2026-09-25T16:26:39.143+0000] {dagbag.py:588} INFO - Filling up the DagBag from /home/airflow/.local/lib/python3.12/site-packages/airflow/example_dags/example_subdag_operator.py
[2026-09-25T16:26:39.403+0000] {processor.py:925} INFO - DAG(s) 'example_subdag_operator.section-1', 'example_subdag_operator.section-2', 'example_subdag_operator' retrieved from /home/airflow/.local/lib/python3.12/site-packages/airflow/example_dags/example_subdag_operator.py
[2026-09-25T16:26:39.484+0000] {logging_mixin.py:190} INFO - [2026-09-25T16:26:39.484+0000] {dag.py:3239} INFO - Sync 3 DAGs
[2026-09-25T16:26:39.588+0000] {logging_mixin.py:190} INFO - [2026-09-25T16:26:39.588+0000] {dag.py:4180} INFO - Setting next_dagrun for example_subdag_operator to 2022-01-01 00:00:00+00:00, run_after=2022-01-01 00:00:00+00:00
[2026-09-25T16:26:39.619+0000] {logging_mixin.py:190} INFO - [2026-09-25T16:26:39.619+0000] {dag.py:4180} INFO - Setting next_dagrun for example_subdag_operator.section-1 to None, run_after=None
[2026-09-25T16:26:39.635+0000] {logging_mixin.py:190} INFO - [2026-09-25T16:26:39.634+0000] {dag.py:4180} INFO - Setting next_dagrun for example_subdag_operator.section-2 to None, run_after=None
[2026-09-25T16:26:39.700+0000] {logging_mixin.py:190} INFO - [2026-09-25T16:26:39.700+0000] {dag.py:3239} INFO - Sync 2 DAGs
[2026-09-25T16:26:39.725+0000] {logging_mixin.py:190} INFO - [2026-09-25T16:26:39.724+0000] {dag.py:4180} INFO - Setting next_dagrun for example_subdag_operator.section-1 to None, run_after=None
[2026-09-25T16:26:39.726+0000] {logging_mixin.py:190} INFO - [2026-09-25T16:26:39.726+0000] {dag.py:4180} INFO - Setting next_dagrun for example_subdag_operator.section-2 to None, run_after=None
[2026-09-25T16:26:39.796+0000] {processor.py:208} INFO - Processing /home/airflow/.local/lib/python3.12/site-packages/airflow/example_dags/example_subdag_operator.py took 0.727 seconds
[2026-09-25T16:27:18.915+0000] {processor.py:186} INFO - Started process (PID=920) to work on /home/airflow/.local/lib/python3.12/site-packages/airflow/example_dags/example_subdag_operator.py
[2026-09-25T16:27:18.922+0000] {processor.py:914} INFO - Processing file /home/airflow/.local/lib/python3.12/site-packages/airflow/example_dags/example_subdag_operator.py for tasks to queue
[2026-09-25T16:27:18.950+0000] {logging_mixin.py:190} INFO - [2026-09-25T16:27:18.949+0000] {dagbag.py:588} INFO - Filling up the DagBag from /home/airflow/.local/lib/python3.12/site-packages/airflow/example_dags/example_subdag_operator.py
[2026-09-25T16:27:19.330+0000] {processor.py:925} INFO - DAG(s) 'example_subdag_operator.section-1', 'example_subdag_operator.section-2', 'example_subdag_operator' retrieved from /home/airflow/.local/lib/python3.12/site-packages/airflow/example_dags/example_subdag_operator.py
[2026-09-25T16:27:19.576+0000] {logging_mixin.py:190} INFO - [2026-09-25T16:27:19.576+0000] {dag.py:3239} INFO - Sync 3 DAGs
[2026-09-25T16:27:19.818+0000] {logging_mixin.py:190} INFO - [2026-09-25T16:27:19.816+0000] {dag.py:4180} INFO - Setting next_dagrun for example_subdag_operator to 2022-01-01 00:00:00+00:00, run_after=2022-01-01 00:00:00+00:00
[2026-09-25T16:27:19.843+0000] {logging_mixin.py:190} INFO - [2026-09-25T16:27:19.842+0000] {dag.py:4180} INFO - Setting next_dagrun for example_subdag_operator.section-1 to None, run_after=None
[2026-09-25T16:27:19.854+0000] {logging_mixin.py:190} INFO - [2026-09-25T16:27:19.853+0000] {dag.py:4180} INFO - Setting next_dagrun for example_subdag_operator.section-2 to None, run_after=None
[2026-09-25T16:27:19.904+0000] {logging_mixin.py:190} INFO - [2026-09-25T16:27:19.903+0000] {dag.py:3239} INFO - Sync 2 DAGs
[2026-09-25T16:27:19.958+0000] {logging_mixin.py:190} INFO - [2026-09-25T16:27:19.957+0000] {dag.py:4180} INFO - Setting next_dagrun for example_subdag_operator.section-1 to None, run_after=None
[2026-09-25T16:27:19.966+0000] {logging_mixin.py:190} INFO - [2026-09-25T16:27:19.964+0000] {dag.py:4180} INFO - Setting next_dagrun for example_subdag_operator.section-2 to None, run_after=None
[2026-09-25T16:27:20.074+0000] {processor.py:208} INFO - Processing /home/airflow/.local/lib/python3.12/site-packages/airflow/example_dags/example_subdag_operator.py took 1.198 seconds
[2026-09-25T16:28:18.539+0000] {processor.py:186} INFO - Started process (PID=991) to work on /home/airflow/.local/lib/python3.12/site-packages/airflow/example_dags/example_subdag_operator.py
[2026-09-25T16:28:18.568+0000] {processor.py:914} INFO - Processing file /home/airflow/.local/lib/python3.12/site-packages/airflow/example_dags/example_subdag_operator.py for tasks to queue
[2026-09-25T16:28:18.586+0000] {logging_mixin.py:190} INFO - [2026-09-25T16:28:18.585+0000] {dagbag.py:588} INFO - Filling up the DagBag from /home/airflow/.local/lib/python3.12/site-packages/airflow/example_dags/example_subdag_operator.py
[2026-09-25T16:28:18.867+0000] {processor.py:925} INFO - DAG(s) 'example_subdag_operator.section-1', 'example_subdag_operator.section-2', 'example_subdag_operator' retrieved from /home/airflow/.local/lib/python3.12/site-packages/airflow/example_dags/example_subdag_operator.py
[2026-09-25T16:28:19.067+0000] {logging_mixin.py:190} INFO - [2026-09-25T16:28:19.067+0000] {dag.py:3239} INFO - Sync 3 DAGs
[2026-09-25T16:28:19.621+0000] {logging_mixin.py:190} INFO - [2026-09-25T16:28:19.621+0000] {dag.py:4180} INFO - Setting next_dagrun for example_subdag_operator to 2022-01-01 00:00:00+00:00, run_after=2022-01-01 00:00:00+00:00
[2026-09-25T16:28:19.827+0000] {logging_mixin.py:190} INFO - [2026-09-25T16:28:19.827+0000] {dag.py:4180} INFO - Setting next_dagrun for example_subdag_operator.section-1 to None, run_after=None
[2026-09-25T16:28:19.914+0000] {logging_mixin.py:190} INFO - [2026-09-25T16:28:19.914+0000] {dag.py:4180} INFO - Setting next_dagrun for example_subdag_operator.section-2 to None, run_after=None
[2026-09-25T16:28:20.080+0000] {logging_mixin.py:190} INFO - [2026-09-25T16:28:20.063+0000] {dag.py:3239} INFO - Sync 2 DAGs
[2026-09-25T16:28:20.146+0000] {logging_mixin.py:190} INFO - [2026-09-25T16:28:20.145+0000] {dag.py:4180} INFO - Setting next_dagrun for example_subdag_operator.section-1 to None, run_after=None
[2026-09-25T16:28:20.151+0000] {logging_mixin.py:190} INFO - [2026-09-25T16:28:20.151+0000] {dag.py:4180} INFO - Setting next_dagrun for example_subdag_operator.section-2 to None, run_after=None
[2026-09-25T16:28:20.362+0000] {processor.py:208} INFO - Processing /home/airflow/.local/lib/python3.12/site-packages/airflow/example_dags/example_subdag_operator.py took 1.856 seconds
[2026-09-25T16:29:07.324+0000] {processor.py:186} INFO - Started process (PID=1063) to work on /home/airflow/.local/lib/python3.12/site-packages/airflow/example_dags/example_subdag_operator.py
[2026-09-25T16:29:07.332+0000] {processor.py:914} INFO - Processing file /home/airflow/.local/lib/python3.12/site-packages/airflow/example_dags/example_subdag_operator.py for tasks to queue
[2026-09-25T16:29:07.339+0000] {logging_mixin.py:190} INFO - [2026-09-25T16:29:07.338+0000] {dagbag.py:588} INFO - Filling up the DagBag from /home/airflow/.local/lib/python3.12/site-packages/airflow/example_dags/example_subdag_operator.py
[2026-09-25T16:29:07.489+0000] {processor.py:925} INFO - DAG(s) 'example_subdag_operator.section-1', 'example_subdag_operator.section-2', 'example_subdag_operator' retrieved from /home/airflow/.local/lib/python3.12/site-packages/airflow/example_dags/example_subdag_operator.py
[2026-09-25T16:29:07.587+0000] {logging_mixin.py:190} INFO - [2026-09-25T16:29:07.586+0000] {dag.py:3239} INFO - Sync 3 DAGs
[2026-09-25T16:29:07.888+0000] {logging_mixin.py:190} INFO - [2026-09-25T16:29:07.888+0000] {dag.py:4180} INFO - Setting next_dagrun for example_subdag_operator to 2022-01-01 00:00:00+00:00, run_after=2022-01-01 00:00:00+00:00
[2026-09-25T16:29:07.916+0000] {logging_mixin.py:190} INFO - [2026-09-25T16:29:07.915+0000] {dag.py:4180} INFO - Setting next_dagrun for example_subdag_operator.section-1 to None, run_after=None
[2026-09-25T16:29:07.924+0000] {logging_mixin.py:190} INFO - [2026-09-25T16:29:07.923+0000] {dag.py:4180} INFO - Setting next_dagrun for example_subdag_operator.section-2 to None, run_after=None
[2026-09-25T16:29:07.958+0000] {logging_mixin.py:190} INFO - [2026-09-25T16:29:07.957+0000] {dag.py:3239} INFO - Sync 2 DAGs
[2026-09-25T16:29:07.979+0000] {logging_mixin.py:190} INFO - [2026-09-25T16:29:07.978+0000] {dag.py:4180} INFO - Setting next_dagrun for example_subdag_operator.section-1 to None, run_after=None
[2026-09-25T16:29:07.982+0000] {logging_mixin.py:190} INFO - [2026-09-25T16:29:07.981+0000] {dag.py:4180} INFO - Setting next_dagrun for example_subdag_operator.section-2 to None, run_after=None
[2026-09-25T16:29:08.030+0000] {processor.py:208} INFO - Processing /home/airflow/.local/lib/python3.12/site-packages/airflow/example_dags/example_subdag_operator.py took 0.724 seconds
[2026-09-25T16:43:52.114+0000] {processor.py:186} INFO - Started process (PID=102) to work on /home/airflow/.local/lib/python3.12/site-packages/airflow/example_dags/example_subdag_operator.py
[2026-09-25T16:43:52.127+0000] {processor.py:914} INFO - Processing file /home/airflow/.local/lib/python3.12/site-packages/airflow/example_dags/example_subdag_operator.py for tasks to queue
[2026-09-25T16:43:52.143+0000] {logging_mixin.py:190} INFO - [2026-09-25T16:43:52.142+0000] {dagbag.py:588} INFO - Filling up the DagBag from /home/airflow/.local/lib/python3.12/site-packages/airflow/example_dags/example_subdag_operator.py
[2026-09-25T16:43:52.259+0000] {processor.py:925} INFO - DAG(s) 'example_subdag_operator.section-1', 'example_subdag_operator.section-2', 'example_subdag_operator' retrieved from /home/airflow/.local/lib/python3.12/site-packages/airflow/example_dags/example_subdag_operator.py
[2026-09-25T16:43:52.325+0000] {logging_mixin.py:190} INFO - [2026-09-25T16:43:52.324+0000] {dag.py:3239} INFO - Sync 3 DAGs
[2026-09-25T16:43:52.423+0000] {logging_mixin.py:190} INFO - [2026-09-25T16:43:52.422+0000] {dag.py:4180} INFO - Setting next_dagrun for example_subdag_operator to 2022-01-01 00:00:00+00:00, run_after=2022-01-01 00:00:00+00:00
[2026-09-25T16:43:52.458+0000] {logging_mixin.py:190} INFO - [2026-09-25T16:43:52.448+0000] {dag.py:4180} INFO - Setting next_dagrun for example_subdag_operator.section-1 to None, run_after=None
[2026-09-25T16:43:52.475+0000] {logging_mixin.py:190} INFO - [2026-09-25T16:43:52.474+0000] {dag.py:4180} INFO - Setting next_dagrun for example_subdag_operator.section-2 to None, run_after=None
[2026-09-25T16:43:52.547+0000] {logging_mixin.py:190} INFO - [2026-09-25T16:43:52.543+0000] {dag.py:3239} INFO - Sync 2 DAGs
[2026-09-25T16:43:52.594+0000] {logging_mixin.py:190} INFO - [2026-09-25T16:43:52.594+0000] {dag.py:4180} INFO - Setting next_dagrun for example_subdag_operator.section-1 to None, run_after=None
[2026-09-25T16:43:52.596+0000] {logging_mixin.py:190} INFO - [2026-09-25T16:43:52.595+0000] {dag.py:4180} INFO - Setting next_dagrun for example_subdag_operator.section-2 to None, run_after=None
[2026-09-25T16:43:52.658+0000] {processor.py:208} INFO - Processing /home/airflow/.local/lib/python3.12/site-packages/airflow/example_dags/example_subdag_operator.py took 0.580 seconds
[2026-09-25T16:44:25.932+0000] {processor.py:186} INFO - Started process (PID=165) to work on /home/airflow/.local/lib/python3.12/site-packages/airflow/example_dags/example_subdag_operator.py
[2026-09-25T16:44:25.938+0000] {processor.py:914} INFO - Processing file /home/airflow/.local/lib/python3.12/site-packages/airflow/example_dags/example_subdag_operator.py for tasks to queue
[2026-09-25T16:44:25.956+0000] {logging_mixin.py:190} INFO - [2026-09-25T16:44:25.951+0000] {dagbag.py:588} INFO - Filling up the DagBag from /home/airflow/.local/lib/python3.12/site-packages/airflow/example_dags/example_subdag_operator.py
[2026-09-25T16:44:26.102+0000] {processor.py:925} INFO - DAG(s) 'example_subdag_operator.section-1', 'example_subdag_operator.section-2', 'example_subdag_operator' retrieved from /home/airflow/.local/lib/python3.12/site-packages/airflow/example_dags/example_subdag_operator.py
[2026-09-25T16:44:26.165+0000] {logging_mixin.py:190} INFO - [2026-09-25T16:44:26.164+0000] {dag.py:3239} INFO - Sync 3 DAGs
[2026-09-25T16:44:26.245+0000] {logging_mixin.py:190} INFO - [2026-09-25T16:44:26.244+0000] {dag.py:4180} INFO - Setting next_dagrun for example_subdag_operator to 2022-01-01 00:00:00+00:00, run_after=2022-01-01 00:00:00+00:00
[2026-09-25T16:44:26.257+0000] {logging_mixin.py:190} INFO - [2026-09-25T16:44:26.256+0000] {dag.py:4180} INFO - Setting next_dagrun for example_subdag_operator.section-1 to None, run_after=None
[2026-09-25T16:44:26.263+0000] {logging_mixin.py:190} INFO - [2026-09-25T16:44:26.262+0000] {dag.py:4180} INFO - Setting next_dagrun for example_subdag_operator.section-2 to None, run_after=None
[2026-09-25T16:44:26.291+0000] {logging_mixin.py:190} INFO - [2026-09-25T16:44:26.289+0000] {dag.py:3239} INFO - Sync 2 DAGs
[2026-09-25T16:44:26.310+0000] {logging_mixin.py:190} INFO - [2026-09-25T16:44:26.309+0000] {dag.py:4180} INFO - Setting next_dagrun for example_subdag_operator.section-1 to None, run_after=None
[2026-09-25T16:44:26.312+0000] {logging_mixin.py:190} INFO - [2026-09-25T16:44:26.311+0000] {dag.py:4180} INFO - Setting next_dagrun for example_subdag_operator.section-2 to None, run_after=None
[2026-09-25T16:44:26.350+0000] {processor.py:208} INFO - Processing /home/airflow/.local/lib/python3.12/site-packages/airflow/example_dags/example_subdag_operator.py took 0.472 seconds
[2026-09-25T16:45:00.551+0000] {processor.py:186} INFO - Started process (PID=228) to work on /home/airflow/.local/lib/python3.12/site-packages/airflow/example_dags/example_subdag_operator.py
[2026-09-25T16:45:00.554+0000] {processor.py:914} INFO - Processing file /home/airflow/.local/lib/python3.12/site-packages/airflow/example_dags/example_subdag_operator.py for tasks to queue
[2026-09-25T16:45:00.562+0000] {logging_mixin.py:190} INFO - [2026-09-25T16:45:00.562+0000] {dagbag.py:588} INFO - Filling up the DagBag from /home/airflow/.local/lib/python3.12/site-packages/airflow/example_dags/example_subdag_operator.py
[2026-09-25T16:45:00.642+0000] {processor.py:925} INFO - DAG(s) 'example_subdag_operator.section-1', 'example_subdag_operator.section-2', 'example_subdag_operator' retrieved from /home/airflow/.local/lib/python3.12/site-packages/airflow/example_dags/example_subdag_operator.py
[2026-09-25T16:45:00.693+0000] {logging_mixin.py:190} INFO - [2026-09-25T16:45:00.693+0000] {dag.py:3239} INFO - Sync 3 DAGs
[2026-09-25T16:45:00.803+0000] {logging_mixin.py:190} INFO - [2026-09-25T16:45:00.802+0000] {dag.py:4180} INFO - Setting next_dagrun for example_subdag_operator to 2022-01-01 00:00:00+00:00, run_after=2022-01-01 00:00:00+00:00
[2026-09-25T16:45:00.813+0000] {logging_mixin.py:190} INFO - [2026-09-25T16:45:00.812+0000] {dag.py:4180} INFO - Setting next_dagrun for example_subdag_operator.section-1 to None, run_after=None
[2026-09-25T16:45:00.818+0000] {logging_mixin.py:190} INFO - [2026-09-25T16:45:00.818+0000] {dag.py:4180} INFO - Setting next_dagrun for example_subdag_operator.section-2 to None, run_after=None
[2026-09-25T16:45:00.853+0000] {logging_mixin.py:190} INFO - [2026-09-25T16:45:00.852+0000] {dag.py:3239} INFO - Sync 2 DAGs
[2026-09-25T16:45:00.879+0000] {logging_mixin.py:190} INFO - [2026-09-25T16:45:00.878+0000] {dag.py:4180} INFO - Setting next_dagrun for example_subdag_operator.section-1 to None, run_after=None
[2026-09-25T16:45:00.880+0000] {logging_mixin.py:190} INFO - [2026-09-25T16:45:00.880+0000] {dag.py:4180} INFO - Setting next_dagrun for example_subdag_operator.section-2 to None, run_after=None
[2026-09-25T16:45:00.926+0000] {processor.py:208} INFO - Processing /home/airflow/.local/lib/python3.12/site-packages/airflow/example_dags/example_subdag_operator.py took 0.390 seconds
[2026-09-25T16:45:32.148+0000] {processor.py:186} INFO - Started process (PID=291) to work on /home/airflow/.local/lib/python3.12/site-packages/airflow/example_dags/example_subdag_operator.py
[2026-09-25T16:45:32.153+0000] {processor.py:914} INFO - Processing file /home/airflow/.local/lib/python3.12/site-packages/airflow/example_dags/example_subdag_operator.py for tasks to queue
[2026-09-25T16:45:32.163+0000] {logging_mixin.py:190} INFO - [2026-09-25T16:45:32.162+0000] {dagbag.py:588} INFO - Filling up the DagBag from /home/airflow/.local/lib/python3.12/site-packages/airflow/example_dags/example_subdag_operator.py
[2026-09-25T16:45:32.228+0000] {processor.py:925} INFO - DAG(s) 'example_subdag_operator.section-1', 'example_subdag_operator.section-2', 'example_subdag_operator' retrieved from /home/airflow/.local/lib/python3.12/site-packages/airflow/example_dags/example_subdag_operator.py
[2026-09-25T16:45:32.271+0000] {logging_mixin.py:190} INFO - [2026-09-25T16:45:32.271+0000] {dag.py:3239} INFO - Sync 3 DAGs
[2026-09-25T16:45:32.340+0000] {logging_mixin.py:190} INFO - [2026-09-25T16:45:32.339+0000] {dag.py:4180} INFO - Setting next_dagrun for example_subdag_operator to 2022-01-01 00:00:00+00:00, run_after=2022-01-01 00:00:00+00:00
[2026-09-25T16:45:32.365+0000] {logging_mixin.py:190} INFO - [2026-09-25T16:45:32.364+0000] {dag.py:4180} INFO - Setting next_dagrun for example_subdag_operator.section-1 to None, run_after=None
[2026-09-25T16:45:32.372+0000] {logging_mixin.py:190} INFO - [2026-09-25T16:45:32.372+0000] {dag.py:4180} INFO - Setting next_dagrun for example_subdag_operator.section-2 to None, run_after=None
[2026-09-25T16:45:32.397+0000] {logging_mixin.py:190} INFO - [2026-09-25T16:45:32.396+0000] {dag.py:3239} INFO - Sync 2 DAGs
[2026-09-25T16:45:32.414+0000] {logging_mixin.py:190} INFO - [2026-09-25T16:45:32.413+0000] {dag.py:4180} INFO - Setting next_dagrun for example_subdag_operator.section-1 to None, run_after=None
[2026-09-25T16:45:32.416+0000] {logging_mixin.py:190} INFO - [2026-09-25T16:45:32.415+0000] {dag.py:4180} INFO - Setting next_dagrun for example_subdag_operator.section-2 to None, run_after=None
[2026-09-25T16:45:32.449+0000] {processor.py:208} INFO - Processing /home/airflow/.local/lib/python3.12/site-packages/airflow/example_dags/example_subdag_operator.py took 0.323 seconds
[2026-09-25T16:46:05.678+0000] {processor.py:186} INFO - Started process (PID=358) to work on /home/airflow/.local/lib/python3.12/site-packages/airflow/example_dags/example_subdag_operator.py
[2026-09-25T16:46:05.681+0000] {processor.py:914} INFO - Processing file /home/airflow/.local/lib/python3.12/site-packages/airflow/example_dags/example_subdag_operator.py for tasks to queue
[2026-09-25T16:46:05.689+0000] {logging_mixin.py:190} INFO - [2026-09-25T16:46:05.688+0000] {dagbag.py:588} INFO - Filling up the DagBag from /home/airflow/.local/lib/python3.12/site-packages/airflow/example_dags/example_subdag_operator.py
[2026-09-25T16:46:05.765+0000] {processor.py:925} INFO - DAG(s) 'example_subdag_operator.section-1', 'example_subdag_operator.section-2', 'example_subdag_operator' retrieved from /home/airflow/.local/lib/python3.12/site-packages/airflow/example_dags/example_subdag_operator.py
[2026-09-25T16:46:05.813+0000] {logging_mixin.py:190} INFO - [2026-09-25T16:46:05.813+0000] {dag.py:3239} INFO - Sync 3 DAGs
[2026-09-25T16:46:05.905+0000] {logging_mixin.py:190} INFO - [2026-09-25T16:46:05.904+0000] {dag.py:4180} INFO - Setting next_dagrun for example_subdag_operator to 2022-01-01 00:00:00+00:00, run_after=2022-01-01 00:00:00+00:00
[2026-09-25T16:46:05.930+0000] {logging_mixin.py:190} INFO - [2026-09-25T16:46:05.930+0000] {dag.py:4180} INFO - Setting next_dagrun for example_subdag_operator.section-1 to None, run_after=None
[2026-09-25T16:46:05.938+0000] {logging_mixin.py:190} INFO - [2026-09-25T16:46:05.937+0000] {dag.py:4180} INFO - Setting next_dagrun for example_subdag_operator.section-2 to None, run_after=None
[2026-09-25T16:46:05.979+0000] {logging_mixin.py:190} INFO - [2026-09-25T16:46:05.978+0000] {dag.py:3239} INFO - Sync 2 DAGs
[2026-09-25T16:46:06.072+0000] {logging_mixin.py:190} INFO - [2026-09-25T16:46:06.072+0000] {dag.py:4180} INFO - Setting next_dagrun for example_subdag_operator.section-1 to None, run_after=None
[2026-09-25T16:46:06.086+0000] {logging_mixin.py:190} INFO - [2026-09-25T16:46:06.085+0000] {dag.py:4180} INFO - Setting next_dagrun for example_subdag_operator.section-2 to None, run_after=None
[2026-09-25T16:46:06.245+0000] {processor.py:208} INFO - Processing /home/airflow/.local/lib/python3.12/site-packages/airflow/example_dags/example_subdag_operator.py took 0.594 seconds
[2026-09-25T16:46:36.854+0000] {processor.py:186} INFO - Started process (PID=420) to work on /home/airflow/.local/lib/python3.12/site-packages/airflow/example_dags/example_subdag_operator.py
[2026-09-25T16:46:36.856+0000] {processor.py:914} INFO - Processing file /home/airflow/.local/lib/python3.12/site-packages/airflow/example_dags/example_subdag_operator.py for tasks to queue
[2026-09-25T16:46:36.862+0000] {logging_mixin.py:190} INFO - [2026-09-25T16:46:36.861+0000] {dagbag.py:588} INFO - Filling up the DagBag from /home/airflow/.local/lib/python3.12/site-packages/airflow/example_dags/example_subdag_operator.py
[2026-09-25T16:46:36.922+0000] {processor.py:925} INFO - DAG(s) 'example_subdag_operator.section-1', 'example_subdag_operator.section-2', 'example_subdag_operator' retrieved from /home/airflow/.local/lib/python3.12/site-packages/airflow/example_dags/example_subdag_operator.py
[2026-09-25T16:46:36.968+0000] {logging_mixin.py:190} INFO - [2026-09-25T16:46:36.967+0000] {dag.py:3239} INFO - Sync 3 DAGs
[2026-09-25T16:46:37.068+0000] {logging_mixin.py:190} INFO - [2026-09-25T16:46:37.067+0000] {dag.py:4180} INFO - Setting next_dagrun for example_subdag_operator to 2022-01-01 00:00:00+00:00, run_after=2022-01-01 00:00:00+00:00
[2026-09-25T16:46:37.077+0000] {logging_mixin.py:190} INFO - [2026-09-25T16:46:37.076+0000] {dag.py:4180} INFO - Setting next_dagrun for example_subdag_operator.section-1 to None, run_after=None
[2026-09-25T16:46:37.081+0000] {logging_mixin.py:190} INFO - [2026-09-25T16:46:37.081+0000] {dag.py:4180} INFO - Setting next_dagrun for example_subdag_operator.section-2 to None, run_after=None
[2026-09-25T16:46:37.098+0000] {logging_mixin.py:190} INFO - [2026-09-25T16:46:37.097+0000] {dag.py:3239} INFO - Sync 2 DAGs
[2026-09-25T16:46:37.111+0000] {logging_mixin.py:190} INFO - [2026-09-25T16:46:37.111+0000] {dag.py:4180} INFO - Setting next_dagrun for example_subdag_operator.section-1 to None, run_after=None
[2026-09-25T16:46:37.113+0000] {logging_mixin.py:190} INFO - [2026-09-25T16:46:37.112+0000] {dag.py:4180} INFO - Setting next_dagrun for example_subdag_operator.section-2 to None, run_after=None
[2026-09-25T16:46:37.135+0000] {processor.py:208} INFO - Processing /home/airflow/.local/lib/python3.12/site-packages/airflow/example_dags/example_subdag_operator.py took 0.299 seconds
[2026-09-25T16:47:07.777+0000] {processor.py:186} INFO - Started process (PID=482) to work on /home/airflow/.local/lib/python3.12/site-packages/airflow/example_dags/example_subdag_operator.py
[2026-09-25T16:47:07.779+0000] {processor.py:914} INFO - Processing file /home/airflow/.local/lib/python3.12/site-packages/airflow/example_dags/example_subdag_operator.py for tasks to queue
[2026-09-25T16:47:07.786+0000] {logging_mixin.py:190} INFO - [2026-09-25T16:47:07.786+0000] {dagbag.py:588} INFO - Filling up the DagBag from /home/airflow/.local/lib/python3.12/site-packages/airflow/example_dags/example_subdag_operator.py
[2026-09-25T16:47:07.837+0000] {processor.py:925} INFO - DAG(s) 'example_subdag_operator.section-1', 'example_subdag_operator.section-2', 'example_subdag_operator' retrieved from /home/airflow/.local/lib/python3.12/site-packages/airflow/example_dags/example_subdag_operator.py
[2026-09-25T16:47:07.873+0000] {logging_mixin.py:190} INFO - [2026-09-25T16:47:07.873+0000] {dag.py:3239} INFO - Sync 3 DAGs
[2026-09-25T16:47:07.922+0000] {logging_mixin.py:190} INFO - [2026-09-25T16:47:07.921+0000] {dag.py:4180} INFO - Setting next_dagrun for example_subdag_operator to 2022-01-01 00:00:00+00:00, run_after=2022-01-01 00:00:00+00:00
[2026-09-25T16:47:07.932+0000] {logging_mixin.py:190} INFO - [2026-09-25T16:47:07.931+0000] {dag.py:4180} INFO - Setting next_dagrun for example_subdag_operator.section-1 to None, run_after=None
[2026-09-25T16:47:07.935+0000] {logging_mixin.py:190} INFO - [2026-09-25T16:47:07.935+0000] {dag.py:4180} INFO - Setting next_dagrun for example_subdag_operator.section-2 to None, run_after=None
[2026-09-25T16:47:07.949+0000] {logging_mixin.py:190} INFO - [2026-09-25T16:47:07.949+0000] {dag.py:3239} INFO - Sync 2 DAGs
[2026-09-25T16:47:07.960+0000] {logging_mixin.py:190} INFO - [2026-09-25T16:47:07.960+0000] {dag.py:4180} INFO - Setting next_dagrun for example_subdag_operator.section-1 to None, run_after=None
[2026-09-25T16:47:07.963+0000] {logging_mixin.py:190} INFO - [2026-09-25T16:47:07.962+0000] {dag.py:4180} INFO - Setting next_dagrun for example_subdag_operator.section-2 to None, run_after=None
[2026-09-25T16:47:07.987+0000] {processor.py:208} INFO - Processing /home/airflow/.local/lib/python3.12/site-packages/airflow/example_dags/example_subdag_operator.py took 0.226 seconds
[2026-09-25T16:48:00.528+0000] {processor.py:186} INFO - Started process (PID=550) to work on /home/airflow/.local/lib/python3.12/site-packages/airflow/example_dags/example_subdag_operator.py
[2026-09-25T16:48:00.536+0000] {processor.py:914} INFO - Processing file /home/airflow/.local/lib/python3.12/site-packages/airflow/example_dags/example_subdag_operator.py for tasks to queue
[2026-09-25T16:48:00.542+0000] {logging_mixin.py:190} INFO - [2026-09-25T16:48:00.541+0000] {dagbag.py:588} INFO - Filling up the DagBag from /home/airflow/.local/lib/python3.12/site-packages/airflow/example_dags/example_subdag_operator.py
[2026-09-25T16:48:00.620+0000] {processor.py:925} INFO - DAG(s) 'example_subdag_operator.section-1', 'example_subdag_operator.section-2', 'example_subdag_operator' retrieved from /home/airflow/.local/lib/python3.12/site-packages/airflow/example_dags/example_subdag_operator.py
[2026-09-25T16:48:00.668+0000] {logging_mixin.py:190} INFO - [2026-09-25T16:48:00.668+0000] {dag.py:3239} INFO - Sync 3 DAGs
[2026-09-25T16:48:00.760+0000] {logging_mixin.py:190} INFO - [2026-09-25T16:48:00.760+0000] {dag.py:4180} INFO - Setting next_dagrun for example_subdag_operator to 2022-01-01 00:00:00+00:00, run_after=2022-01-01 00:00:00+00:00
[2026-09-25T16:48:00.772+0000] {logging_mixin.py:190} INFO - [2026-09-25T16:48:00.771+0000] {dag.py:4180} INFO - Setting next_dagrun for example_subdag_operator.section-1 to None, run_after=None
[2026-09-25T16:48:00.777+0000] {logging_mixin.py:190} INFO - [2026-09-25T16:48:00.776+0000] {dag.py:4180} INFO - Setting next_dagrun for example_subdag_operator.section-2 to None, run_after=None
[2026-09-25T16:48:00.851+0000] {logging_mixin.py:190} INFO - [2026-09-25T16:48:00.850+0000] {dag.py:3239} INFO - Sync 2 DAGs
[2026-09-25T16:48:00.867+0000] {logging_mixin.py:190} INFO - [2026-09-25T16:48:00.867+0000] {dag.py:4180} INFO - Setting next_dagrun for example_subdag_operator.section-1 to None, run_after=None
[2026-09-25T16:48:00.869+0000] {logging_mixin.py:190} INFO - [2026-09-25T16:48:00.869+0000] {dag.py:4180} INFO - Setting next_dagrun for example_subdag_operator.section-2 to None, run_after=None
[2026-09-25T16:48:00.913+0000] {processor.py:208} INFO - Processing /home/airflow/.local/lib/python3.12/site-packages/airflow/example_dags/example_subdag_operator.py took 0.402 seconds
[2026-09-25T16:48:33.943+0000] {processor.py:186} INFO - Started process (PID=613) to work on /home/airflow/.local/lib/python3.12/site-packages/airflow/example_dags/example_subdag_operator.py
[2026-09-25T16:48:33.948+0000] {processor.py:914} INFO - Processing file /home/airflow/.local/lib/python3.12/site-packages/airflow/example_dags/example_subdag_operator.py for tasks to queue
[2026-09-25T16:48:33.953+0000] {logging_mixin.py:190} INFO - [2026-09-25T16:48:33.952+0000] {dagbag.py:588} INFO - Filling up the DagBag from /home/airflow/.local/lib/python3.12/site-packages/airflow/example_dags/example_subdag_operator.py
[2026-09-25T16:48:34.164+0000] {processor.py:925} INFO - DAG(s) 'example_subdag_operator.section-1', 'example_subdag_operator.section-2', 'example_subdag_operator' retrieved from /home/airflow/.local/lib/python3.12/site-packages/airflow/example_dags/example_subdag_operator.py
[2026-09-25T16:48:34.212+0000] {logging_mixin.py:190} INFO - [2026-09-25T16:48:34.211+0000] {dag.py:3239} INFO - Sync 3 DAGs
[2026-09-25T16:48:34.306+0000] {logging_mixin.py:190} INFO - [2026-09-25T16:48:34.306+0000] {dag.py:4180} INFO - Setting next_dagrun for example_subdag_operator to 2022-01-01 00:00:00+00:00, run_after=2022-01-01 00:00:00+00:00
[2026-09-25T16:48:34.322+0000] {logging_mixin.py:190} INFO - [2026-09-25T16:48:34.322+0000] {dag.py:4180} INFO - Setting next_dagrun for example_subdag_operator.section-1 to None, run_after=None
[2026-09-25T16:48:34.329+0000] {logging_mixin.py:190} INFO - [2026-09-25T16:48:34.329+0000] {dag.py:4180} INFO - Setting next_dagrun for example_subdag_operator.section-2 to None, run_after=None
[2026-09-25T16:48:34.356+0000] {logging_mixin.py:190} INFO - [2026-09-25T16:48:34.355+0000] {dag.py:3239} INFO - Sync 2 DAGs
[2026-09-25T16:48:34.378+0000] {logging_mixin.py:190} INFO - [2026-09-25T16:48:34.377+0000] {dag.py:4180} INFO - Setting next_dagrun for example_subdag_operator.section-1 to None, run_after=None
[2026-09-25T16:48:34.380+0000] {logging_mixin.py:190} INFO - [2026-09-25T16:48:34.379+0000] {dag.py:4180} INFO - Setting next_dagrun for example_subdag_operator.section-2 to None, run_after=None
[2026-09-25T16:48:34.418+0000] {processor.py:208} INFO - Processing /home/airflow/.local/lib/python3.12/site-packages/airflow/example_dags/example_subdag_operator.py took 0.490 seconds
[2026-09-25T16:49:08.148+0000] {processor.py:186} INFO - Started process (PID=683) to work on /home/airflow/.local/lib/python3.12/site-packages/airflow/example_dags/example_subdag_operator.py
[2026-09-25T16:49:08.151+0000] {processor.py:914} INFO - Processing file /home/airflow/.local/lib/python3.12/site-packages/airflow/example_dags/example_subdag_operator.py for tasks to queue
[2026-09-25T16:49:08.158+0000] {logging_mixin.py:190} INFO - [2026-09-25T16:49:08.157+0000] {dagbag.py:588} INFO - Filling up the DagBag from /home/airflow/.local/lib/python3.12/site-packages/airflow/example_dags/example_subdag_operator.py
[2026-09-25T16:49:08.225+0000] {processor.py:925} INFO - DAG(s) 'example_subdag_operator.section-1', 'example_subdag_operator.section-2', 'example_subdag_operator' retrieved from /home/airflow/.local/lib/python3.12/site-packages/airflow/example_dags/example_subdag_operator.py
[2026-09-25T16:49:08.281+0000] {logging_mixin.py:190} INFO - [2026-09-25T16:49:08.281+0000] {dag.py:3239} INFO - Sync 3 DAGs
[2026-09-25T16:49:08.349+0000] {logging_mixin.py:190} INFO - [2026-09-25T16:49:08.348+0000] {dag.py:4180} INFO - Setting next_dagrun for example_subdag_operator to 2022-01-01 00:00:00+00:00, run_after=2022-01-01 00:00:00+00:00
[2026-09-25T16:49:08.361+0000] {logging_mixin.py:190} INFO - [2026-09-25T16:49:08.360+0000] {dag.py:4180} INFO - Setting next_dagrun for example_subdag_operator.section-1 to None, run_after=None
[2026-09-25T16:49:08.365+0000] {logging_mixin.py:190} INFO - [2026-09-25T16:49:08.364+0000] {dag.py:4180} INFO - Setting next_dagrun for example_subdag_operator.section-2 to None, run_after=None
[2026-09-25T16:49:08.389+0000] {logging_mixin.py:190} INFO - [2026-09-25T16:49:08.388+0000] {dag.py:3239} INFO - Sync 2 DAGs
[2026-09-25T16:49:08.409+0000] {logging_mixin.py:190} INFO - [2026-09-25T16:49:08.408+0000] {dag.py:4180} INFO - Setting next_dagrun for example_subdag_operator.section-1 to None, run_after=None
[2026-09-25T16:49:08.410+0000] {logging_mixin.py:190} INFO - [2026-09-25T16:49:08.410+0000] {dag.py:4180} INFO - Setting next_dagrun for example_subdag_operator.section-2 to None, run_after=None
[2026-09-25T16:49:08.452+0000] {processor.py:208} INFO - Processing /home/airflow/.local/lib/python3.12/site-packages/airflow/example_dags/example_subdag_operator.py took 0.320 seconds
[2026-09-25T16:57:26.263+0000] {processor.py:186} INFO - Started process (PID=120) to work on /home/airflow/.local/lib/python3.12/site-packages/airflow/example_dags/example_subdag_operator.py
[2026-09-25T16:57:26.290+0000] {processor.py:914} INFO - Processing file /home/airflow/.local/lib/python3.12/site-packages/airflow/example_dags/example_subdag_operator.py for tasks to queue
[2026-09-25T16:57:26.527+0000] {logging_mixin.py:190} INFO - [2026-09-25T16:57:26.525+0000] {dagbag.py:588} INFO - Filling up the DagBag from /home/airflow/.local/lib/python3.12/site-packages/airflow/example_dags/example_subdag_operator.py
[2026-09-25T16:57:27.744+0000] {processor.py:925} INFO - DAG(s) 'example_subdag_operator.section-1', 'example_subdag_operator.section-2', 'example_subdag_operator' retrieved from /home/airflow/.local/lib/python3.12/site-packages/airflow/example_dags/example_subdag_operator.py
[2026-09-25T16:57:28.909+0000] {logging_mixin.py:190} INFO - [2026-09-25T16:57:28.897+0000] {dag.py:3239} INFO - Sync 3 DAGs
[2026-09-25T16:57:30.429+0000] {logging_mixin.py:190} INFO - [2026-09-25T16:57:30.428+0000] {dag.py:4180} INFO - Setting next_dagrun for example_subdag_operator to 2022-01-01 00:00:00+00:00, run_after=2022-01-01 00:00:00+00:00
[2026-09-25T16:57:30.489+0000] {logging_mixin.py:190} INFO - [2026-09-25T16:57:30.489+0000] {dag.py:4180} INFO - Setting next_dagrun for example_subdag_operator.section-1 to None, run_after=None
[2026-09-25T16:57:30.511+0000] {logging_mixin.py:190} INFO - [2026-09-25T16:57:30.510+0000] {dag.py:4180} INFO - Setting next_dagrun for example_subdag_operator.section-2 to None, run_after=None
[2026-09-25T16:57:31.101+0000] {logging_mixin.py:190} INFO - [2026-09-25T16:57:31.092+0000] {dag.py:3239} INFO - Sync 2 DAGs
[2026-09-25T16:57:31.297+0000] {logging_mixin.py:190} INFO - [2026-09-25T16:57:31.297+0000] {dag.py:4180} INFO - Setting next_dagrun for example_subdag_operator.section-1 to None, run_after=None
[2026-09-25T16:57:31.299+0000] {logging_mixin.py:190} INFO - [2026-09-25T16:57:31.298+0000] {dag.py:4180} INFO - Setting next_dagrun for example_subdag_operator.section-2 to None, run_after=None
[2026-09-25T16:57:32.559+0000] {processor.py:208} INFO - Processing /home/airflow/.local/lib/python3.12/site-packages/airflow/example_dags/example_subdag_operator.py took 6.393 seconds
[2026-09-25T16:58:37.232+0000] {processor.py:186} INFO - Started process (PID=188) to work on /home/airflow/.local/lib/python3.12/site-packages/airflow/example_dags/example_subdag_operator.py
[2026-09-25T16:58:37.239+0000] {processor.py:914} INFO - Processing file /home/airflow/.local/lib/python3.12/site-packages/airflow/example_dags/example_subdag_operator.py for tasks to queue
[2026-09-25T16:58:37.245+0000] {logging_mixin.py:190} INFO - [2026-09-25T16:58:37.244+0000] {dagbag.py:588} INFO - Filling up the DagBag from /home/airflow/.local/lib/python3.12/site-packages/airflow/example_dags/example_subdag_operator.py
[2026-09-25T16:58:37.308+0000] {processor.py:925} INFO - DAG(s) 'example_subdag_operator.section-1', 'example_subdag_operator.section-2', 'example_subdag_operator' retrieved from /home/airflow/.local/lib/python3.12/site-packages/airflow/example_dags/example_subdag_operator.py
[2026-09-25T16:58:37.365+0000] {logging_mixin.py:190} INFO - [2026-09-25T16:58:37.364+0000] {dag.py:3239} INFO - Sync 3 DAGs
[2026-09-25T16:58:37.435+0000] {logging_mixin.py:190} INFO - [2026-09-25T16:58:37.434+0000] {dag.py:4180} INFO - Setting next_dagrun for example_subdag_operator to 2022-01-01 00:00:00+00:00, run_after=2022-01-01 00:00:00+00:00
[2026-09-25T16:58:37.444+0000] {logging_mixin.py:190} INFO - [2026-09-25T16:58:37.444+0000] {dag.py:4180} INFO - Setting next_dagrun for example_subdag_operator.section-1 to None, run_after=None
[2026-09-25T16:58:37.451+0000] {logging_mixin.py:190} INFO - [2026-09-25T16:58:37.450+0000] {dag.py:4180} INFO - Setting next_dagrun for example_subdag_operator.section-2 to None, run_after=None
[2026-09-25T16:58:37.476+0000] {logging_mixin.py:190} INFO - [2026-09-25T16:58:37.475+0000] {dag.py:3239} INFO - Sync 2 DAGs
[2026-09-25T16:58:37.492+0000] {logging_mixin.py:190} INFO - [2026-09-25T16:58:37.492+0000] {dag.py:4180} INFO - Setting next_dagrun for example_subdag_operator.section-1 to None, run_after=None
[2026-09-25T16:58:37.495+0000] {logging_mixin.py:190} INFO - [2026-09-25T16:58:37.494+0000] {dag.py:4180} INFO - Setting next_dagrun for example_subdag_operator.section-2 to None, run_after=None
[2026-09-25T16:58:37.537+0000] {processor.py:208} INFO - Processing /home/airflow/.local/lib/python3.12/site-packages/airflow/example_dags/example_subdag_operator.py took 0.321 seconds
[2026-09-25T16:59:11.409+0000] {processor.py:186} INFO - Started process (PID=251) to work on /home/airflow/.local/lib/python3.12/site-packages/airflow/example_dags/example_subdag_operator.py
[2026-09-25T16:59:11.413+0000] {processor.py:914} INFO - Processing file /home/airflow/.local/lib/python3.12/site-packages/airflow/example_dags/example_subdag_operator.py for tasks to queue
[2026-09-25T16:59:11.419+0000] {logging_mixin.py:190} INFO - [2026-09-25T16:59:11.419+0000] {dagbag.py:588} INFO - Filling up the DagBag from /home/airflow/.local/lib/python3.12/site-packages/airflow/example_dags/example_subdag_operator.py
[2026-09-25T16:59:11.478+0000] {processor.py:925} INFO - DAG(s) 'example_subdag_operator.section-1', 'example_subdag_operator.section-2', 'example_subdag_operator' retrieved from /home/airflow/.local/lib/python3.12/site-packages/airflow/example_dags/example_subdag_operator.py
[2026-09-25T16:59:11.526+0000] {logging_mixin.py:190} INFO - [2026-09-25T16:59:11.526+0000] {dag.py:3239} INFO - Sync 3 DAGs
[2026-09-25T16:59:11.585+0000] {logging_mixin.py:190} INFO - [2026-09-25T16:59:11.584+0000] {dag.py:4180} INFO - Setting next_dagrun for example_subdag_operator to 2022-01-01 00:00:00+00:00, run_after=2022-01-01 00:00:00+00:00
[2026-09-25T16:59:11.595+0000] {logging_mixin.py:190} INFO - [2026-09-25T16:59:11.594+0000] {dag.py:4180} INFO - Setting next_dagrun for example_subdag_operator.section-1 to None, run_after=None
[2026-09-25T16:59:11.599+0000] {logging_mixin.py:190} INFO - [2026-09-25T16:59:11.599+0000] {dag.py:4180} INFO - Setting next_dagrun for example_subdag_operator.section-2 to None, run_after=None
[2026-09-25T16:59:11.620+0000] {logging_mixin.py:190} INFO - [2026-09-25T16:59:11.620+0000] {dag.py:3239} INFO - Sync 2 DAGs
[2026-09-25T16:59:11.638+0000] {logging_mixin.py:190} INFO - [2026-09-25T16:59:11.637+0000] {dag.py:4180} INFO - Setting next_dagrun for example_subdag_operator.section-1 to None, run_after=None
[2026-09-25T16:59:11.640+0000] {logging_mixin.py:190} INFO - [2026-09-25T16:59:11.640+0000] {dag.py:4180} INFO - Setting next_dagrun for example_subdag_operator.section-2 to None, run_after=None
[2026-09-25T16:59:11.672+0000] {processor.py:208} INFO - Processing /home/airflow/.local/lib/python3.12/site-packages/airflow/example_dags/example_subdag_operator.py took 0.284 seconds
[2026-09-25T16:59:54.844+0000] {processor.py:186} INFO - Started process (PID=315) to work on /home/airflow/.local/lib/python3.12/site-packages/airflow/example_dags/example_subdag_operator.py
[2026-09-25T16:59:54.857+0000] {processor.py:914} INFO - Processing file /home/airflow/.local/lib/python3.12/site-packages/airflow/example_dags/example_subdag_operator.py for tasks to queue
[2026-09-25T16:59:54.898+0000] {logging_mixin.py:190} INFO - [2026-09-25T16:59:54.897+0000] {dagbag.py:588} INFO - Filling up the DagBag from /home/airflow/.local/lib/python3.12/site-packages/airflow/example_dags/example_subdag_operator.py
[2026-09-25T16:59:55.182+0000] {processor.py:925} INFO - DAG(s) 'example_subdag_operator.section-1', 'example_subdag_operator.section-2', 'example_subdag_operator' retrieved from /home/airflow/.local/lib/python3.12/site-packages/airflow/example_dags/example_subdag_operator.py
[2026-09-25T16:59:55.346+0000] {logging_mixin.py:190} INFO - [2026-09-25T16:59:55.346+0000] {dag.py:3239} INFO - Sync 3 DAGs
[2026-09-25T16:59:55.729+0000] {logging_mixin.py:190} INFO - [2026-09-25T16:59:55.728+0000] {dag.py:4180} INFO - Setting next_dagrun for example_subdag_operator to 2022-01-01 00:00:00+00:00, run_after=2022-01-01 00:00:00+00:00
[2026-09-25T16:59:55.744+0000] {logging_mixin.py:190} INFO - [2026-09-25T16:59:55.744+0000] {dag.py:4180} INFO - Setting next_dagrun for example_subdag_operator.section-1 to None, run_after=None
[2026-09-25T16:59:55.751+0000] {logging_mixin.py:190} INFO - [2026-09-25T16:59:55.750+0000] {dag.py:4180} INFO - Setting next_dagrun for example_subdag_operator.section-2 to None, run_after=None
[2026-09-25T16:59:55.771+0000] {logging_mixin.py:190} INFO - [2026-09-25T16:59:55.770+0000] {dag.py:3239} INFO - Sync 2 DAGs
[2026-09-25T16:59:55.795+0000] {logging_mixin.py:190} INFO - [2026-09-25T16:59:55.795+0000] {dag.py:4180} INFO - Setting next_dagrun for example_subdag_operator.section-1 to None, run_after=None
[2026-09-25T16:59:55.797+0000] {logging_mixin.py:190} INFO - [2026-09-25T16:59:55.797+0000] {dag.py:4180} INFO - Setting next_dagrun for example_subdag_operator.section-2 to None, run_after=None
[2026-09-25T16:59:55.828+0000] {processor.py:208} INFO - Processing /home/airflow/.local/lib/python3.12/site-packages/airflow/example_dags/example_subdag_operator.py took 1.022 seconds
[2026-09-25T17:00:28.306+0000] {processor.py:186} INFO - Started process (PID=378) to work on /home/airflow/.local/lib/python3.12/site-packages/airflow/example_dags/example_subdag_operator.py
[2026-09-25T17:00:28.310+0000] {processor.py:914} INFO - Processing file /home/airflow/.local/lib/python3.12/site-packages/airflow/example_dags/example_subdag_operator.py for tasks to queue
[2026-09-25T17:00:28.315+0000] {logging_mixin.py:190} INFO - [2026-09-25T17:00:28.314+0000] {dagbag.py:588} INFO - Filling up the DagBag from /home/airflow/.local/lib/python3.12/site-packages/airflow/example_dags/example_subdag_operator.py
[2026-09-25T17:00:28.372+0000] {processor.py:925} INFO - DAG(s) 'example_subdag_operator.section-1', 'example_subdag_operator.section-2', 'example_subdag_operator' retrieved from /home/airflow/.local/lib/python3.12/site-packages/airflow/example_dags/example_subdag_operator.py
[2026-09-25T17:00:28.412+0000] {logging_mixin.py:190} INFO - [2026-09-25T17:00:28.411+0000] {dag.py:3239} INFO - Sync 3 DAGs
[2026-09-25T17:00:28.470+0000] {logging_mixin.py:190} INFO - [2026-09-25T17:00:28.469+0000] {dag.py:4180} INFO - Setting next_dagrun for example_subdag_operator to 2022-01-01 00:00:00+00:00, run_after=2022-01-01 00:00:00+00:00
[2026-09-25T17:00:28.477+0000] {logging_mixin.py:190} INFO - [2026-09-25T17:00:28.477+0000] {dag.py:4180} INFO - Setting next_dagrun for example_subdag_operator.section-1 to None, run_after=None
[2026-09-25T17:00:28.480+0000] {logging_mixin.py:190} INFO - [2026-09-25T17:00:28.480+0000] {dag.py:4180} INFO - Setting next_dagrun for example_subdag_operator.section-2 to None, run_after=None
[2026-09-25T17:00:28.503+0000] {logging_mixin.py:190} INFO - [2026-09-25T17:00:28.503+0000] {dag.py:3239} INFO - Sync 2 DAGs
[2026-09-25T17:00:28.522+0000] {logging_mixin.py:190} INFO - [2026-09-25T17:00:28.521+0000] {dag.py:4180} INFO - Setting next_dagrun for example_subdag_operator.section-1 to None, run_after=None
[2026-09-25T17:00:28.524+0000] {logging_mixin.py:190} INFO - [2026-09-25T17:00:28.523+0000] {dag.py:4180} INFO - Setting next_dagrun for example_subdag_operator.section-2 to None, run_after=None
[2026-09-25T17:00:28.562+0000] {processor.py:208} INFO - Processing /home/airflow/.local/lib/python3.12/site-packages/airflow/example_dags/example_subdag_operator.py took 0.277 seconds
[2026-09-25T17:01:01.030+0000] {processor.py:186} INFO - Started process (PID=441) to work on /home/airflow/.local/lib/python3.12/site-packages/airflow/example_dags/example_subdag_operator.py
[2026-09-25T17:01:01.032+0000] {processor.py:914} INFO - Processing file /home/airflow/.local/lib/python3.12/site-packages/airflow/example_dags/example_subdag_operator.py for tasks to queue
[2026-09-25T17:01:01.038+0000] {logging_mixin.py:190} INFO - [2026-09-25T17:01:01.037+0000] {dagbag.py:588} INFO - Filling up the DagBag from /home/airflow/.local/lib/python3.12/site-packages/airflow/example_dags/example_subdag_operator.py
[2026-09-25T17:01:01.680+0000] {processor.py:925} INFO - DAG(s) 'example_subdag_operator.section-1', 'example_subdag_operator.section-2', 'example_subdag_operator' retrieved from /home/airflow/.local/lib/python3.12/site-packages/airflow/example_dags/example_subdag_operator.py
[2026-09-25T17:01:01.909+0000] {logging_mixin.py:190} INFO - [2026-09-25T17:01:01.908+0000] {dag.py:3239} INFO - Sync 3 DAGs
[2026-09-25T17:01:02.401+0000] {logging_mixin.py:190} INFO - [2026-09-25T17:01:02.399+0000] {dag.py:4180} INFO - Setting next_dagrun for example_subdag_operator to 2022-01-01 00:00:00+00:00, run_after=2022-01-01 00:00:00+00:00
[2026-09-25T17:01:02.447+0000] {logging_mixin.py:190} INFO - [2026-09-25T17:01:02.447+0000] {dag.py:4180} INFO - Setting next_dagrun for example_subdag_operator.section-1 to None, run_after=None
[2026-09-25T17:01:02.470+0000] {logging_mixin.py:190} INFO - [2026-09-25T17:01:02.469+0000] {dag.py:4180} INFO - Setting next_dagrun for example_subdag_operator.section-2 to None, run_after=None
[2026-09-25T17:01:02.505+0000] {logging_mixin.py:190} INFO - [2026-09-25T17:01:02.504+0000] {dag.py:3239} INFO - Sync 2 DAGs
[2026-09-25T17:01:02.535+0000] {logging_mixin.py:190} INFO - [2026-09-25T17:01:02.534+0000] {dag.py:4180} INFO - Setting next_dagrun for example_subdag_operator.section-1 to None, run_after=None
[2026-09-25T17:01:02.537+0000] {logging_mixin.py:190} INFO - [2026-09-25T17:01:02.536+0000] {dag.py:4180} INFO - Setting next_dagrun for example_subdag_operator.section-2 to None, run_after=None
[2026-09-25T17:01:02.600+0000] {processor.py:208} INFO - Processing /home/airflow/.local/lib/python3.12/site-packages/airflow/example_dags/example_subdag_operator.py took 1.584 seconds
[2026-09-25T17:01:34.016+0000] {processor.py:186} INFO - Started process (PID=509) to work on /home/airflow/.local/lib/python3.12/site-packages/airflow/example_dags/example_subdag_operator.py
[2026-09-25T17:01:34.020+0000] {processor.py:914} INFO - Processing file /home/airflow/.local/lib/python3.12/site-packages/airflow/example_dags/example_subdag_operator.py for tasks to queue
[2026-09-25T17:01:34.024+0000] {logging_mixin.py:190} INFO - [2026-09-25T17:01:34.024+0000] {dagbag.py:588} INFO - Filling up the DagBag from /home/airflow/.local/lib/python3.12/site-packages/airflow/example_dags/example_subdag_operator.py
[2026-09-25T17:01:34.085+0000] {processor.py:925} INFO - DAG(s) 'example_subdag_operator.section-1', 'example_subdag_operator.section-2', 'example_subdag_operator' retrieved from /home/airflow/.local/lib/python3.12/site-packages/airflow/example_dags/example_subdag_operator.py
[2026-09-25T17:01:34.129+0000] {logging_mixin.py:190} INFO - [2026-09-25T17:01:34.128+0000] {dag.py:3239} INFO - Sync 3 DAGs
[2026-09-25T17:01:34.185+0000] {logging_mixin.py:190} INFO - [2026-09-25T17:01:34.185+0000] {dag.py:4180} INFO - Setting next_dagrun for example_subdag_operator to 2022-01-01 00:00:00+00:00, run_after=2022-01-01 00:00:00+00:00
[2026-09-25T17:01:34.199+0000] {logging_mixin.py:190} INFO - [2026-09-25T17:01:34.199+0000] {dag.py:4180} INFO - Setting next_dagrun for example_subdag_operator.section-1 to None, run_after=None
[2026-09-25T17:01:34.206+0000] {logging_mixin.py:190} INFO - [2026-09-25T17:01:34.205+0000] {dag.py:4180} INFO - Setting next_dagrun for example_subdag_operator.section-2 to None, run_after=None
[2026-09-25T17:01:34.247+0000] {logging_mixin.py:190} INFO - [2026-09-25T17:01:34.246+0000] {dag.py:3239} INFO - Sync 2 DAGs
[2026-09-25T17:01:34.277+0000] {logging_mixin.py:190} INFO - [2026-09-25T17:01:34.277+0000] {dag.py:4180} INFO - Setting next_dagrun for example_subdag_operator.section-1 to None, run_after=None
[2026-09-25T17:01:34.279+0000] {logging_mixin.py:190} INFO - [2026-09-25T17:01:34.278+0000] {dag.py:4180} INFO - Setting next_dagrun for example_subdag_operator.section-2 to None, run_after=None
[2026-09-25T17:01:34.309+0000] {processor.py:208} INFO - Processing /home/airflow/.local/lib/python3.12/site-packages/airflow/example_dags/example_subdag_operator.py took 0.309 seconds
[2026-09-25T17:02:23.009+0000] {processor.py:186} INFO - Started process (PID=581) to work on /home/airflow/.local/lib/python3.12/site-packages/airflow/example_dags/example_subdag_operator.py
[2026-09-25T17:02:23.027+0000] {processor.py:914} INFO - Processing file /home/airflow/.local/lib/python3.12/site-packages/airflow/example_dags/example_subdag_operator.py for tasks to queue
[2026-09-25T17:02:23.039+0000] {logging_mixin.py:190} INFO - [2026-09-25T17:02:23.038+0000] {dagbag.py:588} INFO - Filling up the DagBag from /home/airflow/.local/lib/python3.12/site-packages/airflow/example_dags/example_subdag_operator.py
[2026-09-25T17:02:23.153+0000] {processor.py:925} INFO - DAG(s) 'example_subdag_operator.section-1', 'example_subdag_operator.section-2', 'example_subdag_operator' retrieved from /home/airflow/.local/lib/python3.12/site-packages/airflow/example_dags/example_subdag_operator.py
[2026-09-25T17:02:23.234+0000] {logging_mixin.py:190} INFO - [2026-09-25T17:02:23.233+0000] {dag.py:3239} INFO - Sync 3 DAGs
[2026-09-25T17:02:23.313+0000] {logging_mixin.py:190} INFO - [2026-09-25T17:02:23.312+0000] {dag.py:4180} INFO - Setting next_dagrun for example_subdag_operator to 2022-01-01 00:00:00+00:00, run_after=2022-01-01 00:00:00+00:00
[2026-09-25T17:02:23.325+0000] {logging_mixin.py:190} INFO - [2026-09-25T17:02:23.325+0000] {dag.py:4180} INFO - Setting next_dagrun for example_subdag_operator.section-1 to None, run_after=None
[2026-09-25T17:02:23.329+0000] {logging_mixin.py:190} INFO - [2026-09-25T17:02:23.329+0000] {dag.py:4180} INFO - Setting next_dagrun for example_subdag_operator.section-2 to None, run_after=None
[2026-09-25T17:02:23.377+0000] {logging_mixin.py:190} INFO - [2026-09-25T17:02:23.376+0000] {dag.py:3239} INFO - Sync 2 DAGs
[2026-09-25T17:02:23.405+0000] {logging_mixin.py:190} INFO - [2026-09-25T17:02:23.404+0000] {dag.py:4180} INFO - Setting next_dagrun for example_subdag_operator.section-1 to None, run_after=None
[2026-09-25T17:02:23.442+0000] {logging_mixin.py:190} INFO - [2026-09-25T17:02:23.438+0000] {dag.py:4180} INFO - Setting next_dagrun for example_subdag_operator.section-2 to None, run_after=None
[2026-09-25T17:02:23.510+0000] {processor.py:208} INFO - Processing /home/airflow/.local/lib/python3.12/site-packages/airflow/example_dags/example_subdag_operator.py took 0.539 seconds
[2026-09-25T17:02:53.693+0000] {processor.py:186} INFO - Started process (PID=644) to work on /home/airflow/.local/lib/python3.12/site-packages/airflow/example_dags/example_subdag_operator.py
[2026-09-25T17:02:53.696+0000] {processor.py:914} INFO - Processing file /home/airflow/.local/lib/python3.12/site-packages/airflow/example_dags/example_subdag_operator.py for tasks to queue
[2026-09-25T17:02:53.700+0000] {logging_mixin.py:190} INFO - [2026-09-25T17:02:53.700+0000] {dagbag.py:588} INFO - Filling up the DagBag from /home/airflow/.local/lib/python3.12/site-packages/airflow/example_dags/example_subdag_operator.py
[2026-09-25T17:02:53.749+0000] {processor.py:925} INFO - DAG(s) 'example_subdag_operator.section-1', 'example_subdag_operator.section-2', 'example_subdag_operator' retrieved from /home/airflow/.local/lib/python3.12/site-packages/airflow/example_dags/example_subdag_operator.py
[2026-09-25T17:02:53.775+0000] {logging_mixin.py:190} INFO - [2026-09-25T17:02:53.774+0000] {dag.py:3239} INFO - Sync 3 DAGs
[2026-09-25T17:02:53.811+0000] {logging_mixin.py:190} INFO - [2026-09-25T17:02:53.811+0000] {dag.py:4180} INFO - Setting next_dagrun for example_subdag_operator to 2022-01-01 00:00:00+00:00, run_after=2022-01-01 00:00:00+00:00
[2026-09-25T17:02:53.818+0000] {logging_mixin.py:190} INFO - [2026-09-25T17:02:53.818+0000] {dag.py:4180} INFO - Setting next_dagrun for example_subdag_operator.section-1 to None, run_after=None
[2026-09-25T17:02:53.821+0000] {logging_mixin.py:190} INFO - [2026-09-25T17:02:53.821+0000] {dag.py:4180} INFO - Setting next_dagrun for example_subdag_operator.section-2 to None, run_after=None
[2026-09-25T17:02:53.833+0000] {logging_mixin.py:190} INFO - [2026-09-25T17:02:53.833+0000] {dag.py:3239} INFO - Sync 2 DAGs
[2026-09-25T17:02:53.849+0000] {logging_mixin.py:190} INFO - [2026-09-25T17:02:53.849+0000] {dag.py:4180} INFO - Setting next_dagrun for example_subdag_operator.section-1 to None, run_after=None
[2026-09-25T17:02:53.851+0000] {logging_mixin.py:190} INFO - [2026-09-25T17:02:53.851+0000] {dag.py:4180} INFO - Setting next_dagrun for example_subdag_operator.section-2 to None, run_after=None
[2026-09-25T17:02:53.872+0000] {processor.py:208} INFO - Processing /home/airflow/.local/lib/python3.12/site-packages/airflow/example_dags/example_subdag_operator.py took 0.188 seconds
[2026-09-25T17:03:24.450+0000] {processor.py:186} INFO - Started process (PID=707) to work on /home/airflow/.local/lib/python3.12/site-packages/airflow/example_dags/example_subdag_operator.py
[2026-09-25T17:03:24.454+0000] {processor.py:914} INFO - Processing file /home/airflow/.local/lib/python3.12/site-packages/airflow/example_dags/example_subdag_operator.py for tasks to queue
[2026-09-25T17:03:24.459+0000] {logging_mixin.py:190} INFO - [2026-09-25T17:03:24.459+0000] {dagbag.py:588} INFO - Filling up the DagBag from /home/airflow/.local/lib/python3.12/site-packages/airflow/example_dags/example_subdag_operator.py
[2026-09-25T17:03:24.527+0000] {processor.py:925} INFO - DAG(s) 'example_subdag_operator.section-1', 'example_subdag_operator.section-2', 'example_subdag_operator' retrieved from /home/airflow/.local/lib/python3.12/site-packages/airflow/example_dags/example_subdag_operator.py
[2026-09-25T17:03:24.572+0000] {logging_mixin.py:190} INFO - [2026-09-25T17:03:24.571+0000] {dag.py:3239} INFO - Sync 3 DAGs
[2026-09-25T17:03:24.636+0000] {logging_mixin.py:190} INFO - [2026-09-25T17:03:24.636+0000] {dag.py:4180} INFO - Setting next_dagrun for example_subdag_operator to 2022-01-01 00:00:00+00:00, run_after=2022-01-01 00:00:00+00:00
[2026-09-25T17:03:24.645+0000] {logging_mixin.py:190} INFO - [2026-09-25T17:03:24.645+0000] {dag.py:4180} INFO - Setting next_dagrun for example_subdag_operator.section-1 to None, run_after=None
[2026-09-25T17:03:24.651+0000] {logging_mixin.py:190} INFO - [2026-09-25T17:03:24.651+0000] {dag.py:4180} INFO - Setting next_dagrun for example_subdag_operator.section-2 to None, run_after=None
[2026-09-25T17:03:24.668+0000] {logging_mixin.py:190} INFO - [2026-09-25T17:03:24.667+0000] {dag.py:3239} INFO - Sync 2 DAGs
[2026-09-25T17:03:24.684+0000] {logging_mixin.py:190} INFO - [2026-09-25T17:03:24.684+0000] {dag.py:4180} INFO - Setting next_dagrun for example_subdag_operator.section-1 to None, run_after=None
[2026-09-25T17:03:24.685+0000] {logging_mixin.py:190} INFO - [2026-09-25T17:03:24.685+0000] {dag.py:4180} INFO - Setting next_dagrun for example_subdag_operator.section-2 to None, run_after=None
[2026-09-25T17:03:24.713+0000] {processor.py:208} INFO - Processing /home/airflow/.local/lib/python3.12/site-packages/airflow/example_dags/example_subdag_operator.py took 0.289 seconds
[2026-09-25T17:03:55.560+0000] {processor.py:186} INFO - Started process (PID=770) to work on /home/airflow/.local/lib/python3.12/site-packages/airflow/example_dags/example_subdag_operator.py
[2026-09-25T17:03:55.563+0000] {processor.py:914} INFO - Processing file /home/airflow/.local/lib/python3.12/site-packages/airflow/example_dags/example_subdag_operator.py for tasks to queue
[2026-09-25T17:03:55.567+0000] {logging_mixin.py:190} INFO - [2026-09-25T17:03:55.567+0000] {dagbag.py:588} INFO - Filling up the DagBag from /home/airflow/.local/lib/python3.12/site-packages/airflow/example_dags/example_subdag_operator.py
[2026-09-25T17:03:55.631+0000] {processor.py:925} INFO - DAG(s) 'example_subdag_operator.section-1', 'example_subdag_operator.section-2', 'example_subdag_operator' retrieved from /home/airflow/.local/lib/python3.12/site-packages/airflow/example_dags/example_subdag_operator.py
[2026-09-25T17:03:55.657+0000] {logging_mixin.py:190} INFO - [2026-09-25T17:03:55.657+0000] {dag.py:3239} INFO - Sync 3 DAGs
[2026-09-25T17:03:55.696+0000] {logging_mixin.py:190} INFO - [2026-09-25T17:03:55.696+0000] {dag.py:4180} INFO - Setting next_dagrun for example_subdag_operator to 2022-01-01 00:00:00+00:00, run_after=2022-01-01 00:00:00+00:00
[2026-09-25T17:03:55.702+0000] {logging_mixin.py:190} INFO - [2026-09-25T17:03:55.702+0000] {dag.py:4180} INFO - Setting next_dagrun for example_subdag_operator.section-1 to None, run_after=None
[2026-09-25T17:03:55.706+0000] {logging_mixin.py:190} INFO - [2026-09-25T17:03:55.706+0000] {dag.py:4180} INFO - Setting next_dagrun for example_subdag_operator.section-2 to None, run_after=None
[2026-09-25T17:03:55.718+0000] {logging_mixin.py:190} INFO - [2026-09-25T17:03:55.718+0000] {dag.py:3239} INFO - Sync 2 DAGs
[2026-09-25T17:03:55.728+0000] {logging_mixin.py:190} INFO - [2026-09-25T17:03:55.728+0000] {dag.py:4180} INFO - Setting next_dagrun for example_subdag_operator.section-1 to None, run_after=None
[2026-09-25T17:03:55.729+0000] {logging_mixin.py:190} INFO - [2026-09-25T17:03:55.729+0000] {dag.py:4180} INFO - Setting next_dagrun for example_subdag_operator.section-2 to None, run_after=None
[2026-09-25T17:03:55.755+0000] {processor.py:208} INFO - Processing /home/airflow/.local/lib/python3.12/site-packages/airflow/example_dags/example_subdag_operator.py took 0.206 seconds
[2026-09-25T17:04:26.618+0000] {processor.py:186} INFO - Started process (PID=833) to work on /home/airflow/.local/lib/python3.12/site-packages/airflow/example_dags/example_subdag_operator.py
[2026-09-25T17:04:26.620+0000] {processor.py:914} INFO - Processing file /home/airflow/.local/lib/python3.12/site-packages/airflow/example_dags/example_subdag_operator.py for tasks to queue
[2026-09-25T17:04:26.625+0000] {logging_mixin.py:190} INFO - [2026-09-25T17:04:26.624+0000] {dagbag.py:588} INFO - Filling up the DagBag from /home/airflow/.local/lib/python3.12/site-packages/airflow/example_dags/example_subdag_operator.py
[2026-09-25T17:04:26.669+0000] {processor.py:925} INFO - DAG(s) 'example_subdag_operator.section-1', 'example_subdag_operator.section-2', 'example_subdag_operator' retrieved from /home/airflow/.local/lib/python3.12/site-packages/airflow/example_dags/example_subdag_operator.py
[2026-09-25T17:04:26.700+0000] {logging_mixin.py:190} INFO - [2026-09-25T17:04:26.700+0000] {dag.py:3239} INFO - Sync 3 DAGs
[2026-09-25T17:04:26.754+0000] {logging_mixin.py:190} INFO - [2026-09-25T17:04:26.753+0000] {dag.py:4180} INFO - Setting next_dagrun for example_subdag_operator to 2022-01-01 00:00:00+00:00, run_after=2022-01-01 00:00:00+00:00
[2026-09-25T17:04:26.763+0000] {logging_mixin.py:190} INFO - [2026-09-25T17:04:26.763+0000] {dag.py:4180} INFO - Setting next_dagrun for example_subdag_operator.section-1 to None, run_after=None
[2026-09-25T17:04:26.768+0000] {logging_mixin.py:190} INFO - [2026-09-25T17:04:26.767+0000] {dag.py:4180} INFO - Setting next_dagrun for example_subdag_operator.section-2 to None, run_after=None
[2026-09-25T17:04:26.781+0000] {logging_mixin.py:190} INFO - [2026-09-25T17:04:26.781+0000] {dag.py:3239} INFO - Sync 2 DAGs
[2026-09-25T17:04:26.790+0000] {logging_mixin.py:190} INFO - [2026-09-25T17:04:26.790+0000] {dag.py:4180} INFO - Setting next_dagrun for example_subdag_operator.section-1 to None, run_after=None
[2026-09-25T17:04:26.792+0000] {logging_mixin.py:190} INFO - [2026-09-25T17:04:26.791+0000] {dag.py:4180} INFO - Setting next_dagrun for example_subdag_operator.section-2 to None, run_after=None
[2026-09-25T17:04:26.815+0000] {processor.py:208} INFO - Processing /home/airflow/.local/lib/python3.12/site-packages/airflow/example_dags/example_subdag_operator.py took 0.207 seconds
[2026-09-25T17:05:06.277+0000] {processor.py:186} INFO - Started process (PID=900) to work on /home/airflow/.local/lib/python3.12/site-packages/airflow/example_dags/example_subdag_operator.py
[2026-09-25T17:05:06.280+0000] {processor.py:914} INFO - Processing file /home/airflow/.local/lib/python3.12/site-packages/airflow/example_dags/example_subdag_operator.py for tasks to queue
[2026-09-25T17:05:06.285+0000] {logging_mixin.py:190} INFO - [2026-09-25T17:05:06.285+0000] {dagbag.py:588} INFO - Filling up the DagBag from /home/airflow/.local/lib/python3.12/site-packages/airflow/example_dags/example_subdag_operator.py
[2026-09-25T17:05:06.331+0000] {processor.py:925} INFO - DAG(s) 'example_subdag_operator.section-1', 'example_subdag_operator.section-2', 'example_subdag_operator' retrieved from /home/airflow/.local/lib/python3.12/site-packages/airflow/example_dags/example_subdag_operator.py
[2026-09-25T17:05:06.362+0000] {logging_mixin.py:190} INFO - [2026-09-25T17:05:06.361+0000] {dag.py:3239} INFO - Sync 3 DAGs
[2026-09-25T17:05:06.402+0000] {logging_mixin.py:190} INFO - [2026-09-25T17:05:06.402+0000] {dag.py:4180} INFO - Setting next_dagrun for example_subdag_operator to 2022-01-01 00:00:00+00:00, run_after=2022-01-01 00:00:00+00:00
[2026-09-25T17:05:06.410+0000] {logging_mixin.py:190} INFO - [2026-09-25T17:05:06.410+0000] {dag.py:4180} INFO - Setting next_dagrun for example_subdag_operator.section-1 to None, run_after=None
[2026-09-25T17:05:06.414+0000] {logging_mixin.py:190} INFO - [2026-09-25T17:05:06.414+0000] {dag.py:4180} INFO - Setting next_dagrun for example_subdag_operator.section-2 to None, run_after=None
[2026-09-25T17:05:06.427+0000] {logging_mixin.py:190} INFO - [2026-09-25T17:05:06.427+0000] {dag.py:3239} INFO - Sync 2 DAGs
[2026-09-25T17:05:06.439+0000] {logging_mixin.py:190} INFO - [2026-09-25T17:05:06.439+0000] {dag.py:4180} INFO - Setting next_dagrun for example_subdag_operator.section-1 to None, run_after=None
[2026-09-25T17:05:06.441+0000] {logging_mixin.py:190} INFO - [2026-09-25T17:05:06.441+0000] {dag.py:4180} INFO - Setting next_dagrun for example_subdag_operator.section-2 to None, run_after=None
[2026-09-25T17:05:06.482+0000] {processor.py:208} INFO - Processing /home/airflow/.local/lib/python3.12/site-packages/airflow/example_dags/example_subdag_operator.py took 0.217 seconds
[2026-09-25T17:05:38.775+0000] {processor.py:186} INFO - Started process (PID=963) to work on /home/airflow/.local/lib/python3.12/site-packages/airflow/example_dags/example_subdag_operator.py
[2026-09-25T17:05:38.783+0000] {processor.py:914} INFO - Processing file /home/airflow/.local/lib/python3.12/site-packages/airflow/example_dags/example_subdag_operator.py for tasks to queue
[2026-09-25T17:05:38.790+0000] {logging_mixin.py:190} INFO - [2026-09-25T17:05:38.789+0000] {dagbag.py:588} INFO - Filling up the DagBag from /home/airflow/.local/lib/python3.12/site-packages/airflow/example_dags/example_subdag_operator.py
[2026-09-25T17:05:38.884+0000] {processor.py:925} INFO - DAG(s) 'example_subdag_operator.section-1', 'example_subdag_operator.section-2', 'example_subdag_operator' retrieved from /home/airflow/.local/lib/python3.12/site-packages/airflow/example_dags/example_subdag_operator.py
[2026-09-25T17:05:38.975+0000] {logging_mixin.py:190} INFO - [2026-09-25T17:05:38.975+0000] {dag.py:3239} INFO - Sync 3 DAGs
[2026-09-25T17:05:39.167+0000] {logging_mixin.py:190} INFO - [2026-09-25T17:05:39.166+0000] {dag.py:4180} INFO - Setting next_dagrun for example_subdag_operator to 2022-01-01 00:00:00+00:00, run_after=2022-01-01 00:00:00+00:00
[2026-09-25T17:05:39.187+0000] {logging_mixin.py:190} INFO - [2026-09-25T17:05:39.187+0000] {dag.py:4180} INFO - Setting next_dagrun for example_subdag_operator.section-1 to None, run_after=None
[2026-09-25T17:05:39.192+0000] {logging_mixin.py:190} INFO - [2026-09-25T17:05:39.191+0000] {dag.py:4180} INFO - Setting next_dagrun for example_subdag_operator.section-2 to None, run_after=None
[2026-09-25T17:05:39.215+0000] {logging_mixin.py:190} INFO - [2026-09-25T17:05:39.214+0000] {dag.py:3239} INFO - Sync 2 DAGs
[2026-09-25T17:05:39.224+0000] {logging_mixin.py:190} INFO - [2026-09-25T17:05:39.224+0000] {dag.py:4180} INFO - Setting next_dagrun for example_subdag_operator.section-1 to None, run_after=None
[2026-09-25T17:05:39.227+0000] {logging_mixin.py:190} INFO - [2026-09-25T17:05:39.227+0000] {dag.py:4180} INFO - Setting next_dagrun for example_subdag_operator.section-2 to None, run_after=None
[2026-09-25T17:05:39.263+0000] {processor.py:208} INFO - Processing /home/airflow/.local/lib/python3.12/site-packages/airflow/example_dags/example_subdag_operator.py took 0.513 seconds
[2026-09-25T17:06:12.191+0000] {processor.py:186} INFO - Started process (PID=1030) to work on /home/airflow/.local/lib/python3.12/site-packages/airflow/example_dags/example_subdag_operator.py
[2026-09-25T17:06:12.193+0000] {processor.py:914} INFO - Processing file /home/airflow/.local/lib/python3.12/site-packages/airflow/example_dags/example_subdag_operator.py for tasks to queue
[2026-09-25T17:06:12.198+0000] {logging_mixin.py:190} INFO - [2026-09-25T17:06:12.197+0000] {dagbag.py:588} INFO - Filling up the DagBag from /home/airflow/.local/lib/python3.12/site-packages/airflow/example_dags/example_subdag_operator.py
[2026-09-25T17:06:12.248+0000] {processor.py:925} INFO - DAG(s) 'example_subdag_operator.section-1', 'example_subdag_operator.section-2', 'example_subdag_operator' retrieved from /home/airflow/.local/lib/python3.12/site-packages/airflow/example_dags/example_subdag_operator.py
[2026-09-25T17:06:12.279+0000] {logging_mixin.py:190} INFO - [2026-09-25T17:06:12.278+0000] {dag.py:3239} INFO - Sync 3 DAGs
[2026-09-25T17:06:12.324+0000] {logging_mixin.py:190} INFO - [2026-09-25T17:06:12.323+0000] {dag.py:4180} INFO - Setting next_dagrun for example_subdag_operator to 2022-01-01 00:00:00+00:00, run_after=2022-01-01 00:00:00+00:00
[2026-09-25T17:06:12.331+0000] {logging_mixin.py:190} INFO - [2026-09-25T17:06:12.331+0000] {dag.py:4180} INFO - Setting next_dagrun for example_subdag_operator.section-1 to None, run_after=None
[2026-09-25T17:06:12.335+0000] {logging_mixin.py:190} INFO - [2026-09-25T17:06:12.334+0000] {dag.py:4180} INFO - Setting next_dagrun for example_subdag_operator.section-2 to None, run_after=None
[2026-09-25T17:06:12.349+0000] {logging_mixin.py:190} INFO - [2026-09-25T17:06:12.348+0000] {dag.py:3239} INFO - Sync 2 DAGs
[2026-09-25T17:06:12.359+0000] {logging_mixin.py:190} INFO - [2026-09-25T17:06:12.359+0000] {dag.py:4180} INFO - Setting next_dagrun for example_subdag_operator.section-1 to None, run_after=None
[2026-09-25T17:06:12.360+0000] {logging_mixin.py:190} INFO - [2026-09-25T17:06:12.360+0000] {dag.py:4180} INFO - Setting next_dagrun for example_subdag_operator.section-2 to None, run_after=None
[2026-09-25T17:06:12.380+0000] {processor.py:208} INFO - Processing /home/airflow/.local/lib/python3.12/site-packages/airflow/example_dags/example_subdag_operator.py took 0.200 seconds
[2026-09-25T17:06:52.954+0000] {processor.py:186} INFO - Started process (PID=1092) to work on /home/airflow/.local/lib/python3.12/site-packages/airflow/example_dags/example_subdag_operator.py
[2026-09-25T17:06:52.956+0000] {processor.py:914} INFO - Processing file /home/airflow/.local/lib/python3.12/site-packages/airflow/example_dags/example_subdag_operator.py for tasks to queue
[2026-09-25T17:06:52.963+0000] {logging_mixin.py:190} INFO - [2026-09-25T17:06:52.962+0000] {dagbag.py:588} INFO - Filling up the DagBag from /home/airflow/.local/lib/python3.12/site-packages/airflow/example_dags/example_subdag_operator.py
[2026-09-25T17:06:53.033+0000] {processor.py:925} INFO - DAG(s) 'example_subdag_operator.section-1', 'example_subdag_operator.section-2', 'example_subdag_operator' retrieved from /home/airflow/.local/lib/python3.12/site-packages/airflow/example_dags/example_subdag_operator.py
[2026-09-25T17:06:53.073+0000] {logging_mixin.py:190} INFO - [2026-09-25T17:06:53.072+0000] {dag.py:3239} INFO - Sync 3 DAGs
[2026-09-25T17:06:53.143+0000] {logging_mixin.py:190} INFO - [2026-09-25T17:06:53.142+0000] {dag.py:4180} INFO - Setting next_dagrun for example_subdag_operator to 2022-01-01 00:00:00+00:00, run_after=2022-01-01 00:00:00+00:00
[2026-09-25T17:06:53.152+0000] {logging_mixin.py:190} INFO - [2026-09-25T17:06:53.151+0000] {dag.py:4180} INFO - Setting next_dagrun for example_subdag_operator.section-1 to None, run_after=None
[2026-09-25T17:06:53.156+0000] {logging_mixin.py:190} INFO - [2026-09-25T17:06:53.155+0000] {dag.py:4180} INFO - Setting next_dagrun for example_subdag_operator.section-2 to None, run_after=None
[2026-09-25T17:06:53.171+0000] {logging_mixin.py:190} INFO - [2026-09-25T17:06:53.171+0000] {dag.py:3239} INFO - Sync 2 DAGs
[2026-09-25T17:06:53.186+0000] {logging_mixin.py:190} INFO - [2026-09-25T17:06:53.185+0000] {dag.py:4180} INFO - Setting next_dagrun for example_subdag_operator.section-1 to None, run_after=None
[2026-09-25T17:06:53.187+0000] {logging_mixin.py:190} INFO - [2026-09-25T17:06:53.187+0000] {dag.py:4180} INFO - Setting next_dagrun for example_subdag_operator.section-2 to None, run_after=None
[2026-09-25T17:06:53.214+0000] {processor.py:208} INFO - Processing /home/airflow/.local/lib/python3.12/site-packages/airflow/example_dags/example_subdag_operator.py took 0.276 seconds
[2026-09-25T17:07:28.946+0000] {processor.py:186} INFO - Started process (PID=1154) to work on /home/airflow/.local/lib/python3.12/site-packages/airflow/example_dags/example_subdag_operator.py
[2026-09-25T17:07:28.948+0000] {processor.py:914} INFO - Processing file /home/airflow/.local/lib/python3.12/site-packages/airflow/example_dags/example_subdag_operator.py for tasks to queue
[2026-09-25T17:07:28.964+0000] {logging_mixin.py:190} INFO - [2026-09-25T17:07:28.963+0000] {dagbag.py:588} INFO - Filling up the DagBag from /home/airflow/.local/lib/python3.12/site-packages/airflow/example_dags/example_subdag_operator.py
[2026-09-25T17:07:29.095+0000] {processor.py:925} INFO - DAG(s) 'example_subdag_operator.section-1', 'example_subdag_operator.section-2', 'example_subdag_operator' retrieved from /home/airflow/.local/lib/python3.12/site-packages/airflow/example_dags/example_subdag_operator.py
[2026-09-25T17:07:29.163+0000] {logging_mixin.py:190} INFO - [2026-09-25T17:07:29.162+0000] {dag.py:3239} INFO - Sync 3 DAGs
[2026-09-25T17:07:29.231+0000] {logging_mixin.py:190} INFO - [2026-09-25T17:07:29.231+0000] {dag.py:4180} INFO - Setting next_dagrun for example_subdag_operator to 2022-01-01 00:00:00+00:00, run_after=2022-01-01 00:00:00+00:00
[2026-09-25T17:07:29.329+0000] {logging_mixin.py:190} INFO - [2026-09-25T17:07:29.324+0000] {dag.py:4180} INFO - Setting next_dagrun for example_subdag_operator.section-1 to None, run_after=None
[2026-09-25T17:07:29.334+0000] {logging_mixin.py:190} INFO - [2026-09-25T17:07:29.333+0000] {dag.py:4180} INFO - Setting next_dagrun for example_subdag_operator.section-2 to None, run_after=None
[2026-09-25T17:07:29.355+0000] {logging_mixin.py:190} INFO - [2026-09-25T17:07:29.355+0000] {dag.py:3239} INFO - Sync 2 DAGs
[2026-09-25T17:07:29.376+0000] {logging_mixin.py:190} INFO - [2026-09-25T17:07:29.376+0000] {dag.py:4180} INFO - Setting next_dagrun for example_subdag_operator.section-1 to None, run_after=None
[2026-09-25T17:07:29.381+0000] {logging_mixin.py:190} INFO - [2026-09-25T17:07:29.380+0000] {dag.py:4180} INFO - Setting next_dagrun for example_subdag_operator.section-2 to None, run_after=None
[2026-09-25T17:07:29.576+0000] {processor.py:208} INFO - Processing /home/airflow/.local/lib/python3.12/site-packages/airflow/example_dags/example_subdag_operator.py took 0.680 seconds
[2026-09-25T17:08:00.697+0000] {processor.py:186} INFO - Started process (PID=1218) to work on /home/airflow/.local/lib/python3.12/site-packages/airflow/example_dags/example_subdag_operator.py
[2026-09-25T17:08:00.705+0000] {processor.py:914} INFO - Processing file /home/airflow/.local/lib/python3.12/site-packages/airflow/example_dags/example_subdag_operator.py for tasks to queue
[2026-09-25T17:08:00.719+0000] {logging_mixin.py:190} INFO - [2026-09-25T17:08:00.718+0000] {dagbag.py:588} INFO - Filling up the DagBag from /home/airflow/.local/lib/python3.12/site-packages/airflow/example_dags/example_subdag_operator.py
[2026-09-25T17:08:00.828+0000] {processor.py:925} INFO - DAG(s) 'example_subdag_operator.section-1', 'example_subdag_operator.section-2', 'example_subdag_operator' retrieved from /home/airflow/.local/lib/python3.12/site-packages/airflow/example_dags/example_subdag_operator.py
[2026-09-25T17:08:00.871+0000] {logging_mixin.py:190} INFO - [2026-09-25T17:08:00.871+0000] {dag.py:3239} INFO - Sync 3 DAGs
[2026-09-25T17:08:00.935+0000] {logging_mixin.py:190} INFO - [2026-09-25T17:08:00.934+0000] {dag.py:4180} INFO - Setting next_dagrun for example_subdag_operator to 2022-01-01 00:00:00+00:00, run_after=2022-01-01 00:00:00+00:00
[2026-09-25T17:08:00.944+0000] {logging_mixin.py:190} INFO - [2026-09-25T17:08:00.944+0000] {dag.py:4180} INFO - Setting next_dagrun for example_subdag_operator.section-1 to None, run_after=None
[2026-09-25T17:08:00.950+0000] {logging_mixin.py:190} INFO - [2026-09-25T17:08:00.949+0000] {dag.py:4180} INFO - Setting next_dagrun for example_subdag_operator.section-2 to None, run_after=None
[2026-09-25T17:08:00.966+0000] {logging_mixin.py:190} INFO - [2026-09-25T17:08:00.966+0000] {dag.py:3239} INFO - Sync 2 DAGs
[2026-09-25T17:08:00.978+0000] {logging_mixin.py:190} INFO - [2026-09-25T17:08:00.978+0000] {dag.py:4180} INFO - Setting next_dagrun for example_subdag_operator.section-1 to None, run_after=None
[2026-09-25T17:08:00.980+0000] {logging_mixin.py:190} INFO - [2026-09-25T17:08:00.979+0000] {dag.py:4180} INFO - Setting next_dagrun for example_subdag_operator.section-2 to None, run_after=None
[2026-09-25T17:08:01.028+0000] {processor.py:208} INFO - Processing /home/airflow/.local/lib/python3.12/site-packages/airflow/example_dags/example_subdag_operator.py took 0.357 seconds
[2026-09-25T17:08:32.552+0000] {processor.py:186} INFO - Started process (PID=1281) to work on /home/airflow/.local/lib/python3.12/site-packages/airflow/example_dags/example_subdag_operator.py
[2026-09-25T17:08:32.564+0000] {processor.py:914} INFO - Processing file /home/airflow/.local/lib/python3.12/site-packages/airflow/example_dags/example_subdag_operator.py for tasks to queue
[2026-09-25T17:08:32.574+0000] {logging_mixin.py:190} INFO - [2026-09-25T17:08:32.572+0000] {dagbag.py:588} INFO - Filling up the DagBag from /home/airflow/.local/lib/python3.12/site-packages/airflow/example_dags/example_subdag_operator.py
[2026-09-25T17:08:32.719+0000] {processor.py:925} INFO - DAG(s) 'example_subdag_operator.section-1', 'example_subdag_operator.section-2', 'example_subdag_operator' retrieved from /home/airflow/.local/lib/python3.12/site-packages/airflow/example_dags/example_subdag_operator.py
[2026-09-25T17:08:32.766+0000] {logging_mixin.py:190} INFO - [2026-09-25T17:08:32.765+0000] {dag.py:3239} INFO - Sync 3 DAGs
[2026-09-25T17:08:32.826+0000] {logging_mixin.py:190} INFO - [2026-09-25T17:08:32.826+0000] {dag.py:4180} INFO - Setting next_dagrun for example_subdag_operator to 2022-01-01 00:00:00+00:00, run_after=2022-01-01 00:00:00+00:00
[2026-09-25T17:08:32.833+0000] {logging_mixin.py:190} INFO - [2026-09-25T17:08:32.833+0000] {dag.py:4180} INFO - Setting next_dagrun for example_subdag_operator.section-1 to None, run_after=None
[2026-09-25T17:08:32.837+0000] {logging_mixin.py:190} INFO - [2026-09-25T17:08:32.836+0000] {dag.py:4180} INFO - Setting next_dagrun for example_subdag_operator.section-2 to None, run_after=None
[2026-09-25T17:08:32.850+0000] {logging_mixin.py:190} INFO - [2026-09-25T17:08:32.849+0000] {dag.py:3239} INFO - Sync 2 DAGs
[2026-09-25T17:08:32.864+0000] {logging_mixin.py:190} INFO - [2026-09-25T17:08:32.864+0000] {dag.py:4180} INFO - Setting next_dagrun for example_subdag_operator.section-1 to None, run_after=None
[2026-09-25T17:08:32.866+0000] {logging_mixin.py:190} INFO - [2026-09-25T17:08:32.865+0000] {dag.py:4180} INFO - Setting next_dagrun for example_subdag_operator.section-2 to None, run_after=None
[2026-09-25T17:08:32.893+0000] {processor.py:208} INFO - Processing /home/airflow/.local/lib/python3.12/site-packages/airflow/example_dags/example_subdag_operator.py took 0.366 seconds
[2026-09-25T17:09:03.337+0000] {processor.py:186} INFO - Started process (PID=1344) to work on /home/airflow/.local/lib/python3.12/site-packages/airflow/example_dags/example_subdag_operator.py
[2026-09-25T17:09:03.351+0000] {processor.py:914} INFO - Processing file /home/airflow/.local/lib/python3.12/site-packages/airflow/example_dags/example_subdag_operator.py for tasks to queue
[2026-09-25T17:09:03.361+0000] {logging_mixin.py:190} INFO - [2026-09-25T17:09:03.360+0000] {dagbag.py:588} INFO - Filling up the DagBag from /home/airflow/.local/lib/python3.12/site-packages/airflow/example_dags/example_subdag_operator.py
[2026-09-25T17:09:03.543+0000] {processor.py:925} INFO - DAG(s) 'example_subdag_operator.section-1', 'example_subdag_operator.section-2', 'example_subdag_operator' retrieved from /home/airflow/.local/lib/python3.12/site-packages/airflow/example_dags/example_subdag_operator.py
[2026-09-25T17:09:03.595+0000] {logging_mixin.py:190} INFO - [2026-09-25T17:09:03.595+0000] {dag.py:3239} INFO - Sync 3 DAGs
[2026-09-25T17:09:04.024+0000] {logging_mixin.py:190} INFO - [2026-09-25T17:09:04.023+0000] {dag.py:4180} INFO - Setting next_dagrun for example_subdag_operator to 2022-01-01 00:00:00+00:00, run_after=2022-01-01 00:00:00+00:00
[2026-09-25T17:09:04.049+0000] {logging_mixin.py:190} INFO - [2026-09-25T17:09:04.049+0000] {dag.py:4180} INFO - Setting next_dagrun for example_subdag_operator.section-1 to None, run_after=None
[2026-09-25T17:09:04.062+0000] {logging_mixin.py:190} INFO - [2026-09-25T17:09:04.054+0000] {dag.py:4180} INFO - Setting next_dagrun for example_subdag_operator.section-2 to None, run_after=None
[2026-09-25T17:09:04.120+0000] {logging_mixin.py:190} INFO - [2026-09-25T17:09:04.119+0000] {dag.py:3239} INFO - Sync 2 DAGs
[2026-09-25T17:09:04.242+0000] {logging_mixin.py:190} INFO - [2026-09-25T17:09:04.241+0000] {dag.py:4180} INFO - Setting next_dagrun for example_subdag_operator.section-1 to None, run_after=None
[2026-09-25T17:09:04.252+0000] {logging_mixin.py:190} INFO - [2026-09-25T17:09:04.251+0000] {dag.py:4180} INFO - Setting next_dagrun for example_subdag_operator.section-2 to None, run_after=None
[2026-09-25T17:09:04.340+0000] {processor.py:208} INFO - Processing /home/airflow/.local/lib/python3.12/site-packages/airflow/example_dags/example_subdag_operator.py took 1.035 seconds
[2026-09-25T17:10:34.110+0000] {processor.py:186} INFO - Started process (PID=1421) to work on /home/airflow/.local/lib/python3.12/site-packages/airflow/example_dags/example_subdag_operator.py
[2026-09-25T17:10:34.114+0000] {processor.py:914} INFO - Processing file /home/airflow/.local/lib/python3.12/site-packages/airflow/example_dags/example_subdag_operator.py for tasks to queue
[2026-09-25T17:10:34.143+0000] {logging_mixin.py:190} INFO - [2026-09-25T17:10:34.134+0000] {dagbag.py:588} INFO - Filling up the DagBag from /home/airflow/.local/lib/python3.12/site-packages/airflow/example_dags/example_subdag_operator.py
[2026-09-25T17:10:34.273+0000] {processor.py:925} INFO - DAG(s) 'example_subdag_operator.section-1', 'example_subdag_operator.section-2', 'example_subdag_operator' retrieved from /home/airflow/.local/lib/python3.12/site-packages/airflow/example_dags/example_subdag_operator.py
[2026-09-25T17:10:34.388+0000] {logging_mixin.py:190} INFO - [2026-09-25T17:10:34.374+0000] {dag.py:3239} INFO - Sync 3 DAGs
[2026-09-25T17:10:34.803+0000] {logging_mixin.py:190} INFO - [2026-09-25T17:10:34.800+0000] {dag.py:4180} INFO - Setting next_dagrun for example_subdag_operator to 2022-01-01 00:00:00+00:00, run_after=2022-01-01 00:00:00+00:00
[2026-09-25T17:10:34.859+0000] {logging_mixin.py:190} INFO - [2026-09-25T17:10:34.853+0000] {dag.py:4180} INFO - Setting next_dagrun for example_subdag_operator.section-1 to None, run_after=None
[2026-09-25T17:10:34.876+0000] {logging_mixin.py:190} INFO - [2026-09-25T17:10:34.873+0000] {dag.py:4180} INFO - Setting next_dagrun for example_subdag_operator.section-2 to None, run_after=None
[2026-09-25T17:10:34.925+0000] {logging_mixin.py:190} INFO - [2026-09-25T17:10:34.924+0000] {dag.py:3239} INFO - Sync 2 DAGs
[2026-09-25T17:10:34.970+0000] {logging_mixin.py:190} INFO - [2026-09-25T17:10:34.969+0000] {dag.py:4180} INFO - Setting next_dagrun for example_subdag_operator.section-1 to None, run_after=None
[2026-09-25T17:10:34.978+0000] {logging_mixin.py:190} INFO - [2026-09-25T17:10:34.978+0000] {dag.py:4180} INFO - Setting next_dagrun for example_subdag_operator.section-2 to None, run_after=None
[2026-09-25T17:10:35.228+0000] {processor.py:208} INFO - Processing /home/airflow/.local/lib/python3.12/site-packages/airflow/example_dags/example_subdag_operator.py took 1.190 seconds
[2026-09-25T17:13:54.805+0000] {processor.py:186} INFO - Started process (PID=1530) to work on /home/airflow/.local/lib/python3.12/site-packages/airflow/example_dags/example_subdag_operator.py
[2026-09-25T17:13:54.852+0000] {processor.py:914} INFO - Processing file /home/airflow/.local/lib/python3.12/site-packages/airflow/example_dags/example_subdag_operator.py for tasks to queue
[2026-09-25T17:13:56.282+0000] {logging_mixin.py:190} INFO - [2026-09-25T17:13:56.279+0000] {dagbag.py:588} INFO - Filling up the DagBag from /home/airflow/.local/lib/python3.12/site-packages/airflow/example_dags/example_subdag_operator.py
[2026-09-25T17:14:02.367+0000] {processor.py:925} INFO - DAG(s) 'example_subdag_operator.section-1', 'example_subdag_operator.section-2', 'example_subdag_operator' retrieved from /home/airflow/.local/lib/python3.12/site-packages/airflow/example_dags/example_subdag_operator.py
[2026-09-25T17:14:03.983+0000] {logging_mixin.py:190} INFO - [2026-09-25T17:14:03.982+0000] {dag.py:3239} INFO - Sync 3 DAGs
[2026-09-25T17:14:08.596+0000] {logging_mixin.py:190} INFO - [2026-09-25T17:14:08.595+0000] {dag.py:4180} INFO - Setting next_dagrun for example_subdag_operator to 2022-01-01 00:00:00+00:00, run_after=2022-01-01 00:00:00+00:00
[2026-09-25T17:14:09.321+0000] {logging_mixin.py:190} INFO - [2026-09-25T17:14:09.320+0000] {dag.py:4180} INFO - Setting next_dagrun for example_subdag_operator.section-1 to None, run_after=None
[2026-09-25T17:14:09.464+0000] {logging_mixin.py:190} INFO - [2026-09-25T17:14:09.463+0000] {dag.py:4180} INFO - Setting next_dagrun for example_subdag_operator.section-2 to None, run_after=None
[2026-09-25T17:14:10.182+0000] {logging_mixin.py:190} INFO - [2026-09-25T17:14:10.181+0000] {dag.py:3239} INFO - Sync 2 DAGs
[2026-09-25T17:14:10.651+0000] {logging_mixin.py:190} INFO - [2026-09-25T17:14:10.650+0000] {dag.py:4180} INFO - Setting next_dagrun for example_subdag_operator.section-1 to None, run_after=None
[2026-09-25T17:14:10.692+0000] {logging_mixin.py:190} INFO - [2026-09-25T17:14:10.691+0000] {dag.py:4180} INFO - Setting next_dagrun for example_subdag_operator.section-2 to None, run_after=None
[2026-09-25T17:14:11.125+0000] {processor.py:208} INFO - Processing /home/airflow/.local/lib/python3.12/site-packages/airflow/example_dags/example_subdag_operator.py took 16.575 seconds
[2026-09-25T17:15:17.084+0000] {processor.py:186} INFO - Started process (PID=1612) to work on /home/airflow/.local/lib/python3.12/site-packages/airflow/example_dags/example_subdag_operator.py
[2026-09-25T17:15:17.090+0000] {processor.py:914} INFO - Processing file /home/airflow/.local/lib/python3.12/site-packages/airflow/example_dags/example_subdag_operator.py for tasks to queue
[2026-09-25T17:15:17.110+0000] {logging_mixin.py:190} INFO - [2026-09-25T17:15:17.109+0000] {dagbag.py:588} INFO - Filling up the DagBag from /home/airflow/.local/lib/python3.12/site-packages/airflow/example_dags/example_subdag_operator.py
[2026-09-25T17:15:17.204+0000] {processor.py:925} INFO - DAG(s) 'example_subdag_operator.section-1', 'example_subdag_operator.section-2', 'example_subdag_operator' retrieved from /home/airflow/.local/lib/python3.12/site-packages/airflow/example_dags/example_subdag_operator.py
[2026-09-25T17:15:17.275+0000] {logging_mixin.py:190} INFO - [2026-09-25T17:15:17.270+0000] {dag.py:3239} INFO - Sync 3 DAGs
[2026-09-25T17:15:17.369+0000] {logging_mixin.py:190} INFO - [2026-09-25T17:15:17.369+0000] {dag.py:4180} INFO - Setting next_dagrun for example_subdag_operator to 2022-01-01 00:00:00+00:00, run_after=2022-01-01 00:00:00+00:00
[2026-09-25T17:15:17.381+0000] {logging_mixin.py:190} INFO - [2026-09-25T17:15:17.381+0000] {dag.py:4180} INFO - Setting next_dagrun for example_subdag_operator.section-1 to None, run_after=None
[2026-09-25T17:15:17.386+0000] {logging_mixin.py:190} INFO - [2026-09-25T17:15:17.386+0000] {dag.py:4180} INFO - Setting next_dagrun for example_subdag_operator.section-2 to None, run_after=None
[2026-09-25T17:15:17.405+0000] {logging_mixin.py:190} INFO - [2026-09-25T17:15:17.405+0000] {dag.py:3239} INFO - Sync 2 DAGs
[2026-09-25T17:15:17.427+0000] {logging_mixin.py:190} INFO - [2026-09-25T17:15:17.427+0000] {dag.py:4180} INFO - Setting next_dagrun for example_subdag_operator.section-1 to None, run_after=None
[2026-09-25T17:15:17.430+0000] {logging_mixin.py:190} INFO - [2026-09-25T17:15:17.429+0000] {dag.py:4180} INFO - Setting next_dagrun for example_subdag_operator.section-2 to None, run_after=None
[2026-09-25T17:15:17.476+0000] {processor.py:208} INFO - Processing /home/airflow/.local/lib/python3.12/site-packages/airflow/example_dags/example_subdag_operator.py took 0.443 seconds
[2026-09-25T17:15:52.770+0000] {processor.py:186} INFO - Started process (PID=1675) to work on /home/airflow/.local/lib/python3.12/site-packages/airflow/example_dags/example_subdag_operator.py
[2026-09-25T17:15:52.777+0000] {processor.py:914} INFO - Processing file /home/airflow/.local/lib/python3.12/site-packages/airflow/example_dags/example_subdag_operator.py for tasks to queue
[2026-09-25T17:15:52.797+0000] {logging_mixin.py:190} INFO - [2026-09-25T17:15:52.796+0000] {dagbag.py:588} INFO - Filling up the DagBag from /home/airflow/.local/lib/python3.12/site-packages/airflow/example_dags/example_subdag_operator.py
[2026-09-25T17:15:52.908+0000] {processor.py:925} INFO - DAG(s) 'example_subdag_operator.section-1', 'example_subdag_operator.section-2', 'example_subdag_operator' retrieved from /home/airflow/.local/lib/python3.12/site-packages/airflow/example_dags/example_subdag_operator.py
[2026-09-25T17:15:53.015+0000] {logging_mixin.py:190} INFO - [2026-09-25T17:15:53.014+0000] {dag.py:3239} INFO - Sync 3 DAGs
[2026-09-25T17:15:53.244+0000] {logging_mixin.py:190} INFO - [2026-09-25T17:15:53.243+0000] {dag.py:4180} INFO - Setting next_dagrun for example_subdag_operator to 2022-01-01 00:00:00+00:00, run_after=2022-01-01 00:00:00+00:00
[2026-09-25T17:15:53.261+0000] {logging_mixin.py:190} INFO - [2026-09-25T17:15:53.261+0000] {dag.py:4180} INFO - Setting next_dagrun for example_subdag_operator.section-1 to None, run_after=None
[2026-09-25T17:15:53.265+0000] {logging_mixin.py:190} INFO - [2026-09-25T17:15:53.265+0000] {dag.py:4180} INFO - Setting next_dagrun for example_subdag_operator.section-2 to None, run_after=None
[2026-09-25T17:15:53.296+0000] {logging_mixin.py:190} INFO - [2026-09-25T17:15:53.295+0000] {dag.py:3239} INFO - Sync 2 DAGs
[2026-09-25T17:15:53.322+0000] {logging_mixin.py:190} INFO - [2026-09-25T17:15:53.321+0000] {dag.py:4180} INFO - Setting next_dagrun for example_subdag_operator.section-1 to None, run_after=None
[2026-09-25T17:15:53.323+0000] {logging_mixin.py:190} INFO - [2026-09-25T17:15:53.323+0000] {dag.py:4180} INFO - Setting next_dagrun for example_subdag_operator.section-2 to None, run_after=None
[2026-09-25T17:15:53.379+0000] {processor.py:208} INFO - Processing /home/airflow/.local/lib/python3.12/site-packages/airflow/example_dags/example_subdag_operator.py took 0.649 seconds
[2026-09-25T17:16:50.753+0000] {processor.py:186} INFO - Started process (PID=1766) to work on /home/airflow/.local/lib/python3.12/site-packages/airflow/example_dags/example_subdag_operator.py
[2026-09-25T17:16:50.756+0000] {processor.py:914} INFO - Processing file /home/airflow/.local/lib/python3.12/site-packages/airflow/example_dags/example_subdag_operator.py for tasks to queue
[2026-09-25T17:16:50.763+0000] {logging_mixin.py:190} INFO - [2026-09-25T17:16:50.762+0000] {dagbag.py:588} INFO - Filling up the DagBag from /home/airflow/.local/lib/python3.12/site-packages/airflow/example_dags/example_subdag_operator.py
[2026-09-25T17:16:50.896+0000] {processor.py:925} INFO - DAG(s) 'example_subdag_operator.section-1', 'example_subdag_operator.section-2', 'example_subdag_operator' retrieved from /home/airflow/.local/lib/python3.12/site-packages/airflow/example_dags/example_subdag_operator.py
[2026-09-25T17:16:50.986+0000] {logging_mixin.py:190} INFO - [2026-09-25T17:16:50.985+0000] {dag.py:3239} INFO - Sync 3 DAGs
[2026-09-25T17:16:51.114+0000] {logging_mixin.py:190} INFO - [2026-09-25T17:16:51.113+0000] {dag.py:4180} INFO - Setting next_dagrun for example_subdag_operator to 2022-01-01 00:00:00+00:00, run_after=2022-01-01 00:00:00+00:00
[2026-09-25T17:16:51.127+0000] {logging_mixin.py:190} INFO - [2026-09-25T17:16:51.127+0000] {dag.py:4180} INFO - Setting next_dagrun for example_subdag_operator.section-1 to None, run_after=None
[2026-09-25T17:16:51.139+0000] {logging_mixin.py:190} INFO - [2026-09-25T17:16:51.139+0000] {dag.py:4180} INFO - Setting next_dagrun for example_subdag_operator.section-2 to None, run_after=None
[2026-09-25T17:16:51.169+0000] {logging_mixin.py:190} INFO - [2026-09-25T17:16:51.168+0000] {dag.py:3239} INFO - Sync 2 DAGs
[2026-09-25T17:16:51.206+0000] {logging_mixin.py:190} INFO - [2026-09-25T17:16:51.206+0000] {dag.py:4180} INFO - Setting next_dagrun for example_subdag_operator.section-1 to None, run_after=None
[2026-09-25T17:16:51.209+0000] {logging_mixin.py:190} INFO - [2026-09-25T17:16:51.208+0000] {dag.py:4180} INFO - Setting next_dagrun for example_subdag_operator.section-2 to None, run_after=None
[2026-09-25T17:16:51.285+0000] {processor.py:208} INFO - Processing /home/airflow/.local/lib/python3.12/site-packages/airflow/example_dags/example_subdag_operator.py took 0.549 seconds
[2026-09-25T17:17:22.226+0000] {processor.py:186} INFO - Started process (PID=1828) to work on /home/airflow/.local/lib/python3.12/site-packages/airflow/example_dags/example_subdag_operator.py
[2026-09-25T17:17:22.235+0000] {processor.py:914} INFO - Processing file /home/airflow/.local/lib/python3.12/site-packages/airflow/example_dags/example_subdag_operator.py for tasks to queue
[2026-09-25T17:17:22.240+0000] {logging_mixin.py:190} INFO - [2026-09-25T17:17:22.240+0000] {dagbag.py:588} INFO - Filling up the DagBag from /home/airflow/.local/lib/python3.12/site-packages/airflow/example_dags/example_subdag_operator.py
[2026-09-25T17:17:22.309+0000] {processor.py:925} INFO - DAG(s) 'example_subdag_operator.section-1', 'example_subdag_operator.section-2', 'example_subdag_operator' retrieved from /home/airflow/.local/lib/python3.12/site-packages/airflow/example_dags/example_subdag_operator.py
[2026-09-25T17:17:22.368+0000] {logging_mixin.py:190} INFO - [2026-09-25T17:17:22.367+0000] {dag.py:3239} INFO - Sync 3 DAGs
[2026-09-25T17:17:22.464+0000] {logging_mixin.py:190} INFO - [2026-09-25T17:17:22.463+0000] {dag.py:4180} INFO - Setting next_dagrun for example_subdag_operator to 2022-01-01 00:00:00+00:00, run_after=2022-01-01 00:00:00+00:00
[2026-09-25T17:17:22.472+0000] {logging_mixin.py:190} INFO - [2026-09-25T17:17:22.471+0000] {dag.py:4180} INFO - Setting next_dagrun for example_subdag_operator.section-1 to None, run_after=None
[2026-09-25T17:17:22.476+0000] {logging_mixin.py:190} INFO - [2026-09-25T17:17:22.475+0000] {dag.py:4180} INFO - Setting next_dagrun for example_subdag_operator.section-2 to None, run_after=None
[2026-09-25T17:17:22.503+0000] {logging_mixin.py:190} INFO - [2026-09-25T17:17:22.503+0000] {dag.py:3239} INFO - Sync 2 DAGs
[2026-09-25T17:17:22.517+0000] {logging_mixin.py:190} INFO - [2026-09-25T17:17:22.517+0000] {dag.py:4180} INFO - Setting next_dagrun for example_subdag_operator.section-1 to None, run_after=None
[2026-09-25T17:17:22.519+0000] {logging_mixin.py:190} INFO - [2026-09-25T17:17:22.518+0000] {dag.py:4180} INFO - Setting next_dagrun for example_subdag_operator.section-2 to None, run_after=None
[2026-09-25T17:17:22.558+0000] {processor.py:208} INFO - Processing /home/airflow/.local/lib/python3.12/site-packages/airflow/example_dags/example_subdag_operator.py took 0.350 seconds
[2026-09-25T17:17:58.675+0000] {processor.py:186} INFO - Started process (PID=1895) to work on /home/airflow/.local/lib/python3.12/site-packages/airflow/example_dags/example_subdag_operator.py
[2026-09-25T17:17:58.679+0000] {processor.py:914} INFO - Processing file /home/airflow/.local/lib/python3.12/site-packages/airflow/example_dags/example_subdag_operator.py for tasks to queue
[2026-09-25T17:17:58.683+0000] {logging_mixin.py:190} INFO - [2026-09-25T17:17:58.683+0000] {dagbag.py:588} INFO - Filling up the DagBag from /home/airflow/.local/lib/python3.12/site-packages/airflow/example_dags/example_subdag_operator.py
[2026-09-25T17:17:58.772+0000] {processor.py:925} INFO - DAG(s) 'example_subdag_operator.section-1', 'example_subdag_operator.section-2', 'example_subdag_operator' retrieved from /home/airflow/.local/lib/python3.12/site-packages/airflow/example_dags/example_subdag_operator.py
[2026-09-25T17:17:58.819+0000] {logging_mixin.py:190} INFO - [2026-09-25T17:17:58.817+0000] {dag.py:3239} INFO - Sync 3 DAGs
[2026-09-25T17:17:58.903+0000] {logging_mixin.py:190} INFO - [2026-09-25T17:17:58.903+0000] {dag.py:4180} INFO - Setting next_dagrun for example_subdag_operator to 2022-01-01 00:00:00+00:00, run_after=2022-01-01 00:00:00+00:00
[2026-09-25T17:17:58.913+0000] {logging_mixin.py:190} INFO - [2026-09-25T17:17:58.913+0000] {dag.py:4180} INFO - Setting next_dagrun for example_subdag_operator.section-1 to None, run_after=None
[2026-09-25T17:17:58.917+0000] {logging_mixin.py:190} INFO - [2026-09-25T17:17:58.917+0000] {dag.py:4180} INFO - Setting next_dagrun for example_subdag_operator.section-2 to None, run_after=None
[2026-09-25T17:17:58.947+0000] {logging_mixin.py:190} INFO - [2026-09-25T17:17:58.945+0000] {dag.py:3239} INFO - Sync 2 DAGs
[2026-09-25T17:17:58.960+0000] {logging_mixin.py:190} INFO - [2026-09-25T17:17:58.960+0000] {dag.py:4180} INFO - Setting next_dagrun for example_subdag_operator.section-1 to None, run_after=None
[2026-09-25T17:17:58.963+0000] {logging_mixin.py:190} INFO - [2026-09-25T17:17:58.963+0000] {dag.py:4180} INFO - Setting next_dagrun for example_subdag_operator.section-2 to None, run_after=None
[2026-09-25T17:17:59.008+0000] {processor.py:208} INFO - Processing /home/airflow/.local/lib/python3.12/site-packages/airflow/example_dags/example_subdag_operator.py took 0.345 seconds
[2026-09-25T17:18:35.267+0000] {processor.py:186} INFO - Started process (PID=1963) to work on /home/airflow/.local/lib/python3.12/site-packages/airflow/example_dags/example_subdag_operator.py
[2026-09-25T17:18:35.270+0000] {processor.py:914} INFO - Processing file /home/airflow/.local/lib/python3.12/site-packages/airflow/example_dags/example_subdag_operator.py for tasks to queue
[2026-09-25T17:18:35.274+0000] {logging_mixin.py:190} INFO - [2026-09-25T17:18:35.273+0000] {dagbag.py:588} INFO - Filling up the DagBag from /home/airflow/.local/lib/python3.12/site-packages/airflow/example_dags/example_subdag_operator.py
[2026-09-25T17:18:35.329+0000] {processor.py:925} INFO - DAG(s) 'example_subdag_operator.section-1', 'example_subdag_operator.section-2', 'example_subdag_operator' retrieved from /home/airflow/.local/lib/python3.12/site-packages/airflow/example_dags/example_subdag_operator.py
[2026-09-25T17:18:35.410+0000] {logging_mixin.py:190} INFO - [2026-09-25T17:18:35.410+0000] {dag.py:3239} INFO - Sync 3 DAGs
[2026-09-25T17:18:35.489+0000] {logging_mixin.py:190} INFO - [2026-09-25T17:18:35.489+0000] {dag.py:4180} INFO - Setting next_dagrun for example_subdag_operator to 2022-01-01 00:00:00+00:00, run_after=2022-01-01 00:00:00+00:00
[2026-09-25T17:18:35.498+0000] {logging_mixin.py:190} INFO - [2026-09-25T17:18:35.498+0000] {dag.py:4180} INFO - Setting next_dagrun for example_subdag_operator.section-1 to None, run_after=None
[2026-09-25T17:18:35.502+0000] {logging_mixin.py:190} INFO - [2026-09-25T17:18:35.502+0000] {dag.py:4180} INFO - Setting next_dagrun for example_subdag_operator.section-2 to None, run_after=None
[2026-09-25T17:18:35.516+0000] {logging_mixin.py:190} INFO - [2026-09-25T17:18:35.516+0000] {dag.py:3239} INFO - Sync 2 DAGs
[2026-09-25T17:18:35.527+0000] {logging_mixin.py:190} INFO - [2026-09-25T17:18:35.527+0000] {dag.py:4180} INFO - Setting next_dagrun for example_subdag_operator.section-1 to None, run_after=None
[2026-09-25T17:18:35.531+0000] {logging_mixin.py:190} INFO - [2026-09-25T17:18:35.528+0000] {dag.py:4180} INFO - Setting next_dagrun for example_subdag_operator.section-2 to None, run_after=None
[2026-09-25T17:18:35.562+0000] {processor.py:208} INFO - Processing /home/airflow/.local/lib/python3.12/site-packages/airflow/example_dags/example_subdag_operator.py took 0.306 seconds
[2026-09-25T17:19:09.646+0000] {processor.py:186} INFO - Started process (PID=2026) to work on /home/airflow/.local/lib/python3.12/site-packages/airflow/example_dags/example_subdag_operator.py
[2026-09-25T17:19:09.653+0000] {processor.py:914} INFO - Processing file /home/airflow/.local/lib/python3.12/site-packages/airflow/example_dags/example_subdag_operator.py for tasks to queue
[2026-09-25T17:19:09.660+0000] {logging_mixin.py:190} INFO - [2026-09-25T17:19:09.659+0000] {dagbag.py:588} INFO - Filling up the DagBag from /home/airflow/.local/lib/python3.12/site-packages/airflow/example_dags/example_subdag_operator.py
[2026-09-25T17:19:09.801+0000] {processor.py:925} INFO - DAG(s) 'example_subdag_operator.section-1', 'example_subdag_operator.section-2', 'example_subdag_operator' retrieved from /home/airflow/.local/lib/python3.12/site-packages/airflow/example_dags/example_subdag_operator.py
[2026-09-25T17:19:09.865+0000] {logging_mixin.py:190} INFO - [2026-09-25T17:19:09.865+0000] {dag.py:3239} INFO - Sync 3 DAGs
[2026-09-25T17:19:09.960+0000] {logging_mixin.py:190} INFO - [2026-09-25T17:19:09.959+0000] {dag.py:4180} INFO - Setting next_dagrun for example_subdag_operator to 2022-01-01 00:00:00+00:00, run_after=2022-01-01 00:00:00+00:00
[2026-09-25T17:19:09.977+0000] {logging_mixin.py:190} INFO - [2026-09-25T17:19:09.976+0000] {dag.py:4180} INFO - Setting next_dagrun for example_subdag_operator.section-1 to None, run_after=None
[2026-09-25T17:19:09.984+0000] {logging_mixin.py:190} INFO - [2026-09-25T17:19:09.984+0000] {dag.py:4180} INFO - Setting next_dagrun for example_subdag_operator.section-2 to None, run_after=None
[2026-09-25T17:19:10.043+0000] {logging_mixin.py:190} INFO - [2026-09-25T17:19:10.043+0000] {dag.py:3239} INFO - Sync 2 DAGs
[2026-09-25T17:19:10.063+0000] {logging_mixin.py:190} INFO - [2026-09-25T17:19:10.062+0000] {dag.py:4180} INFO - Setting next_dagrun for example_subdag_operator.section-1 to None, run_after=None
[2026-09-25T17:19:10.065+0000] {logging_mixin.py:190} INFO - [2026-09-25T17:19:10.065+0000] {dag.py:4180} INFO - Setting next_dagrun for example_subdag_operator.section-2 to None, run_after=None
[2026-09-25T17:19:10.095+0000] {processor.py:208} INFO - Processing /home/airflow/.local/lib/python3.12/site-packages/airflow/example_dags/example_subdag_operator.py took 0.476 seconds
[2026-09-25T17:19:48.875+0000] {processor.py:186} INFO - Started process (PID=2089) to work on /home/airflow/.local/lib/python3.12/site-packages/airflow/example_dags/example_subdag_operator.py
[2026-09-25T17:19:48.881+0000] {processor.py:914} INFO - Processing file /home/airflow/.local/lib/python3.12/site-packages/airflow/example_dags/example_subdag_operator.py for tasks to queue
[2026-09-25T17:19:48.900+0000] {logging_mixin.py:190} INFO - [2026-09-25T17:19:48.895+0000] {dagbag.py:588} INFO - Filling up the DagBag from /home/airflow/.local/lib/python3.12/site-packages/airflow/example_dags/example_subdag_operator.py
[2026-09-25T17:19:49.261+0000] {processor.py:925} INFO - DAG(s) 'example_subdag_operator.section-1', 'example_subdag_operator.section-2', 'example_subdag_operator' retrieved from /home/airflow/.local/lib/python3.12/site-packages/airflow/example_dags/example_subdag_operator.py
[2026-09-25T17:19:49.415+0000] {logging_mixin.py:190} INFO - [2026-09-25T17:19:49.414+0000] {dag.py:3239} INFO - Sync 3 DAGs
[2026-09-25T17:19:49.590+0000] {logging_mixin.py:190} INFO - [2026-09-25T17:19:49.589+0000] {dag.py:4180} INFO - Setting next_dagrun for example_subdag_operator to 2022-01-01 00:00:00+00:00, run_after=2022-01-01 00:00:00+00:00
[2026-09-25T17:19:49.658+0000] {logging_mixin.py:190} INFO - [2026-09-25T17:19:49.645+0000] {dag.py:4180} INFO - Setting next_dagrun for example_subdag_operator.section-1 to None, run_after=None
[2026-09-25T17:19:49.715+0000] {logging_mixin.py:190} INFO - [2026-09-25T17:19:49.714+0000] {dag.py:4180} INFO - Setting next_dagrun for example_subdag_operator.section-2 to None, run_after=None
[2026-09-25T17:19:49.829+0000] {logging_mixin.py:190} INFO - [2026-09-25T17:19:49.828+0000] {dag.py:3239} INFO - Sync 2 DAGs
[2026-09-25T17:19:49.971+0000] {logging_mixin.py:190} INFO - [2026-09-25T17:19:49.970+0000] {dag.py:4180} INFO - Setting next_dagrun for example_subdag_operator.section-1 to None, run_after=None
[2026-09-25T17:19:50.004+0000] {logging_mixin.py:190} INFO - [2026-09-25T17:19:49.974+0000] {dag.py:4180} INFO - Setting next_dagrun for example_subdag_operator.section-2 to None, run_after=None
[2026-09-25T17:19:51.191+0000] {processor.py:208} INFO - Processing /home/airflow/.local/lib/python3.12/site-packages/airflow/example_dags/example_subdag_operator.py took 2.345 seconds
[2026-09-25T17:20:31.890+0000] {processor.py:186} INFO - Started process (PID=2157) to work on /home/airflow/.local/lib/python3.12/site-packages/airflow/example_dags/example_subdag_operator.py
[2026-09-25T17:20:31.896+0000] {processor.py:914} INFO - Processing file /home/airflow/.local/lib/python3.12/site-packages/airflow/example_dags/example_subdag_operator.py for tasks to queue
[2026-09-25T17:20:31.912+0000] {logging_mixin.py:190} INFO - [2026-09-25T17:20:31.907+0000] {dagbag.py:588} INFO - Filling up the DagBag from /home/airflow/.local/lib/python3.12/site-packages/airflow/example_dags/example_subdag_operator.py
[2026-09-25T17:20:32.166+0000] {processor.py:925} INFO - DAG(s) 'example_subdag_operator.section-1', 'example_subdag_operator.section-2', 'example_subdag_operator' retrieved from /home/airflow/.local/lib/python3.12/site-packages/airflow/example_dags/example_subdag_operator.py
[2026-09-25T17:20:32.319+0000] {logging_mixin.py:190} INFO - [2026-09-25T17:20:32.315+0000] {dag.py:3239} INFO - Sync 3 DAGs
[2026-09-25T17:20:32.485+0000] {logging_mixin.py:190} INFO - [2026-09-25T17:20:32.484+0000] {dag.py:4180} INFO - Setting next_dagrun for example_subdag_operator to 2022-01-01 00:00:00+00:00, run_after=2022-01-01 00:00:00+00:00
[2026-09-25T17:20:32.579+0000] {logging_mixin.py:190} INFO - [2026-09-25T17:20:32.578+0000] {dag.py:4180} INFO - Setting next_dagrun for example_subdag_operator.section-1 to None, run_after=None
[2026-09-25T17:20:32.605+0000] {logging_mixin.py:190} INFO - [2026-09-25T17:20:32.605+0000] {dag.py:4180} INFO - Setting next_dagrun for example_subdag_operator.section-2 to None, run_after=None
[2026-09-25T17:20:32.673+0000] {logging_mixin.py:190} INFO - [2026-09-25T17:20:32.673+0000] {dag.py:3239} INFO - Sync 2 DAGs
[2026-09-25T17:20:32.700+0000] {logging_mixin.py:190} INFO - [2026-09-25T17:20:32.699+0000] {dag.py:4180} INFO - Setting next_dagrun for example_subdag_operator.section-1 to None, run_after=None
[2026-09-25T17:20:32.706+0000] {logging_mixin.py:190} INFO - [2026-09-25T17:20:32.706+0000] {dag.py:4180} INFO - Setting next_dagrun for example_subdag_operator.section-2 to None, run_after=None
[2026-09-25T17:20:32.934+0000] {processor.py:208} INFO - Processing /home/airflow/.local/lib/python3.12/site-packages/airflow/example_dags/example_subdag_operator.py took 1.062 seconds
[2026-09-25T17:21:19.822+0000] {processor.py:186} INFO - Started process (PID=2231) to work on /home/airflow/.local/lib/python3.12/site-packages/airflow/example_dags/example_subdag_operator.py
[2026-09-25T17:21:19.826+0000] {processor.py:914} INFO - Processing file /home/airflow/.local/lib/python3.12/site-packages/airflow/example_dags/example_subdag_operator.py for tasks to queue
[2026-09-25T17:21:19.845+0000] {logging_mixin.py:190} INFO - [2026-09-25T17:21:19.844+0000] {dagbag.py:588} INFO - Filling up the DagBag from /home/airflow/.local/lib/python3.12/site-packages/airflow/example_dags/example_subdag_operator.py
[2026-09-25T17:21:19.965+0000] {processor.py:925} INFO - DAG(s) 'example_subdag_operator.section-1', 'example_subdag_operator.section-2', 'example_subdag_operator' retrieved from /home/airflow/.local/lib/python3.12/site-packages/airflow/example_dags/example_subdag_operator.py
[2026-09-25T17:21:20.077+0000] {logging_mixin.py:190} INFO - [2026-09-25T17:21:20.076+0000] {dag.py:3239} INFO - Sync 3 DAGs
[2026-09-25T17:21:20.176+0000] {logging_mixin.py:190} INFO - [2026-09-25T17:21:20.174+0000] {dag.py:4180} INFO - Setting next_dagrun for example_subdag_operator to 2022-01-01 00:00:00+00:00, run_after=2022-01-01 00:00:00+00:00
[2026-09-25T17:21:20.191+0000] {logging_mixin.py:190} INFO - [2026-09-25T17:21:20.190+0000] {dag.py:4180} INFO - Setting next_dagrun for example_subdag_operator.section-1 to None, run_after=None
[2026-09-25T17:21:20.196+0000] {logging_mixin.py:190} INFO - [2026-09-25T17:21:20.195+0000] {dag.py:4180} INFO - Setting next_dagrun for example_subdag_operator.section-2 to None, run_after=None
[2026-09-25T17:21:20.218+0000] {logging_mixin.py:190} INFO - [2026-09-25T17:21:20.217+0000] {dag.py:3239} INFO - Sync 2 DAGs
[2026-09-25T17:21:20.251+0000] {logging_mixin.py:190} INFO - [2026-09-25T17:21:20.247+0000] {dag.py:4180} INFO - Setting next_dagrun for example_subdag_operator.section-1 to None, run_after=None
[2026-09-25T17:21:20.253+0000] {logging_mixin.py:190} INFO - [2026-09-25T17:21:20.252+0000] {dag.py:4180} INFO - Setting next_dagrun for example_subdag_operator.section-2 to None, run_after=None
[2026-09-25T17:21:20.296+0000] {processor.py:208} INFO - Processing /home/airflow/.local/lib/python3.12/site-packages/airflow/example_dags/example_subdag_operator.py took 0.490 seconds
[2026-09-25T17:22:42.177+0000] {processor.py:186} INFO - Started process (PID=2324) to work on /home/airflow/.local/lib/python3.12/site-packages/airflow/example_dags/example_subdag_operator.py
[2026-09-25T17:22:42.183+0000] {processor.py:914} INFO - Processing file /home/airflow/.local/lib/python3.12/site-packages/airflow/example_dags/example_subdag_operator.py for tasks to queue
[2026-09-25T17:22:42.193+0000] {logging_mixin.py:190} INFO - [2026-09-25T17:22:42.192+0000] {dagbag.py:588} INFO - Filling up the DagBag from /home/airflow/.local/lib/python3.12/site-packages/airflow/example_dags/example_subdag_operator.py
[2026-09-25T17:22:42.908+0000] {processor.py:925} INFO - DAG(s) 'example_subdag_operator.section-1', 'example_subdag_operator.section-2', 'example_subdag_operator' retrieved from /home/airflow/.local/lib/python3.12/site-packages/airflow/example_dags/example_subdag_operator.py
[2026-09-25T17:22:43.325+0000] {logging_mixin.py:190} INFO - [2026-09-25T17:22:43.325+0000] {dag.py:3239} INFO - Sync 3 DAGs
[2026-09-25T17:22:43.560+0000] {logging_mixin.py:190} INFO - [2026-09-25T17:22:43.558+0000] {dag.py:4180} INFO - Setting next_dagrun for example_subdag_operator to 2022-01-01 00:00:00+00:00, run_after=2022-01-01 00:00:00+00:00
[2026-09-25T17:22:43.575+0000] {logging_mixin.py:190} INFO - [2026-09-25T17:22:43.575+0000] {dag.py:4180} INFO - Setting next_dagrun for example_subdag_operator.section-1 to None, run_after=None
[2026-09-25T17:22:43.583+0000] {logging_mixin.py:190} INFO - [2026-09-25T17:22:43.583+0000] {dag.py:4180} INFO - Setting next_dagrun for example_subdag_operator.section-2 to None, run_after=None
[2026-09-25T17:22:43.610+0000] {logging_mixin.py:190} INFO - [2026-09-25T17:22:43.610+0000] {dag.py:3239} INFO - Sync 2 DAGs
[2026-09-25T17:22:43.643+0000] {logging_mixin.py:190} INFO - [2026-09-25T17:22:43.642+0000] {dag.py:4180} INFO - Setting next_dagrun for example_subdag_operator.section-1 to None, run_after=None
[2026-09-25T17:22:43.651+0000] {logging_mixin.py:190} INFO - [2026-09-25T17:22:43.648+0000] {dag.py:4180} INFO - Setting next_dagrun for example_subdag_operator.section-2 to None, run_after=None
[2026-09-25T17:22:43.719+0000] {processor.py:208} INFO - Processing /home/airflow/.local/lib/python3.12/site-packages/airflow/example_dags/example_subdag_operator.py took 1.558 seconds
[2026-09-25T17:23:23.950+0000] {processor.py:186} INFO - Started process (PID=2389) to work on /home/airflow/.local/lib/python3.12/site-packages/airflow/example_dags/example_subdag_operator.py
[2026-09-25T17:23:23.956+0000] {processor.py:914} INFO - Processing file /home/airflow/.local/lib/python3.12/site-packages/airflow/example_dags/example_subdag_operator.py for tasks to queue
[2026-09-25T17:23:23.963+0000] {logging_mixin.py:190} INFO - [2026-09-25T17:23:23.962+0000] {dagbag.py:588} INFO - Filling up the DagBag from /home/airflow/.local/lib/python3.12/site-packages/airflow/example_dags/example_subdag_operator.py
[2026-09-25T17:23:24.076+0000] {processor.py:925} INFO - DAG(s) 'example_subdag_operator.section-1', 'example_subdag_operator.section-2', 'example_subdag_operator' retrieved from /home/airflow/.local/lib/python3.12/site-packages/airflow/example_dags/example_subdag_operator.py
[2026-09-25T17:23:24.140+0000] {logging_mixin.py:190} INFO - [2026-09-25T17:23:24.140+0000] {dag.py:3239} INFO - Sync 3 DAGs
[2026-09-25T17:23:24.219+0000] {logging_mixin.py:190} INFO - [2026-09-25T17:23:24.218+0000] {dag.py:4180} INFO - Setting next_dagrun for example_subdag_operator to 2022-01-01 00:00:00+00:00, run_after=2022-01-01 00:00:00+00:00
[2026-09-25T17:23:24.244+0000] {logging_mixin.py:190} INFO - [2026-09-25T17:23:24.243+0000] {dag.py:4180} INFO - Setting next_dagrun for example_subdag_operator.section-1 to None, run_after=None
[2026-09-25T17:23:24.249+0000] {logging_mixin.py:190} INFO - [2026-09-25T17:23:24.248+0000] {dag.py:4180} INFO - Setting next_dagrun for example_subdag_operator.section-2 to None, run_after=None
[2026-09-25T17:23:24.270+0000] {logging_mixin.py:190} INFO - [2026-09-25T17:23:24.269+0000] {dag.py:3239} INFO - Sync 2 DAGs
[2026-09-25T17:23:24.288+0000] {logging_mixin.py:190} INFO - [2026-09-25T17:23:24.287+0000] {dag.py:4180} INFO - Setting next_dagrun for example_subdag_operator.section-1 to None, run_after=None
[2026-09-25T17:23:24.290+0000] {logging_mixin.py:190} INFO - [2026-09-25T17:23:24.289+0000] {dag.py:4180} INFO - Setting next_dagrun for example_subdag_operator.section-2 to None, run_after=None
[2026-09-25T17:23:24.319+0000] {processor.py:208} INFO - Processing /home/airflow/.local/lib/python3.12/site-packages/airflow/example_dags/example_subdag_operator.py took 0.396 seconds
[2026-09-25T17:23:59.294+0000] {processor.py:186} INFO - Started process (PID=2451) to work on /home/airflow/.local/lib/python3.12/site-packages/airflow/example_dags/example_subdag_operator.py
[2026-09-25T17:23:59.310+0000] {processor.py:914} INFO - Processing file /home/airflow/.local/lib/python3.12/site-packages/airflow/example_dags/example_subdag_operator.py for tasks to queue
[2026-09-25T17:23:59.319+0000] {logging_mixin.py:190} INFO - [2026-09-25T17:23:59.318+0000] {dagbag.py:588} INFO - Filling up the DagBag from /home/airflow/.local/lib/python3.12/site-packages/airflow/example_dags/example_subdag_operator.py
[2026-09-25T17:23:59.404+0000] {processor.py:925} INFO - DAG(s) 'example_subdag_operator.section-1', 'example_subdag_operator.section-2', 'example_subdag_operator' retrieved from /home/airflow/.local/lib/python3.12/site-packages/airflow/example_dags/example_subdag_operator.py
[2026-09-25T17:23:59.467+0000] {logging_mixin.py:190} INFO - [2026-09-25T17:23:59.466+0000] {dag.py:3239} INFO - Sync 3 DAGs
[2026-09-25T17:23:59.575+0000] {logging_mixin.py:190} INFO - [2026-09-25T17:23:59.574+0000] {dag.py:4180} INFO - Setting next_dagrun for example_subdag_operator to 2022-01-01 00:00:00+00:00, run_after=2022-01-01 00:00:00+00:00
[2026-09-25T17:23:59.587+0000] {logging_mixin.py:190} INFO - [2026-09-25T17:23:59.587+0000] {dag.py:4180} INFO - Setting next_dagrun for example_subdag_operator.section-1 to None, run_after=None
[2026-09-25T17:23:59.605+0000] {logging_mixin.py:190} INFO - [2026-09-25T17:23:59.603+0000] {dag.py:4180} INFO - Setting next_dagrun for example_subdag_operator.section-2 to None, run_after=None
[2026-09-25T17:23:59.659+0000] {logging_mixin.py:190} INFO - [2026-09-25T17:23:59.659+0000] {dag.py:3239} INFO - Sync 2 DAGs
[2026-09-25T17:23:59.695+0000] {logging_mixin.py:190} INFO - [2026-09-25T17:23:59.694+0000] {dag.py:4180} INFO - Setting next_dagrun for example_subdag_operator.section-1 to None, run_after=None
[2026-09-25T17:23:59.707+0000] {logging_mixin.py:190} INFO - [2026-09-25T17:23:59.706+0000] {dag.py:4180} INFO - Setting next_dagrun for example_subdag_operator.section-2 to None, run_after=None
[2026-09-25T17:23:59.758+0000] {processor.py:208} INFO - Processing /home/airflow/.local/lib/python3.12/site-packages/airflow/example_dags/example_subdag_operator.py took 0.480 seconds
[2026-09-25T17:24:35.725+0000] {processor.py:186} INFO - Started process (PID=2517) to work on /home/airflow/.local/lib/python3.12/site-packages/airflow/example_dags/example_subdag_operator.py
[2026-09-25T17:24:35.733+0000] {processor.py:914} INFO - Processing file /home/airflow/.local/lib/python3.12/site-packages/airflow/example_dags/example_subdag_operator.py for tasks to queue
[2026-09-25T17:24:35.751+0000] {logging_mixin.py:190} INFO - [2026-09-25T17:24:35.744+0000] {dagbag.py:588} INFO - Filling up the DagBag from /home/airflow/.local/lib/python3.12/site-packages/airflow/example_dags/example_subdag_operator.py
[2026-09-25T17:24:35.879+0000] {processor.py:925} INFO - DAG(s) 'example_subdag_operator.section-1', 'example_subdag_operator.section-2', 'example_subdag_operator' retrieved from /home/airflow/.local/lib/python3.12/site-packages/airflow/example_dags/example_subdag_operator.py
[2026-09-25T17:24:35.992+0000] {logging_mixin.py:190} INFO - [2026-09-25T17:24:35.965+0000] {dag.py:3239} INFO - Sync 3 DAGs
[2026-09-25T17:24:36.389+0000] {logging_mixin.py:190} INFO - [2026-09-25T17:24:36.388+0000] {dag.py:4180} INFO - Setting next_dagrun for example_subdag_operator to 2022-01-01 00:00:00+00:00, run_after=2022-01-01 00:00:00+00:00
[2026-09-25T17:24:36.415+0000] {logging_mixin.py:190} INFO - [2026-09-25T17:24:36.415+0000] {dag.py:4180} INFO - Setting next_dagrun for example_subdag_operator.section-1 to None, run_after=None
[2026-09-25T17:24:36.432+0000] {logging_mixin.py:190} INFO - [2026-09-25T17:24:36.431+0000] {dag.py:4180} INFO - Setting next_dagrun for example_subdag_operator.section-2 to None, run_after=None
[2026-09-25T17:24:36.459+0000] {logging_mixin.py:190} INFO - [2026-09-25T17:24:36.458+0000] {dag.py:3239} INFO - Sync 2 DAGs
[2026-09-25T17:24:36.501+0000] {logging_mixin.py:190} INFO - [2026-09-25T17:24:36.500+0000] {dag.py:4180} INFO - Setting next_dagrun for example_subdag_operator.section-1 to None, run_after=None
[2026-09-25T17:24:36.515+0000] {logging_mixin.py:190} INFO - [2026-09-25T17:24:36.515+0000] {dag.py:4180} INFO - Setting next_dagrun for example_subdag_operator.section-2 to None, run_after=None
[2026-09-25T17:24:36.611+0000] {processor.py:208} INFO - Processing /home/airflow/.local/lib/python3.12/site-packages/airflow/example_dags/example_subdag_operator.py took 0.971 seconds
[2026-09-25T17:25:09.735+0000] {processor.py:186} INFO - Started process (PID=2585) to work on /home/airflow/.local/lib/python3.12/site-packages/airflow/example_dags/example_subdag_operator.py
[2026-09-25T17:25:09.747+0000] {processor.py:914} INFO - Processing file /home/airflow/.local/lib/python3.12/site-packages/airflow/example_dags/example_subdag_operator.py for tasks to queue
[2026-09-25T17:25:09.773+0000] {logging_mixin.py:190} INFO - [2026-09-25T17:25:09.772+0000] {dagbag.py:588} INFO - Filling up the DagBag from /home/airflow/.local/lib/python3.12/site-packages/airflow/example_dags/example_subdag_operator.py
[2026-09-25T17:25:10.370+0000] {processor.py:925} INFO - DAG(s) 'example_subdag_operator.section-1', 'example_subdag_operator.section-2', 'example_subdag_operator' retrieved from /home/airflow/.local/lib/python3.12/site-packages/airflow/example_dags/example_subdag_operator.py
[2026-09-25T17:25:10.432+0000] {logging_mixin.py:190} INFO - [2026-09-25T17:25:10.432+0000] {dag.py:3239} INFO - Sync 3 DAGs
[2026-09-25T17:25:10.630+0000] {logging_mixin.py:190} INFO - [2026-09-25T17:25:10.629+0000] {dag.py:4180} INFO - Setting next_dagrun for example_subdag_operator to 2022-01-01 00:00:00+00:00, run_after=2022-01-01 00:00:00+00:00
[2026-09-25T17:25:10.647+0000] {logging_mixin.py:190} INFO - [2026-09-25T17:25:10.647+0000] {dag.py:4180} INFO - Setting next_dagrun for example_subdag_operator.section-1 to None, run_after=None
[2026-09-25T17:25:10.665+0000] {logging_mixin.py:190} INFO - [2026-09-25T17:25:10.665+0000] {dag.py:4180} INFO - Setting next_dagrun for example_subdag_operator.section-2 to None, run_after=None
[2026-09-25T17:25:10.709+0000] {logging_mixin.py:190} INFO - [2026-09-25T17:25:10.709+0000] {dag.py:3239} INFO - Sync 2 DAGs
[2026-09-25T17:25:10.747+0000] {logging_mixin.py:190} INFO - [2026-09-25T17:25:10.746+0000] {dag.py:4180} INFO - Setting next_dagrun for example_subdag_operator.section-1 to None, run_after=None
[2026-09-25T17:25:10.751+0000] {logging_mixin.py:190} INFO - [2026-09-25T17:25:10.749+0000] {dag.py:4180} INFO - Setting next_dagrun for example_subdag_operator.section-2 to None, run_after=None
[2026-09-25T17:25:10.879+0000] {processor.py:208} INFO - Processing /home/airflow/.local/lib/python3.12/site-packages/airflow/example_dags/example_subdag_operator.py took 1.197 seconds
