[2026-09-25T16:16:17.355+0000] {processor.py:186} INFO - Started process (PID=128) to work on /home/airflow/.local/lib/python3.12/site-packages/airflow/example_dags/example_datasets.py
[2026-09-25T16:16:17.359+0000] {processor.py:914} INFO - Processing file /home/airflow/.local/lib/python3.12/site-packages/airflow/example_dags/example_datasets.py for tasks to queue
[2026-09-25T16:16:17.389+0000] {logging_mixin.py:190} INFO - [2026-09-25T16:16:17.387+0000] {dagbag.py:588} INFO - Filling up the DagBag from /home/airflow/.local/lib/python3.12/site-packages/airflow/example_dags/example_datasets.py
[2026-09-25T16:16:41.359+0000] {processor.py:925} INFO - DAG(s) 'consume_1_or_both_2_and_3_with_dataset_expressions', 'conditional_dataset_and_time_based_timetable', 'dataset_produces_1', 'dataset_produces_2', 'consume_1_or_2_with_dataset_expressions', 'dataset_consumes_1_never_scheduled', 'dataset_consumes_1', 'dataset_consumes_1_and_2', 'dataset_consumes_unknown_never_scheduled', 'consume_1_and_2_with_dataset_expressions' retrieved from /home/airflow/.local/lib/python3.12/site-packages/airflow/example_dags/example_datasets.py
[2026-09-25T16:16:45.320+0000] {logging_mixin.py:190} INFO - [2026-09-25T16:16:45.317+0000] {override.py:1912} INFO - Created Permission View: can read on DAG:consume_1_or_both_2_and_3_with_dataset_expressions
[2026-09-25T16:16:45.935+0000] {logging_mixin.py:190} INFO - [2026-09-25T16:16:45.934+0000] {override.py:1912} INFO - Created Permission View: can delete on DAG:consume_1_or_both_2_and_3_with_dataset_expressions
[2026-09-25T16:16:46.211+0000] {logging_mixin.py:190} INFO - [2026-09-25T16:16:46.199+0000] {override.py:1912} INFO - Created Permission View: can edit on DAG:consume_1_or_both_2_and_3_with_dataset_expressions
[2026-09-25T16:16:46.322+0000] {logging_mixin.py:190} INFO - [2026-09-25T16:16:46.321+0000] {override.py:1912} INFO - Created Permission View: can read on DAG Run:consume_1_or_both_2_and_3_with_dataset_expressions
[2026-09-25T16:16:46.378+0000] {logging_mixin.py:190} INFO - [2026-09-25T16:16:46.377+0000] {override.py:1912} INFO - Created Permission View: can delete on DAG Run:consume_1_or_both_2_and_3_with_dataset_expressions
[2026-09-25T16:16:46.435+0000] {logging_mixin.py:190} INFO - [2026-09-25T16:16:46.434+0000] {override.py:1912} INFO - Created Permission View: menu access on DAG Run:consume_1_or_both_2_and_3_with_dataset_expressions
[2026-09-25T16:16:46.482+0000] {logging_mixin.py:190} INFO - [2026-09-25T16:16:46.481+0000] {override.py:1912} INFO - Created Permission View: can create on DAG Run:consume_1_or_both_2_and_3_with_dataset_expressions
[2026-09-25T16:16:46.632+0000] {logging_mixin.py:190} INFO - [2026-09-25T16:16:46.631+0000] {override.py:1912} INFO - Created Permission View: can read on DAG:conditional_dataset_and_time_based_timetable
[2026-09-25T16:16:46.690+0000] {logging_mixin.py:190} INFO - [2026-09-25T16:16:46.686+0000] {override.py:1912} INFO - Created Permission View: can delete on DAG:conditional_dataset_and_time_based_timetable
[2026-09-25T16:16:46.771+0000] {logging_mixin.py:190} INFO - [2026-09-25T16:16:46.756+0000] {override.py:1912} INFO - Created Permission View: can edit on DAG:conditional_dataset_and_time_based_timetable
[2026-09-25T16:16:46.968+0000] {logging_mixin.py:190} INFO - [2026-09-25T16:16:46.968+0000] {override.py:1912} INFO - Created Permission View: can read on DAG Run:conditional_dataset_and_time_based_timetable
[2026-09-25T16:16:47.099+0000] {logging_mixin.py:190} INFO - [2026-09-25T16:16:47.098+0000] {override.py:1912} INFO - Created Permission View: can delete on DAG Run:conditional_dataset_and_time_based_timetable
[2026-09-25T16:16:47.152+0000] {logging_mixin.py:190} INFO - [2026-09-25T16:16:47.152+0000] {override.py:1912} INFO - Created Permission View: menu access on DAG Run:conditional_dataset_and_time_based_timetable
[2026-09-25T16:16:47.177+0000] {logging_mixin.py:190} INFO - [2026-09-25T16:16:47.176+0000] {override.py:1912} INFO - Created Permission View: can create on DAG Run:conditional_dataset_and_time_based_timetable
[2026-09-25T16:16:47.400+0000] {logging_mixin.py:190} INFO - [2026-09-25T16:16:47.379+0000] {override.py:1912} INFO - Created Permission View: can read on DAG:dataset_produces_1
[2026-09-25T16:16:47.469+0000] {logging_mixin.py:190} INFO - [2026-09-25T16:16:47.469+0000] {override.py:1912} INFO - Created Permission View: can delete on DAG:dataset_produces_1
[2026-09-25T16:16:47.562+0000] {logging_mixin.py:190} INFO - [2026-09-25T16:16:47.561+0000] {override.py:1912} INFO - Created Permission View: can edit on DAG:dataset_produces_1
[2026-09-25T16:16:47.620+0000] {logging_mixin.py:190} INFO - [2026-09-25T16:16:47.619+0000] {override.py:1912} INFO - Created Permission View: can read on DAG Run:dataset_produces_1
[2026-09-25T16:16:47.671+0000] {logging_mixin.py:190} INFO - [2026-09-25T16:16:47.671+0000] {override.py:1912} INFO - Created Permission View: can delete on DAG Run:dataset_produces_1
[2026-09-25T16:16:47.714+0000] {logging_mixin.py:190} INFO - [2026-09-25T16:16:47.713+0000] {override.py:1912} INFO - Created Permission View: menu access on DAG Run:dataset_produces_1
[2026-09-25T16:16:47.762+0000] {logging_mixin.py:190} INFO - [2026-09-25T16:16:47.761+0000] {override.py:1912} INFO - Created Permission View: can create on DAG Run:dataset_produces_1
[2026-09-25T16:16:47.837+0000] {logging_mixin.py:190} INFO - [2026-09-25T16:16:47.836+0000] {override.py:1912} INFO - Created Permission View: can read on DAG:dataset_produces_2
[2026-09-25T16:16:47.871+0000] {logging_mixin.py:190} INFO - [2026-09-25T16:16:47.870+0000] {override.py:1912} INFO - Created Permission View: can delete on DAG:dataset_produces_2
[2026-09-25T16:16:47.902+0000] {logging_mixin.py:190} INFO - [2026-09-25T16:16:47.901+0000] {override.py:1912} INFO - Created Permission View: can edit on DAG:dataset_produces_2
[2026-09-25T16:16:47.945+0000] {logging_mixin.py:190} INFO - [2026-09-25T16:16:47.944+0000] {override.py:1912} INFO - Created Permission View: can read on DAG Run:dataset_produces_2
[2026-09-25T16:16:47.969+0000] {logging_mixin.py:190} INFO - [2026-09-25T16:16:47.969+0000] {override.py:1912} INFO - Created Permission View: can delete on DAG Run:dataset_produces_2
[2026-09-25T16:16:47.991+0000] {logging_mixin.py:190} INFO - [2026-09-25T16:16:47.990+0000] {override.py:1912} INFO - Created Permission View: menu access on DAG Run:dataset_produces_2
[2026-09-25T16:16:48.044+0000] {logging_mixin.py:190} INFO - [2026-09-25T16:16:48.044+0000] {override.py:1912} INFO - Created Permission View: can create on DAG Run:dataset_produces_2
[2026-09-25T16:16:48.409+0000] {logging_mixin.py:190} INFO - [2026-09-25T16:16:48.264+0000] {override.py:1912} INFO - Created Permission View: can read on DAG:consume_1_or_2_with_dataset_expressions
[2026-09-25T16:16:49.620+0000] {logging_mixin.py:190} INFO - [2026-09-25T16:16:49.480+0000] {override.py:1912} INFO - Created Permission View: can delete on DAG:consume_1_or_2_with_dataset_expressions
[2026-09-25T16:16:49.834+0000] {logging_mixin.py:190} INFO - [2026-09-25T16:16:49.833+0000] {override.py:1912} INFO - Created Permission View: can edit on DAG:consume_1_or_2_with_dataset_expressions
[2026-09-25T16:16:49.943+0000] {logging_mixin.py:190} INFO - [2026-09-25T16:16:49.942+0000] {override.py:1912} INFO - Created Permission View: can read on DAG Run:consume_1_or_2_with_dataset_expressions
[2026-09-25T16:16:50.099+0000] {logging_mixin.py:190} INFO - [2026-09-25T16:16:50.098+0000] {override.py:1912} INFO - Created Permission View: can delete on DAG Run:consume_1_or_2_with_dataset_expressions
[2026-09-25T16:16:50.358+0000] {logging_mixin.py:190} INFO - [2026-09-25T16:16:50.354+0000] {override.py:1912} INFO - Created Permission View: menu access on DAG Run:consume_1_or_2_with_dataset_expressions
[2026-09-25T16:16:50.978+0000] {logging_mixin.py:190} INFO - [2026-09-25T16:16:50.711+0000] {override.py:1912} INFO - Created Permission View: can create on DAG Run:consume_1_or_2_with_dataset_expressions
[2026-09-25T16:16:51.276+0000] {logging_mixin.py:190} INFO - [2026-09-25T16:16:51.260+0000] {override.py:1912} INFO - Created Permission View: can read on DAG:dataset_consumes_1_never_scheduled
[2026-09-25T16:16:51.387+0000] {logging_mixin.py:190} INFO - [2026-09-25T16:16:51.387+0000] {override.py:1912} INFO - Created Permission View: can delete on DAG:dataset_consumes_1_never_scheduled
[2026-09-25T16:16:51.719+0000] {logging_mixin.py:190} INFO - [2026-09-25T16:16:51.717+0000] {override.py:1912} INFO - Created Permission View: can edit on DAG:dataset_consumes_1_never_scheduled
[2026-09-25T16:16:52.370+0000] {logging_mixin.py:190} INFO - [2026-09-25T16:16:52.370+0000] {override.py:1912} INFO - Created Permission View: can read on DAG Run:dataset_consumes_1_never_scheduled
[2026-09-25T16:16:52.553+0000] {logging_mixin.py:190} INFO - [2026-09-25T16:16:52.553+0000] {override.py:1912} INFO - Created Permission View: can delete on DAG Run:dataset_consumes_1_never_scheduled
[2026-09-25T16:16:52.587+0000] {logging_mixin.py:190} INFO - [2026-09-25T16:16:52.584+0000] {override.py:1912} INFO - Created Permission View: menu access on DAG Run:dataset_consumes_1_never_scheduled
[2026-09-25T16:16:52.854+0000] {logging_mixin.py:190} INFO - [2026-09-25T16:16:52.847+0000] {override.py:1912} INFO - Created Permission View: can create on DAG Run:dataset_consumes_1_never_scheduled
[2026-09-25T16:16:53.222+0000] {logging_mixin.py:190} INFO - [2026-09-25T16:16:53.219+0000] {override.py:1912} INFO - Created Permission View: can read on DAG:dataset_consumes_1
[2026-09-25T16:16:53.251+0000] {logging_mixin.py:190} INFO - [2026-09-25T16:16:53.251+0000] {override.py:1912} INFO - Created Permission View: can delete on DAG:dataset_consumes_1
[2026-09-25T16:16:53.339+0000] {logging_mixin.py:190} INFO - [2026-09-25T16:16:53.315+0000] {override.py:1912} INFO - Created Permission View: can edit on DAG:dataset_consumes_1
[2026-09-25T16:16:53.373+0000] {logging_mixin.py:190} INFO - [2026-09-25T16:16:53.372+0000] {override.py:1912} INFO - Created Permission View: can read on DAG Run:dataset_consumes_1
[2026-09-25T16:16:53.423+0000] {logging_mixin.py:190} INFO - [2026-09-25T16:16:53.420+0000] {override.py:1912} INFO - Created Permission View: can delete on DAG Run:dataset_consumes_1
[2026-09-25T16:16:53.464+0000] {logging_mixin.py:190} INFO - [2026-09-25T16:16:53.461+0000] {override.py:1912} INFO - Created Permission View: menu access on DAG Run:dataset_consumes_1
[2026-09-25T16:16:53.554+0000] {logging_mixin.py:190} INFO - [2026-09-25T16:16:53.553+0000] {override.py:1912} INFO - Created Permission View: can create on DAG Run:dataset_consumes_1
[2026-09-25T16:16:53.834+0000] {logging_mixin.py:190} INFO - [2026-09-25T16:16:53.832+0000] {override.py:1912} INFO - Created Permission View: can read on DAG:dataset_consumes_1_and_2
[2026-09-25T16:16:53.859+0000] {logging_mixin.py:190} INFO - [2026-09-25T16:16:53.858+0000] {override.py:1912} INFO - Created Permission View: can delete on DAG:dataset_consumes_1_and_2
[2026-09-25T16:16:53.936+0000] {logging_mixin.py:190} INFO - [2026-09-25T16:16:53.935+0000] {override.py:1912} INFO - Created Permission View: can edit on DAG:dataset_consumes_1_and_2
[2026-09-25T16:16:53.983+0000] {logging_mixin.py:190} INFO - [2026-09-25T16:16:53.982+0000] {override.py:1912} INFO - Created Permission View: can read on DAG Run:dataset_consumes_1_and_2
[2026-09-25T16:16:54.081+0000] {logging_mixin.py:190} INFO - [2026-09-25T16:16:54.081+0000] {override.py:1912} INFO - Created Permission View: can delete on DAG Run:dataset_consumes_1_and_2
[2026-09-25T16:16:54.164+0000] {logging_mixin.py:190} INFO - [2026-09-25T16:16:54.156+0000] {override.py:1912} INFO - Created Permission View: menu access on DAG Run:dataset_consumes_1_and_2
[2026-09-25T16:16:54.216+0000] {logging_mixin.py:190} INFO - [2026-09-25T16:16:54.215+0000] {override.py:1912} INFO - Created Permission View: can create on DAG Run:dataset_consumes_1_and_2
[2026-09-25T16:16:54.381+0000] {logging_mixin.py:190} INFO - [2026-09-25T16:16:54.381+0000] {override.py:1912} INFO - Created Permission View: can read on DAG:dataset_consumes_unknown_never_scheduled
[2026-09-25T16:16:54.535+0000] {logging_mixin.py:190} INFO - [2026-09-25T16:16:54.534+0000] {override.py:1912} INFO - Created Permission View: can delete on DAG:dataset_consumes_unknown_never_scheduled
[2026-09-25T16:16:54.670+0000] {logging_mixin.py:190} INFO - [2026-09-25T16:16:54.670+0000] {override.py:1912} INFO - Created Permission View: can edit on DAG:dataset_consumes_unknown_never_scheduled
[2026-09-25T16:16:55.168+0000] {logging_mixin.py:190} INFO - [2026-09-25T16:16:55.167+0000] {override.py:1912} INFO - Created Permission View: can read on DAG Run:dataset_consumes_unknown_never_scheduled
[2026-09-25T16:16:55.203+0000] {logging_mixin.py:190} INFO - [2026-09-25T16:16:55.203+0000] {override.py:1912} INFO - Created Permission View: can delete on DAG Run:dataset_consumes_unknown_never_scheduled
[2026-09-25T16:16:55.225+0000] {logging_mixin.py:190} INFO - [2026-09-25T16:16:55.224+0000] {override.py:1912} INFO - Created Permission View: menu access on DAG Run:dataset_consumes_unknown_never_scheduled
[2026-09-25T16:16:55.304+0000] {logging_mixin.py:190} INFO - [2026-09-25T16:16:55.303+0000] {override.py:1912} INFO - Created Permission View: can create on DAG Run:dataset_consumes_unknown_never_scheduled
[2026-09-25T16:16:55.397+0000] {logging_mixin.py:190} INFO - [2026-09-25T16:16:55.396+0000] {override.py:1912} INFO - Created Permission View: can read on DAG:consume_1_and_2_with_dataset_expressions
[2026-09-25T16:16:55.554+0000] {logging_mixin.py:190} INFO - [2026-09-25T16:16:55.554+0000] {override.py:1912} INFO - Created Permission View: can delete on DAG:consume_1_and_2_with_dataset_expressions
[2026-09-25T16:16:55.608+0000] {logging_mixin.py:190} INFO - [2026-09-25T16:16:55.607+0000] {override.py:1912} INFO - Created Permission View: can edit on DAG:consume_1_and_2_with_dataset_expressions
[2026-09-25T16:16:55.691+0000] {logging_mixin.py:190} INFO - [2026-09-25T16:16:55.691+0000] {override.py:1912} INFO - Created Permission View: can read on DAG Run:consume_1_and_2_with_dataset_expressions
[2026-09-25T16:16:55.785+0000] {logging_mixin.py:190} INFO - [2026-09-25T16:16:55.784+0000] {override.py:1912} INFO - Created Permission View: can delete on DAG Run:consume_1_and_2_with_dataset_expressions
[2026-09-25T16:16:55.921+0000] {logging_mixin.py:190} INFO - [2026-09-25T16:16:55.917+0000] {override.py:1912} INFO - Created Permission View: menu access on DAG Run:consume_1_and_2_with_dataset_expressions
[2026-09-25T16:16:56.192+0000] {logging_mixin.py:190} INFO - [2026-09-25T16:16:56.156+0000] {override.py:1912} INFO - Created Permission View: can create on DAG Run:consume_1_and_2_with_dataset_expressions
[2026-09-25T16:16:56.217+0000] {logging_mixin.py:190} INFO - [2026-09-25T16:16:56.216+0000] {dag.py:3239} INFO - Sync 10 DAGs
[2026-09-25T16:16:56.459+0000] {logging_mixin.py:190} INFO - [2026-09-25T16:16:56.457+0000] {dag.py:3262} INFO - Creating ORM DAG for consume_1_and_2_with_dataset_expressions
[2026-09-25T16:16:56.471+0000] {logging_mixin.py:190} INFO - [2026-09-25T16:16:56.470+0000] {dag.py:3262} INFO - Creating ORM DAG for conditional_dataset_and_time_based_timetable
[2026-09-25T16:16:56.473+0000] {logging_mixin.py:190} INFO - [2026-09-25T16:16:56.472+0000] {dag.py:3262} INFO - Creating ORM DAG for dataset_consumes_1_never_scheduled
[2026-09-25T16:16:56.482+0000] {logging_mixin.py:190} INFO - [2026-09-25T16:16:56.481+0000] {dag.py:3262} INFO - Creating ORM DAG for consume_1_or_2_with_dataset_expressions
[2026-09-25T16:16:56.497+0000] {logging_mixin.py:190} INFO - [2026-09-25T16:16:56.487+0000] {dag.py:3262} INFO - Creating ORM DAG for dataset_consumes_1_and_2
[2026-09-25T16:16:56.511+0000] {logging_mixin.py:190} INFO - [2026-09-25T16:16:56.510+0000] {dag.py:3262} INFO - Creating ORM DAG for dataset_consumes_unknown_never_scheduled
[2026-09-25T16:16:56.530+0000] {logging_mixin.py:190} INFO - [2026-09-25T16:16:56.520+0000] {dag.py:3262} INFO - Creating ORM DAG for dataset_consumes_1
[2026-09-25T16:16:56.537+0000] {logging_mixin.py:190} INFO - [2026-09-25T16:16:56.534+0000] {dag.py:3262} INFO - Creating ORM DAG for consume_1_or_both_2_and_3_with_dataset_expressions
[2026-09-25T16:16:56.544+0000] {logging_mixin.py:190} INFO - [2026-09-25T16:16:56.540+0000] {dag.py:3262} INFO - Creating ORM DAG for dataset_produces_1
[2026-09-25T16:16:56.552+0000] {logging_mixin.py:190} INFO - [2026-09-25T16:16:56.548+0000] {dag.py:3262} INFO - Creating ORM DAG for dataset_produces_2
[2026-09-25T16:16:57.511+0000] {logging_mixin.py:190} INFO - [2026-09-25T16:16:57.499+0000] {dag.py:4180} INFO - Setting next_dagrun for conditional_dataset_and_time_based_timetable to 2026-09-23 01:00:00+00:00, run_after=2026-09-23 01:00:00+00:00
[2026-09-25T16:16:57.621+0000] {logging_mixin.py:190} INFO - [2026-09-25T16:16:57.621+0000] {dag.py:4180} INFO - Setting next_dagrun for consume_1_and_2_with_dataset_expressions to None, run_after=None
[2026-09-25T16:16:57.712+0000] {logging_mixin.py:190} INFO - [2026-09-25T16:16:57.659+0000] {dag.py:4180} INFO - Setting next_dagrun for consume_1_or_2_with_dataset_expressions to None, run_after=None
[2026-09-25T16:16:57.756+0000] {logging_mixin.py:190} INFO - [2026-09-25T16:16:57.714+0000] {dag.py:4180} INFO - Setting next_dagrun for consume_1_or_both_2_and_3_with_dataset_expressions to None, run_after=None
[2026-09-25T16:16:57.775+0000] {logging_mixin.py:190} INFO - [2026-09-25T16:16:57.774+0000] {dag.py:4180} INFO - Setting next_dagrun for dataset_consumes_1 to None, run_after=None
[2026-09-25T16:16:57.847+0000] {logging_mixin.py:190} INFO - [2026-09-25T16:16:57.845+0000] {dag.py:4180} INFO - Setting next_dagrun for dataset_consumes_1_and_2 to None, run_after=None
[2026-09-25T16:16:57.853+0000] {logging_mixin.py:190} INFO - [2026-09-25T16:16:57.853+0000] {dag.py:4180} INFO - Setting next_dagrun for dataset_consumes_1_never_scheduled to None, run_after=None
[2026-09-25T16:16:57.886+0000] {logging_mixin.py:190} INFO - [2026-09-25T16:16:57.859+0000] {dag.py:4180} INFO - Setting next_dagrun for dataset_consumes_unknown_never_scheduled to None, run_after=None
[2026-09-25T16:16:57.898+0000] {logging_mixin.py:190} INFO - [2026-09-25T16:16:57.896+0000] {dag.py:4180} INFO - Setting next_dagrun for dataset_produces_1 to 2026-09-24 00:00:00+00:00, run_after=2026-09-25 00:00:00+00:00
[2026-09-25T16:16:57.954+0000] {logging_mixin.py:190} INFO - [2026-09-25T16:16:57.953+0000] {dag.py:4180} INFO - Setting next_dagrun for dataset_produces_2 to None, run_after=None
[2026-09-25T16:16:58.576+0000] {processor.py:208} INFO - Processing /home/airflow/.local/lib/python3.12/site-packages/airflow/example_dags/example_datasets.py took 41.437 seconds
[2026-09-25T16:19:51.141+0000] {processor.py:186} INFO - Started process (PID=261) to work on /home/airflow/.local/lib/python3.12/site-packages/airflow/example_dags/example_datasets.py
[2026-09-25T16:19:51.172+0000] {processor.py:914} INFO - Processing file /home/airflow/.local/lib/python3.12/site-packages/airflow/example_dags/example_datasets.py for tasks to queue
[2026-09-25T16:19:51.216+0000] {logging_mixin.py:190} INFO - [2026-09-25T16:19:51.194+0000] {dagbag.py:588} INFO - Filling up the DagBag from /home/airflow/.local/lib/python3.12/site-packages/airflow/example_dags/example_datasets.py
[2026-09-25T16:20:07.131+0000] {processor.py:925} INFO - DAG(s) 'dataset_consumes_unknown_never_scheduled', 'conditional_dataset_and_time_based_timetable', 'dataset_produces_2', 'dataset_consumes_1', 'consume_1_or_both_2_and_3_with_dataset_expressions', 'consume_1_and_2_with_dataset_expressions', 'consume_1_or_2_with_dataset_expressions', 'dataset_consumes_1_and_2', 'dataset_consumes_1_never_scheduled', 'dataset_produces_1' retrieved from /home/airflow/.local/lib/python3.12/site-packages/airflow/example_dags/example_datasets.py
[2026-09-25T16:20:08.068+0000] {logging_mixin.py:190} INFO - [2026-09-25T16:20:08.068+0000] {dag.py:3239} INFO - Sync 10 DAGs
[2026-09-25T16:20:09.179+0000] {logging_mixin.py:190} INFO - [2026-09-25T16:20:09.176+0000] {dag.py:4180} INFO - Setting next_dagrun for conditional_dataset_and_time_based_timetable to 2026-09-23 01:00:00+00:00, run_after=2026-09-23 01:00:00+00:00
[2026-09-25T16:20:09.342+0000] {logging_mixin.py:190} INFO - [2026-09-25T16:20:09.322+0000] {dag.py:4180} INFO - Setting next_dagrun for consume_1_and_2_with_dataset_expressions to None, run_after=None
[2026-09-25T16:20:09.455+0000] {logging_mixin.py:190} INFO - [2026-09-25T16:20:09.455+0000] {dag.py:4180} INFO - Setting next_dagrun for consume_1_or_2_with_dataset_expressions to None, run_after=None
[2026-09-25T16:20:09.549+0000] {logging_mixin.py:190} INFO - [2026-09-25T16:20:09.549+0000] {dag.py:4180} INFO - Setting next_dagrun for consume_1_or_both_2_and_3_with_dataset_expressions to None, run_after=None
[2026-09-25T16:20:09.587+0000] {logging_mixin.py:190} INFO - [2026-09-25T16:20:09.566+0000] {dag.py:4180} INFO - Setting next_dagrun for dataset_consumes_1 to None, run_after=None
[2026-09-25T16:20:09.607+0000] {logging_mixin.py:190} INFO - [2026-09-25T16:20:09.606+0000] {dag.py:4180} INFO - Setting next_dagrun for dataset_consumes_1_and_2 to None, run_after=None
[2026-09-25T16:20:09.621+0000] {logging_mixin.py:190} INFO - [2026-09-25T16:20:09.620+0000] {dag.py:4180} INFO - Setting next_dagrun for dataset_consumes_1_never_scheduled to None, run_after=None
[2026-09-25T16:20:09.652+0000] {logging_mixin.py:190} INFO - [2026-09-25T16:20:09.652+0000] {dag.py:4180} INFO - Setting next_dagrun for dataset_consumes_unknown_never_scheduled to None, run_after=None
[2026-09-25T16:20:09.816+0000] {logging_mixin.py:190} INFO - [2026-09-25T16:20:09.815+0000] {dag.py:4180} INFO - Setting next_dagrun for dataset_produces_1 to 2026-09-24 00:00:00+00:00, run_after=2026-09-25 00:00:00+00:00
[2026-09-25T16:20:09.884+0000] {logging_mixin.py:190} INFO - [2026-09-25T16:20:09.884+0000] {dag.py:4180} INFO - Setting next_dagrun for dataset_produces_2 to None, run_after=None
[2026-09-25T16:20:10.656+0000] {processor.py:208} INFO - Processing /home/airflow/.local/lib/python3.12/site-packages/airflow/example_dags/example_datasets.py took 19.568 seconds
[2026-09-25T16:21:29.700+0000] {processor.py:186} INFO - Started process (PID=363) to work on /home/airflow/.local/lib/python3.12/site-packages/airflow/example_dags/example_datasets.py
[2026-09-25T16:21:29.710+0000] {processor.py:914} INFO - Processing file /home/airflow/.local/lib/python3.12/site-packages/airflow/example_dags/example_datasets.py for tasks to queue
[2026-09-25T16:21:29.723+0000] {logging_mixin.py:190} INFO - [2026-09-25T16:21:29.722+0000] {dagbag.py:588} INFO - Filling up the DagBag from /home/airflow/.local/lib/python3.12/site-packages/airflow/example_dags/example_datasets.py
[2026-09-25T16:21:35.881+0000] {processor.py:925} INFO - DAG(s) 'consume_1_or_2_with_dataset_expressions', 'consume_1_or_both_2_and_3_with_dataset_expressions', 'dataset_consumes_1', 'dataset_consumes_1_never_scheduled', 'dataset_consumes_unknown_never_scheduled', 'dataset_consumes_1_and_2', 'consume_1_and_2_with_dataset_expressions', 'conditional_dataset_and_time_based_timetable', 'dataset_produces_2', 'dataset_produces_1' retrieved from /home/airflow/.local/lib/python3.12/site-packages/airflow/example_dags/example_datasets.py
[2026-09-25T16:21:36.085+0000] {logging_mixin.py:190} INFO - [2026-09-25T16:21:36.084+0000] {dag.py:3239} INFO - Sync 10 DAGs
[2026-09-25T16:21:36.200+0000] {logging_mixin.py:190} INFO - [2026-09-25T16:21:36.199+0000] {dag.py:4180} INFO - Setting next_dagrun for conditional_dataset_and_time_based_timetable to 2026-09-23 01:00:00+00:00, run_after=2026-09-23 01:00:00+00:00
[2026-09-25T16:21:36.210+0000] {logging_mixin.py:190} INFO - [2026-09-25T16:21:36.209+0000] {dag.py:4180} INFO - Setting next_dagrun for consume_1_and_2_with_dataset_expressions to None, run_after=None
[2026-09-25T16:21:36.215+0000] {logging_mixin.py:190} INFO - [2026-09-25T16:21:36.214+0000] {dag.py:4180} INFO - Setting next_dagrun for consume_1_or_2_with_dataset_expressions to None, run_after=None
[2026-09-25T16:21:36.219+0000] {logging_mixin.py:190} INFO - [2026-09-25T16:21:36.219+0000] {dag.py:4180} INFO - Setting next_dagrun for consume_1_or_both_2_and_3_with_dataset_expressions to None, run_after=None
[2026-09-25T16:21:36.223+0000] {logging_mixin.py:190} INFO - [2026-09-25T16:21:36.223+0000] {dag.py:4180} INFO - Setting next_dagrun for dataset_consumes_1 to None, run_after=None
[2026-09-25T16:21:36.232+0000] {logging_mixin.py:190} INFO - [2026-09-25T16:21:36.232+0000] {dag.py:4180} INFO - Setting next_dagrun for dataset_consumes_1_and_2 to None, run_after=None
[2026-09-25T16:21:36.236+0000] {logging_mixin.py:190} INFO - [2026-09-25T16:21:36.236+0000] {dag.py:4180} INFO - Setting next_dagrun for dataset_consumes_1_never_scheduled to None, run_after=None
[2026-09-25T16:21:36.241+0000] {logging_mixin.py:190} INFO - [2026-09-25T16:21:36.240+0000] {dag.py:4180} INFO - Setting next_dagrun for dataset_consumes_unknown_never_scheduled to None, run_after=None
[2026-09-25T16:21:36.251+0000] {logging_mixin.py:190} INFO - [2026-09-25T16:21:36.250+0000] {dag.py:4180} INFO - Setting next_dagrun for dataset_produces_1 to 2026-09-24 00:00:00+00:00, run_after=2026-09-25 00:00:00+00:00
[2026-09-25T16:21:36.257+0000] {logging_mixin.py:190} INFO - [2026-09-25T16:21:36.256+0000] {dag.py:4180} INFO - Setting next_dagrun for dataset_produces_2 to None, run_after=None
[2026-09-25T16:21:36.353+0000] {processor.py:208} INFO - Processing /home/airflow/.local/lib/python3.12/site-packages/airflow/example_dags/example_datasets.py took 6.695 seconds
[2026-09-25T16:22:57.581+0000] {processor.py:186} INFO - Started process (PID=453) to work on /home/airflow/.local/lib/python3.12/site-packages/airflow/example_dags/example_datasets.py
[2026-09-25T16:22:57.589+0000] {processor.py:914} INFO - Processing file /home/airflow/.local/lib/python3.12/site-packages/airflow/example_dags/example_datasets.py for tasks to queue
[2026-09-25T16:22:57.604+0000] {logging_mixin.py:190} INFO - [2026-09-25T16:22:57.604+0000] {dagbag.py:588} INFO - Filling up the DagBag from /home/airflow/.local/lib/python3.12/site-packages/airflow/example_dags/example_datasets.py
[2026-09-25T16:23:01.685+0000] {processor.py:925} INFO - DAG(s) 'dataset_consumes_1', 'dataset_produces_2', 'dataset_consumes_unknown_never_scheduled', 'consume_1_and_2_with_dataset_expressions', 'consume_1_or_2_with_dataset_expressions', 'consume_1_or_both_2_and_3_with_dataset_expressions', 'dataset_produces_1', 'dataset_consumes_1_never_scheduled', 'conditional_dataset_and_time_based_timetable', 'dataset_consumes_1_and_2' retrieved from /home/airflow/.local/lib/python3.12/site-packages/airflow/example_dags/example_datasets.py
[2026-09-25T16:23:01.835+0000] {logging_mixin.py:190} INFO - [2026-09-25T16:23:01.834+0000] {dag.py:3239} INFO - Sync 10 DAGs
[2026-09-25T16:23:01.941+0000] {logging_mixin.py:190} INFO - [2026-09-25T16:23:01.941+0000] {dag.py:4180} INFO - Setting next_dagrun for conditional_dataset_and_time_based_timetable to 2026-09-23 01:00:00+00:00, run_after=2026-09-23 01:00:00+00:00
[2026-09-25T16:23:01.956+0000] {logging_mixin.py:190} INFO - [2026-09-25T16:23:01.955+0000] {dag.py:4180} INFO - Setting next_dagrun for consume_1_and_2_with_dataset_expressions to None, run_after=None
[2026-09-25T16:23:01.962+0000] {logging_mixin.py:190} INFO - [2026-09-25T16:23:01.962+0000] {dag.py:4180} INFO - Setting next_dagrun for consume_1_or_2_with_dataset_expressions to None, run_after=None
[2026-09-25T16:23:01.967+0000] {logging_mixin.py:190} INFO - [2026-09-25T16:23:01.967+0000] {dag.py:4180} INFO - Setting next_dagrun for consume_1_or_both_2_and_3_with_dataset_expressions to None, run_after=None
[2026-09-25T16:23:01.972+0000] {logging_mixin.py:190} INFO - [2026-09-25T16:23:01.972+0000] {dag.py:4180} INFO - Setting next_dagrun for dataset_consumes_1 to None, run_after=None
[2026-09-25T16:23:01.976+0000] {logging_mixin.py:190} INFO - [2026-09-25T16:23:01.976+0000] {dag.py:4180} INFO - Setting next_dagrun for dataset_consumes_1_and_2 to None, run_after=None
[2026-09-25T16:23:01.980+0000] {logging_mixin.py:190} INFO - [2026-09-25T16:23:01.980+0000] {dag.py:4180} INFO - Setting next_dagrun for dataset_consumes_1_never_scheduled to None, run_after=None
[2026-09-25T16:23:01.985+0000] {logging_mixin.py:190} INFO - [2026-09-25T16:23:01.984+0000] {dag.py:4180} INFO - Setting next_dagrun for dataset_consumes_unknown_never_scheduled to None, run_after=None
[2026-09-25T16:23:01.992+0000] {logging_mixin.py:190} INFO - [2026-09-25T16:23:01.992+0000] {dag.py:4180} INFO - Setting next_dagrun for dataset_produces_1 to 2026-09-24 00:00:00+00:00, run_after=2026-09-25 00:00:00+00:00
[2026-09-25T16:23:01.997+0000] {logging_mixin.py:190} INFO - [2026-09-25T16:23:01.996+0000] {dag.py:4180} INFO - Setting next_dagrun for dataset_produces_2 to None, run_after=None
[2026-09-25T16:23:02.126+0000] {processor.py:208} INFO - Processing /home/airflow/.local/lib/python3.12/site-packages/airflow/example_dags/example_datasets.py took 4.625 seconds
[2026-09-25T16:23:32.780+0000] {processor.py:186} INFO - Started process (PID=516) to work on /home/airflow/.local/lib/python3.12/site-packages/airflow/example_dags/example_datasets.py
[2026-09-25T16:23:32.819+0000] {processor.py:914} INFO - Processing file /home/airflow/.local/lib/python3.12/site-packages/airflow/example_dags/example_datasets.py for tasks to queue
[2026-09-25T16:23:32.880+0000] {logging_mixin.py:190} INFO - [2026-09-25T16:23:32.879+0000] {dagbag.py:588} INFO - Filling up the DagBag from /home/airflow/.local/lib/python3.12/site-packages/airflow/example_dags/example_datasets.py
[2026-09-25T16:23:38.326+0000] {processor.py:925} INFO - DAG(s) 'consume_1_and_2_with_dataset_expressions', 'dataset_consumes_1', 'conditional_dataset_and_time_based_timetable', 'dataset_produces_2', 'dataset_consumes_1_and_2', 'dataset_produces_1', 'consume_1_or_both_2_and_3_with_dataset_expressions', 'dataset_consumes_1_never_scheduled', 'consume_1_or_2_with_dataset_expressions', 'dataset_consumes_unknown_never_scheduled' retrieved from /home/airflow/.local/lib/python3.12/site-packages/airflow/example_dags/example_datasets.py
[2026-09-25T16:23:38.534+0000] {logging_mixin.py:190} INFO - [2026-09-25T16:23:38.533+0000] {dag.py:3239} INFO - Sync 10 DAGs
[2026-09-25T16:23:38.842+0000] {logging_mixin.py:190} INFO - [2026-09-25T16:23:38.842+0000] {dag.py:4180} INFO - Setting next_dagrun for conditional_dataset_and_time_based_timetable to 2026-09-23 01:00:00+00:00, run_after=2026-09-23 01:00:00+00:00
[2026-09-25T16:23:38.907+0000] {logging_mixin.py:190} INFO - [2026-09-25T16:23:38.905+0000] {dag.py:4180} INFO - Setting next_dagrun for consume_1_and_2_with_dataset_expressions to None, run_after=None
[2026-09-25T16:23:38.957+0000] {logging_mixin.py:190} INFO - [2026-09-25T16:23:38.957+0000] {dag.py:4180} INFO - Setting next_dagrun for consume_1_or_2_with_dataset_expressions to None, run_after=None
[2026-09-25T16:23:38.984+0000] {logging_mixin.py:190} INFO - [2026-09-25T16:23:38.981+0000] {dag.py:4180} INFO - Setting next_dagrun for consume_1_or_both_2_and_3_with_dataset_expressions to None, run_after=None
[2026-09-25T16:23:39.033+0000] {logging_mixin.py:190} INFO - [2026-09-25T16:23:39.032+0000] {dag.py:4180} INFO - Setting next_dagrun for dataset_consumes_1 to None, run_after=None
[2026-09-25T16:23:39.045+0000] {logging_mixin.py:190} INFO - [2026-09-25T16:23:39.044+0000] {dag.py:4180} INFO - Setting next_dagrun for dataset_consumes_1_and_2 to None, run_after=None
[2026-09-25T16:23:39.071+0000] {logging_mixin.py:190} INFO - [2026-09-25T16:23:39.068+0000] {dag.py:4180} INFO - Setting next_dagrun for dataset_consumes_1_never_scheduled to None, run_after=None
[2026-09-25T16:23:39.077+0000] {logging_mixin.py:190} INFO - [2026-09-25T16:23:39.075+0000] {dag.py:4180} INFO - Setting next_dagrun for dataset_consumes_unknown_never_scheduled to None, run_after=None
[2026-09-25T16:23:39.107+0000] {logging_mixin.py:190} INFO - [2026-09-25T16:23:39.106+0000] {dag.py:4180} INFO - Setting next_dagrun for dataset_produces_1 to 2026-09-24 00:00:00+00:00, run_after=2026-09-25 00:00:00+00:00
[2026-09-25T16:23:39.143+0000] {logging_mixin.py:190} INFO - [2026-09-25T16:23:39.143+0000] {dag.py:4180} INFO - Setting next_dagrun for dataset_produces_2 to None, run_after=None
[2026-09-25T16:23:40.240+0000] {processor.py:208} INFO - Processing /home/airflow/.local/lib/python3.12/site-packages/airflow/example_dags/example_datasets.py took 7.500 seconds
[2026-09-25T16:24:10.812+0000] {processor.py:186} INFO - Started process (PID=586) to work on /home/airflow/.local/lib/python3.12/site-packages/airflow/example_dags/example_datasets.py
[2026-09-25T16:24:10.818+0000] {processor.py:914} INFO - Processing file /home/airflow/.local/lib/python3.12/site-packages/airflow/example_dags/example_datasets.py for tasks to queue
[2026-09-25T16:24:10.825+0000] {logging_mixin.py:190} INFO - [2026-09-25T16:24:10.824+0000] {dagbag.py:588} INFO - Filling up the DagBag from /home/airflow/.local/lib/python3.12/site-packages/airflow/example_dags/example_datasets.py
[2026-09-25T16:24:13.406+0000] {processor.py:925} INFO - DAG(s) 'conditional_dataset_and_time_based_timetable', 'dataset_consumes_1', 'consume_1_or_2_with_dataset_expressions', 'consume_1_or_both_2_and_3_with_dataset_expressions', 'dataset_consumes_unknown_never_scheduled', 'dataset_consumes_1_and_2', 'dataset_produces_1', 'dataset_consumes_1_never_scheduled', 'dataset_produces_2', 'consume_1_and_2_with_dataset_expressions' retrieved from /home/airflow/.local/lib/python3.12/site-packages/airflow/example_dags/example_datasets.py
[2026-09-25T16:24:13.592+0000] {logging_mixin.py:190} INFO - [2026-09-25T16:24:13.592+0000] {dag.py:3239} INFO - Sync 10 DAGs
[2026-09-25T16:24:14.041+0000] {logging_mixin.py:190} INFO - [2026-09-25T16:24:14.041+0000] {dag.py:4180} INFO - Setting next_dagrun for conditional_dataset_and_time_based_timetable to 2026-09-23 01:00:00+00:00, run_after=2026-09-23 01:00:00+00:00
[2026-09-25T16:24:14.111+0000] {logging_mixin.py:190} INFO - [2026-09-25T16:24:14.110+0000] {dag.py:4180} INFO - Setting next_dagrun for consume_1_and_2_with_dataset_expressions to None, run_after=None
[2026-09-25T16:24:14.151+0000] {logging_mixin.py:190} INFO - [2026-09-25T16:24:14.150+0000] {dag.py:4180} INFO - Setting next_dagrun for consume_1_or_2_with_dataset_expressions to None, run_after=None
[2026-09-25T16:24:14.168+0000] {logging_mixin.py:190} INFO - [2026-09-25T16:24:14.167+0000] {dag.py:4180} INFO - Setting next_dagrun for consume_1_or_both_2_and_3_with_dataset_expressions to None, run_after=None
[2026-09-25T16:24:14.280+0000] {logging_mixin.py:190} INFO - [2026-09-25T16:24:14.280+0000] {dag.py:4180} INFO - Setting next_dagrun for dataset_consumes_1 to None, run_after=None
[2026-09-25T16:24:14.311+0000] {logging_mixin.py:190} INFO - [2026-09-25T16:24:14.311+0000] {dag.py:4180} INFO - Setting next_dagrun for dataset_consumes_1_and_2 to None, run_after=None
[2026-09-25T16:24:14.330+0000] {logging_mixin.py:190} INFO - [2026-09-25T16:24:14.329+0000] {dag.py:4180} INFO - Setting next_dagrun for dataset_consumes_1_never_scheduled to None, run_after=None
[2026-09-25T16:24:14.371+0000] {logging_mixin.py:190} INFO - [2026-09-25T16:24:14.369+0000] {dag.py:4180} INFO - Setting next_dagrun for dataset_consumes_unknown_never_scheduled to None, run_after=None
[2026-09-25T16:24:14.413+0000] {logging_mixin.py:190} INFO - [2026-09-25T16:24:14.412+0000] {dag.py:4180} INFO - Setting next_dagrun for dataset_produces_1 to 2026-09-24 00:00:00+00:00, run_after=2026-09-25 00:00:00+00:00
[2026-09-25T16:24:14.462+0000] {logging_mixin.py:190} INFO - [2026-09-25T16:24:14.462+0000] {dag.py:4180} INFO - Setting next_dagrun for dataset_produces_2 to None, run_after=None
[2026-09-25T16:24:14.666+0000] {processor.py:208} INFO - Processing /home/airflow/.local/lib/python3.12/site-packages/airflow/example_dags/example_datasets.py took 3.892 seconds
[2026-09-25T16:25:03.263+0000] {processor.py:186} INFO - Started process (PID=665) to work on /home/airflow/.local/lib/python3.12/site-packages/airflow/example_dags/example_datasets.py
[2026-09-25T16:25:03.266+0000] {processor.py:914} INFO - Processing file /home/airflow/.local/lib/python3.12/site-packages/airflow/example_dags/example_datasets.py for tasks to queue
[2026-09-25T16:25:03.295+0000] {logging_mixin.py:190} INFO - [2026-09-25T16:25:03.294+0000] {dagbag.py:588} INFO - Filling up the DagBag from /home/airflow/.local/lib/python3.12/site-packages/airflow/example_dags/example_datasets.py
[2026-09-25T16:25:06.614+0000] {processor.py:925} INFO - DAG(s) 'dataset_produces_1', 'dataset_consumes_1', 'conditional_dataset_and_time_based_timetable', 'dataset_produces_2', 'consume_1_or_2_with_dataset_expressions', 'dataset_consumes_1_never_scheduled', 'consume_1_and_2_with_dataset_expressions', 'dataset_consumes_1_and_2', 'dataset_consumes_unknown_never_scheduled', 'consume_1_or_both_2_and_3_with_dataset_expressions' retrieved from /home/airflow/.local/lib/python3.12/site-packages/airflow/example_dags/example_datasets.py
[2026-09-25T16:25:06.941+0000] {logging_mixin.py:190} INFO - [2026-09-25T16:25:06.940+0000] {dag.py:3239} INFO - Sync 10 DAGs
[2026-09-25T16:25:07.067+0000] {logging_mixin.py:190} INFO - [2026-09-25T16:25:07.066+0000] {dag.py:4180} INFO - Setting next_dagrun for conditional_dataset_and_time_based_timetable to 2026-09-23 01:00:00+00:00, run_after=2026-09-23 01:00:00+00:00
[2026-09-25T16:25:07.082+0000] {logging_mixin.py:190} INFO - [2026-09-25T16:25:07.082+0000] {dag.py:4180} INFO - Setting next_dagrun for consume_1_and_2_with_dataset_expressions to None, run_after=None
[2026-09-25T16:25:07.087+0000] {logging_mixin.py:190} INFO - [2026-09-25T16:25:07.087+0000] {dag.py:4180} INFO - Setting next_dagrun for consume_1_or_2_with_dataset_expressions to None, run_after=None
[2026-09-25T16:25:07.093+0000] {logging_mixin.py:190} INFO - [2026-09-25T16:25:07.093+0000] {dag.py:4180} INFO - Setting next_dagrun for consume_1_or_both_2_and_3_with_dataset_expressions to None, run_after=None
[2026-09-25T16:25:07.118+0000] {logging_mixin.py:190} INFO - [2026-09-25T16:25:07.117+0000] {dag.py:4180} INFO - Setting next_dagrun for dataset_consumes_1 to None, run_after=None
[2026-09-25T16:25:07.123+0000] {logging_mixin.py:190} INFO - [2026-09-25T16:25:07.122+0000] {dag.py:4180} INFO - Setting next_dagrun for dataset_consumes_1_and_2 to None, run_after=None
[2026-09-25T16:25:07.133+0000] {logging_mixin.py:190} INFO - [2026-09-25T16:25:07.132+0000] {dag.py:4180} INFO - Setting next_dagrun for dataset_consumes_1_never_scheduled to None, run_after=None
[2026-09-25T16:25:07.140+0000] {logging_mixin.py:190} INFO - [2026-09-25T16:25:07.139+0000] {dag.py:4180} INFO - Setting next_dagrun for dataset_consumes_unknown_never_scheduled to None, run_after=None
[2026-09-25T16:25:07.163+0000] {logging_mixin.py:190} INFO - [2026-09-25T16:25:07.162+0000] {dag.py:4180} INFO - Setting next_dagrun for dataset_produces_1 to 2026-09-24 00:00:00+00:00, run_after=2026-09-25 00:00:00+00:00
[2026-09-25T16:25:07.170+0000] {logging_mixin.py:190} INFO - [2026-09-25T16:25:07.169+0000] {dag.py:4180} INFO - Setting next_dagrun for dataset_produces_2 to None, run_after=None
[2026-09-25T16:25:07.311+0000] {processor.py:208} INFO - Processing /home/airflow/.local/lib/python3.12/site-packages/airflow/example_dags/example_datasets.py took 4.086 seconds
[2026-09-25T16:25:38.238+0000] {processor.py:186} INFO - Started process (PID=728) to work on /home/airflow/.local/lib/python3.12/site-packages/airflow/example_dags/example_datasets.py
[2026-09-25T16:25:38.267+0000] {processor.py:914} INFO - Processing file /home/airflow/.local/lib/python3.12/site-packages/airflow/example_dags/example_datasets.py for tasks to queue
[2026-09-25T16:25:38.287+0000] {logging_mixin.py:190} INFO - [2026-09-25T16:25:38.278+0000] {dagbag.py:588} INFO - Filling up the DagBag from /home/airflow/.local/lib/python3.12/site-packages/airflow/example_dags/example_datasets.py
[2026-09-25T16:25:44.696+0000] {processor.py:925} INFO - DAG(s) 'dataset_consumes_1_never_scheduled', 'dataset_produces_1', 'dataset_produces_2', 'dataset_consumes_1', 'conditional_dataset_and_time_based_timetable', 'consume_1_and_2_with_dataset_expressions', 'dataset_consumes_unknown_never_scheduled', 'consume_1_or_2_with_dataset_expressions', 'consume_1_or_both_2_and_3_with_dataset_expressions', 'dataset_consumes_1_and_2' retrieved from /home/airflow/.local/lib/python3.12/site-packages/airflow/example_dags/example_datasets.py
[2026-09-25T16:25:45.514+0000] {logging_mixin.py:190} INFO - [2026-09-25T16:25:45.513+0000] {dag.py:3239} INFO - Sync 10 DAGs
[2026-09-25T16:25:45.973+0000] {logging_mixin.py:190} INFO - [2026-09-25T16:25:45.973+0000] {dag.py:4180} INFO - Setting next_dagrun for conditional_dataset_and_time_based_timetable to 2026-09-23 01:00:00+00:00, run_after=2026-09-23 01:00:00+00:00
[2026-09-25T16:25:45.994+0000] {logging_mixin.py:190} INFO - [2026-09-25T16:25:45.993+0000] {dag.py:4180} INFO - Setting next_dagrun for consume_1_and_2_with_dataset_expressions to None, run_after=None
[2026-09-25T16:25:46.071+0000] {logging_mixin.py:190} INFO - [2026-09-25T16:25:46.038+0000] {dag.py:4180} INFO - Setting next_dagrun for consume_1_or_2_with_dataset_expressions to None, run_after=None
[2026-09-25T16:25:46.079+0000] {logging_mixin.py:190} INFO - [2026-09-25T16:25:46.078+0000] {dag.py:4180} INFO - Setting next_dagrun for consume_1_or_both_2_and_3_with_dataset_expressions to None, run_after=None
[2026-09-25T16:25:46.125+0000] {logging_mixin.py:190} INFO - [2026-09-25T16:25:46.125+0000] {dag.py:4180} INFO - Setting next_dagrun for dataset_consumes_1 to None, run_after=None
[2026-09-25T16:25:46.168+0000] {logging_mixin.py:190} INFO - [2026-09-25T16:25:46.155+0000] {dag.py:4180} INFO - Setting next_dagrun for dataset_consumes_1_and_2 to None, run_after=None
[2026-09-25T16:25:46.187+0000] {logging_mixin.py:190} INFO - [2026-09-25T16:25:46.184+0000] {dag.py:4180} INFO - Setting next_dagrun for dataset_consumes_1_never_scheduled to None, run_after=None
[2026-09-25T16:25:46.220+0000] {logging_mixin.py:190} INFO - [2026-09-25T16:25:46.219+0000] {dag.py:4180} INFO - Setting next_dagrun for dataset_consumes_unknown_never_scheduled to None, run_after=None
[2026-09-25T16:25:46.368+0000] {logging_mixin.py:190} INFO - [2026-09-25T16:25:46.309+0000] {dag.py:4180} INFO - Setting next_dagrun for dataset_produces_1 to 2026-09-24 00:00:00+00:00, run_after=2026-09-25 00:00:00+00:00
[2026-09-25T16:25:46.407+0000] {logging_mixin.py:190} INFO - [2026-09-25T16:25:46.407+0000] {dag.py:4180} INFO - Setting next_dagrun for dataset_produces_2 to None, run_after=None
[2026-09-25T16:25:46.728+0000] {processor.py:208} INFO - Processing /home/airflow/.local/lib/python3.12/site-packages/airflow/example_dags/example_datasets.py took 8.584 seconds
[2026-09-25T16:26:16.846+0000] {processor.py:186} INFO - Started process (PID=796) to work on /home/airflow/.local/lib/python3.12/site-packages/airflow/example_dags/example_datasets.py
[2026-09-25T16:26:16.848+0000] {processor.py:914} INFO - Processing file /home/airflow/.local/lib/python3.12/site-packages/airflow/example_dags/example_datasets.py for tasks to queue
[2026-09-25T16:26:16.853+0000] {logging_mixin.py:190} INFO - [2026-09-25T16:26:16.852+0000] {dagbag.py:588} INFO - Filling up the DagBag from /home/airflow/.local/lib/python3.12/site-packages/airflow/example_dags/example_datasets.py
[2026-09-25T16:26:18.183+0000] {processor.py:925} INFO - DAG(s) 'consume_1_or_2_with_dataset_expressions', 'dataset_produces_1', 'dataset_consumes_1_and_2', 'dataset_consumes_1_never_scheduled', 'dataset_consumes_unknown_never_scheduled', 'conditional_dataset_and_time_based_timetable', 'dataset_produces_2', 'consume_1_and_2_with_dataset_expressions', 'consume_1_or_both_2_and_3_with_dataset_expressions', 'dataset_consumes_1' retrieved from /home/airflow/.local/lib/python3.12/site-packages/airflow/example_dags/example_datasets.py
[2026-09-25T16:26:18.327+0000] {logging_mixin.py:190} INFO - [2026-09-25T16:26:18.327+0000] {dag.py:3239} INFO - Sync 10 DAGs
[2026-09-25T16:26:18.428+0000] {logging_mixin.py:190} INFO - [2026-09-25T16:26:18.427+0000] {dag.py:4180} INFO - Setting next_dagrun for conditional_dataset_and_time_based_timetable to 2026-09-23 01:00:00+00:00, run_after=2026-09-23 01:00:00+00:00
[2026-09-25T16:26:18.436+0000] {logging_mixin.py:190} INFO - [2026-09-25T16:26:18.435+0000] {dag.py:4180} INFO - Setting next_dagrun for consume_1_and_2_with_dataset_expressions to None, run_after=None
[2026-09-25T16:26:18.451+0000] {logging_mixin.py:190} INFO - [2026-09-25T16:26:18.450+0000] {dag.py:4180} INFO - Setting next_dagrun for consume_1_or_2_with_dataset_expressions to None, run_after=None
[2026-09-25T16:26:18.455+0000] {logging_mixin.py:190} INFO - [2026-09-25T16:26:18.455+0000] {dag.py:4180} INFO - Setting next_dagrun for consume_1_or_both_2_and_3_with_dataset_expressions to None, run_after=None
[2026-09-25T16:26:18.458+0000] {logging_mixin.py:190} INFO - [2026-09-25T16:26:18.458+0000] {dag.py:4180} INFO - Setting next_dagrun for dataset_consumes_1 to None, run_after=None
[2026-09-25T16:26:18.462+0000] {logging_mixin.py:190} INFO - [2026-09-25T16:26:18.461+0000] {dag.py:4180} INFO - Setting next_dagrun for dataset_consumes_1_and_2 to None, run_after=None
[2026-09-25T16:26:18.466+0000] {logging_mixin.py:190} INFO - [2026-09-25T16:26:18.466+0000] {dag.py:4180} INFO - Setting next_dagrun for dataset_consumes_1_never_scheduled to None, run_after=None
[2026-09-25T16:26:18.469+0000] {logging_mixin.py:190} INFO - [2026-09-25T16:26:18.469+0000] {dag.py:4180} INFO - Setting next_dagrun for dataset_consumes_unknown_never_scheduled to None, run_after=None
[2026-09-25T16:26:18.476+0000] {logging_mixin.py:190} INFO - [2026-09-25T16:26:18.476+0000] {dag.py:4180} INFO - Setting next_dagrun for dataset_produces_1 to 2026-09-24 00:00:00+00:00, run_after=2026-09-25 00:00:00+00:00
[2026-09-25T16:26:18.479+0000] {logging_mixin.py:190} INFO - [2026-09-25T16:26:18.479+0000] {dag.py:4180} INFO - Setting next_dagrun for dataset_produces_2 to None, run_after=None
[2026-09-25T16:26:18.580+0000] {processor.py:208} INFO - Processing /home/airflow/.local/lib/python3.12/site-packages/airflow/example_dags/example_datasets.py took 1.746 seconds
[2026-09-25T16:26:48.930+0000] {processor.py:186} INFO - Started process (PID=860) to work on /home/airflow/.local/lib/python3.12/site-packages/airflow/example_dags/example_datasets.py
[2026-09-25T16:26:48.932+0000] {processor.py:914} INFO - Processing file /home/airflow/.local/lib/python3.12/site-packages/airflow/example_dags/example_datasets.py for tasks to queue
[2026-09-25T16:26:48.939+0000] {logging_mixin.py:190} INFO - [2026-09-25T16:26:48.938+0000] {dagbag.py:588} INFO - Filling up the DagBag from /home/airflow/.local/lib/python3.12/site-packages/airflow/example_dags/example_datasets.py
[2026-09-25T16:26:53.911+0000] {processor.py:925} INFO - DAG(s) 'dataset_consumes_1_and_2', 'dataset_consumes_unknown_never_scheduled', 'conditional_dataset_and_time_based_timetable', 'consume_1_and_2_with_dataset_expressions', 'consume_1_or_both_2_and_3_with_dataset_expressions', 'dataset_consumes_1', 'dataset_produces_2', 'dataset_consumes_1_never_scheduled', 'dataset_produces_1', 'consume_1_or_2_with_dataset_expressions' retrieved from /home/airflow/.local/lib/python3.12/site-packages/airflow/example_dags/example_datasets.py
[2026-09-25T16:26:54.336+0000] {logging_mixin.py:190} INFO - [2026-09-25T16:26:54.336+0000] {dag.py:3239} INFO - Sync 10 DAGs
[2026-09-25T16:26:54.496+0000] {logging_mixin.py:190} INFO - [2026-09-25T16:26:54.495+0000] {dag.py:4180} INFO - Setting next_dagrun for conditional_dataset_and_time_based_timetable to 2026-09-23 01:00:00+00:00, run_after=2026-09-23 01:00:00+00:00
[2026-09-25T16:26:54.511+0000] {logging_mixin.py:190} INFO - [2026-09-25T16:26:54.510+0000] {dag.py:4180} INFO - Setting next_dagrun for consume_1_and_2_with_dataset_expressions to None, run_after=None
[2026-09-25T16:26:54.535+0000] {logging_mixin.py:190} INFO - [2026-09-25T16:26:54.535+0000] {dag.py:4180} INFO - Setting next_dagrun for consume_1_or_2_with_dataset_expressions to None, run_after=None
[2026-09-25T16:26:54.543+0000] {logging_mixin.py:190} INFO - [2026-09-25T16:26:54.543+0000] {dag.py:4180} INFO - Setting next_dagrun for consume_1_or_both_2_and_3_with_dataset_expressions to None, run_after=None
[2026-09-25T16:26:54.580+0000] {logging_mixin.py:190} INFO - [2026-09-25T16:26:54.579+0000] {dag.py:4180} INFO - Setting next_dagrun for dataset_consumes_1 to None, run_after=None
[2026-09-25T16:26:54.651+0000] {logging_mixin.py:190} INFO - [2026-09-25T16:26:54.651+0000] {dag.py:4180} INFO - Setting next_dagrun for dataset_consumes_1_and_2 to None, run_after=None
[2026-09-25T16:26:54.683+0000] {logging_mixin.py:190} INFO - [2026-09-25T16:26:54.682+0000] {dag.py:4180} INFO - Setting next_dagrun for dataset_consumes_1_never_scheduled to None, run_after=None
[2026-09-25T16:26:54.709+0000] {logging_mixin.py:190} INFO - [2026-09-25T16:26:54.708+0000] {dag.py:4180} INFO - Setting next_dagrun for dataset_consumes_unknown_never_scheduled to None, run_after=None
[2026-09-25T16:26:54.723+0000] {logging_mixin.py:190} INFO - [2026-09-25T16:26:54.723+0000] {dag.py:4180} INFO - Setting next_dagrun for dataset_produces_1 to 2026-09-24 00:00:00+00:00, run_after=2026-09-25 00:00:00+00:00
[2026-09-25T16:26:54.727+0000] {logging_mixin.py:190} INFO - [2026-09-25T16:26:54.727+0000] {dag.py:4180} INFO - Setting next_dagrun for dataset_produces_2 to None, run_after=None
[2026-09-25T16:26:54.939+0000] {processor.py:208} INFO - Processing /home/airflow/.local/lib/python3.12/site-packages/airflow/example_dags/example_datasets.py took 6.023 seconds
[2026-09-25T16:27:25.466+0000] {processor.py:186} INFO - Started process (PID=926) to work on /home/airflow/.local/lib/python3.12/site-packages/airflow/example_dags/example_datasets.py
[2026-09-25T16:27:25.472+0000] {processor.py:914} INFO - Processing file /home/airflow/.local/lib/python3.12/site-packages/airflow/example_dags/example_datasets.py for tasks to queue
[2026-09-25T16:27:25.506+0000] {logging_mixin.py:190} INFO - [2026-09-25T16:27:25.505+0000] {dagbag.py:588} INFO - Filling up the DagBag from /home/airflow/.local/lib/python3.12/site-packages/airflow/example_dags/example_datasets.py
[2026-09-25T16:27:30.521+0000] {processor.py:925} INFO - DAG(s) 'dataset_consumes_1_never_scheduled', 'conditional_dataset_and_time_based_timetable', 'consume_1_and_2_with_dataset_expressions', 'consume_1_or_both_2_and_3_with_dataset_expressions', 'dataset_consumes_1_and_2', 'dataset_consumes_unknown_never_scheduled', 'consume_1_or_2_with_dataset_expressions', 'dataset_produces_2', 'dataset_consumes_1', 'dataset_produces_1' retrieved from /home/airflow/.local/lib/python3.12/site-packages/airflow/example_dags/example_datasets.py
[2026-09-25T16:27:30.823+0000] {logging_mixin.py:190} INFO - [2026-09-25T16:27:30.822+0000] {dag.py:3239} INFO - Sync 10 DAGs
[2026-09-25T16:27:31.087+0000] {logging_mixin.py:190} INFO - [2026-09-25T16:27:31.086+0000] {dag.py:4180} INFO - Setting next_dagrun for conditional_dataset_and_time_based_timetable to 2026-09-23 01:00:00+00:00, run_after=2026-09-23 01:00:00+00:00
[2026-09-25T16:27:31.116+0000] {logging_mixin.py:190} INFO - [2026-09-25T16:27:31.116+0000] {dag.py:4180} INFO - Setting next_dagrun for consume_1_and_2_with_dataset_expressions to None, run_after=None
[2026-09-25T16:27:31.125+0000] {logging_mixin.py:190} INFO - [2026-09-25T16:27:31.125+0000] {dag.py:4180} INFO - Setting next_dagrun for consume_1_or_2_with_dataset_expressions to None, run_after=None
[2026-09-25T16:27:31.137+0000] {logging_mixin.py:190} INFO - [2026-09-25T16:27:31.137+0000] {dag.py:4180} INFO - Setting next_dagrun for consume_1_or_both_2_and_3_with_dataset_expressions to None, run_after=None
[2026-09-25T16:27:31.166+0000] {logging_mixin.py:190} INFO - [2026-09-25T16:27:31.162+0000] {dag.py:4180} INFO - Setting next_dagrun for dataset_consumes_1 to None, run_after=None
[2026-09-25T16:27:31.176+0000] {logging_mixin.py:190} INFO - [2026-09-25T16:27:31.176+0000] {dag.py:4180} INFO - Setting next_dagrun for dataset_consumes_1_and_2 to None, run_after=None
[2026-09-25T16:27:31.186+0000] {logging_mixin.py:190} INFO - [2026-09-25T16:27:31.185+0000] {dag.py:4180} INFO - Setting next_dagrun for dataset_consumes_1_never_scheduled to None, run_after=None
[2026-09-25T16:27:31.206+0000] {logging_mixin.py:190} INFO - [2026-09-25T16:27:31.206+0000] {dag.py:4180} INFO - Setting next_dagrun for dataset_consumes_unknown_never_scheduled to None, run_after=None
[2026-09-25T16:27:31.235+0000] {logging_mixin.py:190} INFO - [2026-09-25T16:27:31.233+0000] {dag.py:4180} INFO - Setting next_dagrun for dataset_produces_1 to 2026-09-24 00:00:00+00:00, run_after=2026-09-25 00:00:00+00:00
[2026-09-25T16:27:31.265+0000] {logging_mixin.py:190} INFO - [2026-09-25T16:27:31.264+0000] {dag.py:4180} INFO - Setting next_dagrun for dataset_produces_2 to None, run_after=None
[2026-09-25T16:27:31.464+0000] {processor.py:208} INFO - Processing /home/airflow/.local/lib/python3.12/site-packages/airflow/example_dags/example_datasets.py took 6.039 seconds
[2026-09-25T16:28:26.986+0000] {processor.py:186} INFO - Started process (PID=1005) to work on /home/airflow/.local/lib/python3.12/site-packages/airflow/example_dags/example_datasets.py
[2026-09-25T16:28:26.991+0000] {processor.py:914} INFO - Processing file /home/airflow/.local/lib/python3.12/site-packages/airflow/example_dags/example_datasets.py for tasks to queue
[2026-09-25T16:28:27.020+0000] {logging_mixin.py:190} INFO - [2026-09-25T16:28:27.019+0000] {dagbag.py:588} INFO - Filling up the DagBag from /home/airflow/.local/lib/python3.12/site-packages/airflow/example_dags/example_datasets.py
[2026-09-25T16:28:30.180+0000] {processor.py:925} INFO - DAG(s) 'consume_1_or_both_2_and_3_with_dataset_expressions', 'dataset_consumes_1_never_scheduled', 'conditional_dataset_and_time_based_timetable', 'consume_1_and_2_with_dataset_expressions', 'dataset_produces_1', 'dataset_consumes_1', 'consume_1_or_2_with_dataset_expressions', 'dataset_consumes_unknown_never_scheduled', 'dataset_produces_2', 'dataset_consumes_1_and_2' retrieved from /home/airflow/.local/lib/python3.12/site-packages/airflow/example_dags/example_datasets.py
[2026-09-25T16:28:30.469+0000] {logging_mixin.py:190} INFO - [2026-09-25T16:28:30.469+0000] {dag.py:3239} INFO - Sync 10 DAGs
[2026-09-25T16:28:30.576+0000] {logging_mixin.py:190} INFO - [2026-09-25T16:28:30.575+0000] {dag.py:4180} INFO - Setting next_dagrun for conditional_dataset_and_time_based_timetable to 2026-09-23 01:00:00+00:00, run_after=2026-09-23 01:00:00+00:00
[2026-09-25T16:28:30.586+0000] {logging_mixin.py:190} INFO - [2026-09-25T16:28:30.585+0000] {dag.py:4180} INFO - Setting next_dagrun for consume_1_and_2_with_dataset_expressions to None, run_after=None
[2026-09-25T16:28:30.592+0000] {logging_mixin.py:190} INFO - [2026-09-25T16:28:30.591+0000] {dag.py:4180} INFO - Setting next_dagrun for consume_1_or_2_with_dataset_expressions to None, run_after=None
[2026-09-25T16:28:30.612+0000] {logging_mixin.py:190} INFO - [2026-09-25T16:28:30.612+0000] {dag.py:4180} INFO - Setting next_dagrun for consume_1_or_both_2_and_3_with_dataset_expressions to None, run_after=None
[2026-09-25T16:28:30.619+0000] {logging_mixin.py:190} INFO - [2026-09-25T16:28:30.619+0000] {dag.py:4180} INFO - Setting next_dagrun for dataset_consumes_1 to None, run_after=None
[2026-09-25T16:28:30.626+0000] {logging_mixin.py:190} INFO - [2026-09-25T16:28:30.626+0000] {dag.py:4180} INFO - Setting next_dagrun for dataset_consumes_1_and_2 to None, run_after=None
[2026-09-25T16:28:30.638+0000] {logging_mixin.py:190} INFO - [2026-09-25T16:28:30.637+0000] {dag.py:4180} INFO - Setting next_dagrun for dataset_consumes_1_never_scheduled to None, run_after=None
[2026-09-25T16:28:30.682+0000] {logging_mixin.py:190} INFO - [2026-09-25T16:28:30.682+0000] {dag.py:4180} INFO - Setting next_dagrun for dataset_consumes_unknown_never_scheduled to None, run_after=None
[2026-09-25T16:28:30.717+0000] {logging_mixin.py:190} INFO - [2026-09-25T16:28:30.716+0000] {dag.py:4180} INFO - Setting next_dagrun for dataset_produces_1 to 2026-09-24 00:00:00+00:00, run_after=2026-09-25 00:00:00+00:00
[2026-09-25T16:28:30.727+0000] {logging_mixin.py:190} INFO - [2026-09-25T16:28:30.725+0000] {dag.py:4180} INFO - Setting next_dagrun for dataset_produces_2 to None, run_after=None
[2026-09-25T16:28:31.120+0000] {processor.py:208} INFO - Processing /home/airflow/.local/lib/python3.12/site-packages/airflow/example_dags/example_datasets.py took 4.157 seconds
[2026-09-25T16:29:09.858+0000] {processor.py:186} INFO - Started process (PID=1071) to work on /home/airflow/.local/lib/python3.12/site-packages/airflow/example_dags/example_datasets.py
[2026-09-25T16:29:09.866+0000] {processor.py:914} INFO - Processing file /home/airflow/.local/lib/python3.12/site-packages/airflow/example_dags/example_datasets.py for tasks to queue
[2026-09-25T16:29:09.884+0000] {logging_mixin.py:190} INFO - [2026-09-25T16:29:09.881+0000] {dagbag.py:588} INFO - Filling up the DagBag from /home/airflow/.local/lib/python3.12/site-packages/airflow/example_dags/example_datasets.py
[2026-09-25T16:43:52.200+0000] {processor.py:186} INFO - Started process (PID=103) to work on /home/airflow/.local/lib/python3.12/site-packages/airflow/example_dags/example_datasets.py
[2026-09-25T16:43:52.208+0000] {processor.py:914} INFO - Processing file /home/airflow/.local/lib/python3.12/site-packages/airflow/example_dags/example_datasets.py for tasks to queue
[2026-09-25T16:43:52.228+0000] {logging_mixin.py:190} INFO - [2026-09-25T16:43:52.224+0000] {dagbag.py:588} INFO - Filling up the DagBag from /home/airflow/.local/lib/python3.12/site-packages/airflow/example_dags/example_datasets.py
[2026-09-25T16:43:56.136+0000] {processor.py:925} INFO - DAG(s) 'dataset_produces_2', 'dataset_produces_1', 'dataset_consumes_1_never_scheduled', 'conditional_dataset_and_time_based_timetable', 'dataset_consumes_unknown_never_scheduled', 'dataset_consumes_1', 'consume_1_or_2_with_dataset_expressions', 'consume_1_or_both_2_and_3_with_dataset_expressions', 'dataset_consumes_1_and_2', 'consume_1_and_2_with_dataset_expressions' retrieved from /home/airflow/.local/lib/python3.12/site-packages/airflow/example_dags/example_datasets.py
[2026-09-25T16:43:56.328+0000] {logging_mixin.py:190} INFO - [2026-09-25T16:43:56.327+0000] {dag.py:3239} INFO - Sync 10 DAGs
[2026-09-25T16:43:56.426+0000] {logging_mixin.py:190} INFO - [2026-09-25T16:43:56.425+0000] {dag.py:4180} INFO - Setting next_dagrun for conditional_dataset_and_time_based_timetable to 2026-09-23 01:00:00+00:00, run_after=2026-09-23 01:00:00+00:00
[2026-09-25T16:43:56.437+0000] {logging_mixin.py:190} INFO - [2026-09-25T16:43:56.436+0000] {dag.py:4180} INFO - Setting next_dagrun for consume_1_and_2_with_dataset_expressions to None, run_after=None
[2026-09-25T16:43:56.444+0000] {logging_mixin.py:190} INFO - [2026-09-25T16:43:56.444+0000] {dag.py:4180} INFO - Setting next_dagrun for consume_1_or_2_with_dataset_expressions to None, run_after=None
[2026-09-25T16:43:56.459+0000] {logging_mixin.py:190} INFO - [2026-09-25T16:43:56.458+0000] {dag.py:4180} INFO - Setting next_dagrun for consume_1_or_both_2_and_3_with_dataset_expressions to None, run_after=None
[2026-09-25T16:43:56.465+0000] {logging_mixin.py:190} INFO - [2026-09-25T16:43:56.464+0000] {dag.py:4180} INFO - Setting next_dagrun for dataset_consumes_1 to None, run_after=None
[2026-09-25T16:43:56.470+0000] {logging_mixin.py:190} INFO - [2026-09-25T16:43:56.469+0000] {dag.py:4180} INFO - Setting next_dagrun for dataset_consumes_1_and_2 to None, run_after=None
[2026-09-25T16:43:56.477+0000] {logging_mixin.py:190} INFO - [2026-09-25T16:43:56.477+0000] {dag.py:4180} INFO - Setting next_dagrun for dataset_consumes_1_never_scheduled to None, run_after=None
[2026-09-25T16:43:56.483+0000] {logging_mixin.py:190} INFO - [2026-09-25T16:43:56.482+0000] {dag.py:4180} INFO - Setting next_dagrun for dataset_consumes_unknown_never_scheduled to None, run_after=None
[2026-09-25T16:43:56.512+0000] {logging_mixin.py:190} INFO - [2026-09-25T16:43:56.511+0000] {dag.py:4180} INFO - Setting next_dagrun for dataset_produces_1 to 2026-09-24 00:00:00+00:00, run_after=2026-09-25 00:00:00+00:00
[2026-09-25T16:43:56.520+0000] {logging_mixin.py:190} INFO - [2026-09-25T16:43:56.520+0000] {dag.py:4180} INFO - Setting next_dagrun for dataset_produces_2 to None, run_after=None
[2026-09-25T16:43:56.641+0000] {processor.py:208} INFO - Processing /home/airflow/.local/lib/python3.12/site-packages/airflow/example_dags/example_datasets.py took 4.480 seconds
[2026-09-25T16:44:26.734+0000] {processor.py:186} INFO - Started process (PID=168) to work on /home/airflow/.local/lib/python3.12/site-packages/airflow/example_dags/example_datasets.py
[2026-09-25T16:44:26.737+0000] {processor.py:914} INFO - Processing file /home/airflow/.local/lib/python3.12/site-packages/airflow/example_dags/example_datasets.py for tasks to queue
[2026-09-25T16:44:26.743+0000] {logging_mixin.py:190} INFO - [2026-09-25T16:44:26.743+0000] {dagbag.py:588} INFO - Filling up the DagBag from /home/airflow/.local/lib/python3.12/site-packages/airflow/example_dags/example_datasets.py
[2026-09-25T16:44:28.574+0000] {processor.py:925} INFO - DAG(s) 'consume_1_or_2_with_dataset_expressions', 'dataset_produces_1', 'consume_1_and_2_with_dataset_expressions', 'dataset_consumes_unknown_never_scheduled', 'consume_1_or_both_2_and_3_with_dataset_expressions', 'conditional_dataset_and_time_based_timetable', 'dataset_consumes_1_and_2', 'dataset_consumes_1_never_scheduled', 'dataset_consumes_1', 'dataset_produces_2' retrieved from /home/airflow/.local/lib/python3.12/site-packages/airflow/example_dags/example_datasets.py
[2026-09-25T16:44:28.805+0000] {logging_mixin.py:190} INFO - [2026-09-25T16:44:28.804+0000] {dag.py:3239} INFO - Sync 10 DAGs
[2026-09-25T16:44:28.942+0000] {logging_mixin.py:190} INFO - [2026-09-25T16:44:28.939+0000] {dag.py:4180} INFO - Setting next_dagrun for conditional_dataset_and_time_based_timetable to 2026-09-23 01:00:00+00:00, run_after=2026-09-23 01:00:00+00:00
[2026-09-25T16:44:28.952+0000] {logging_mixin.py:190} INFO - [2026-09-25T16:44:28.951+0000] {dag.py:4180} INFO - Setting next_dagrun for consume_1_and_2_with_dataset_expressions to None, run_after=None
[2026-09-25T16:44:28.959+0000] {logging_mixin.py:190} INFO - [2026-09-25T16:44:28.959+0000] {dag.py:4180} INFO - Setting next_dagrun for consume_1_or_2_with_dataset_expressions to None, run_after=None
[2026-09-25T16:44:28.963+0000] {logging_mixin.py:190} INFO - [2026-09-25T16:44:28.963+0000] {dag.py:4180} INFO - Setting next_dagrun for consume_1_or_both_2_and_3_with_dataset_expressions to None, run_after=None
[2026-09-25T16:44:28.971+0000] {logging_mixin.py:190} INFO - [2026-09-25T16:44:28.970+0000] {dag.py:4180} INFO - Setting next_dagrun for dataset_consumes_1 to None, run_after=None
[2026-09-25T16:44:28.976+0000] {logging_mixin.py:190} INFO - [2026-09-25T16:44:28.976+0000] {dag.py:4180} INFO - Setting next_dagrun for dataset_consumes_1_and_2 to None, run_after=None
[2026-09-25T16:44:28.982+0000] {logging_mixin.py:190} INFO - [2026-09-25T16:44:28.982+0000] {dag.py:4180} INFO - Setting next_dagrun for dataset_consumes_1_never_scheduled to None, run_after=None
[2026-09-25T16:44:28.988+0000] {logging_mixin.py:190} INFO - [2026-09-25T16:44:28.987+0000] {dag.py:4180} INFO - Setting next_dagrun for dataset_consumes_unknown_never_scheduled to None, run_after=None
[2026-09-25T16:44:29.009+0000] {logging_mixin.py:190} INFO - [2026-09-25T16:44:29.006+0000] {dag.py:4180} INFO - Setting next_dagrun for dataset_produces_1 to 2026-09-24 00:00:00+00:00, run_after=2026-09-25 00:00:00+00:00
[2026-09-25T16:44:29.023+0000] {logging_mixin.py:190} INFO - [2026-09-25T16:44:29.022+0000] {dag.py:4180} INFO - Setting next_dagrun for dataset_produces_2 to None, run_after=None
[2026-09-25T16:44:29.130+0000] {processor.py:208} INFO - Processing /home/airflow/.local/lib/python3.12/site-packages/airflow/example_dags/example_datasets.py took 2.417 seconds
[2026-09-25T16:45:00.837+0000] {processor.py:186} INFO - Started process (PID=229) to work on /home/airflow/.local/lib/python3.12/site-packages/airflow/example_dags/example_datasets.py
[2026-09-25T16:45:00.853+0000] {processor.py:914} INFO - Processing file /home/airflow/.local/lib/python3.12/site-packages/airflow/example_dags/example_datasets.py for tasks to queue
[2026-09-25T16:45:00.871+0000] {logging_mixin.py:190} INFO - [2026-09-25T16:45:00.870+0000] {dagbag.py:588} INFO - Filling up the DagBag from /home/airflow/.local/lib/python3.12/site-packages/airflow/example_dags/example_datasets.py
[2026-09-25T16:45:07.511+0000] {processor.py:925} INFO - DAG(s) 'dataset_consumes_1_and_2', 'conditional_dataset_and_time_based_timetable', 'consume_1_or_both_2_and_3_with_dataset_expressions', 'dataset_consumes_1_never_scheduled', 'dataset_produces_1', 'dataset_consumes_unknown_never_scheduled', 'consume_1_or_2_with_dataset_expressions', 'consume_1_and_2_with_dataset_expressions', 'dataset_consumes_1', 'dataset_produces_2' retrieved from /home/airflow/.local/lib/python3.12/site-packages/airflow/example_dags/example_datasets.py
[2026-09-25T16:45:07.898+0000] {logging_mixin.py:190} INFO - [2026-09-25T16:45:07.897+0000] {dag.py:3239} INFO - Sync 10 DAGs
[2026-09-25T16:45:08.110+0000] {logging_mixin.py:190} INFO - [2026-09-25T16:45:08.109+0000] {dag.py:4180} INFO - Setting next_dagrun for conditional_dataset_and_time_based_timetable to 2026-09-23 01:00:00+00:00, run_after=2026-09-23 01:00:00+00:00
[2026-09-25T16:45:08.127+0000] {logging_mixin.py:190} INFO - [2026-09-25T16:45:08.126+0000] {dag.py:4180} INFO - Setting next_dagrun for consume_1_and_2_with_dataset_expressions to None, run_after=None
[2026-09-25T16:45:08.132+0000] {logging_mixin.py:190} INFO - [2026-09-25T16:45:08.132+0000] {dag.py:4180} INFO - Setting next_dagrun for consume_1_or_2_with_dataset_expressions to None, run_after=None
[2026-09-25T16:45:08.138+0000] {logging_mixin.py:190} INFO - [2026-09-25T16:45:08.138+0000] {dag.py:4180} INFO - Setting next_dagrun for consume_1_or_both_2_and_3_with_dataset_expressions to None, run_after=None
[2026-09-25T16:45:08.143+0000] {logging_mixin.py:190} INFO - [2026-09-25T16:45:08.143+0000] {dag.py:4180} INFO - Setting next_dagrun for dataset_consumes_1 to None, run_after=None
[2026-09-25T16:45:08.147+0000] {logging_mixin.py:190} INFO - [2026-09-25T16:45:08.147+0000] {dag.py:4180} INFO - Setting next_dagrun for dataset_consumes_1_and_2 to None, run_after=None
[2026-09-25T16:45:08.154+0000] {logging_mixin.py:190} INFO - [2026-09-25T16:45:08.153+0000] {dag.py:4180} INFO - Setting next_dagrun for dataset_consumes_1_never_scheduled to None, run_after=None
[2026-09-25T16:45:08.159+0000] {logging_mixin.py:190} INFO - [2026-09-25T16:45:08.159+0000] {dag.py:4180} INFO - Setting next_dagrun for dataset_consumes_unknown_never_scheduled to None, run_after=None
[2026-09-25T16:45:08.168+0000] {logging_mixin.py:190} INFO - [2026-09-25T16:45:08.167+0000] {dag.py:4180} INFO - Setting next_dagrun for dataset_produces_1 to 2026-09-24 00:00:00+00:00, run_after=2026-09-25 00:00:00+00:00
[2026-09-25T16:45:08.172+0000] {logging_mixin.py:190} INFO - [2026-09-25T16:45:08.171+0000] {dag.py:4180} INFO - Setting next_dagrun for dataset_produces_2 to None, run_after=None
[2026-09-25T16:45:08.315+0000] {processor.py:208} INFO - Processing /home/airflow/.local/lib/python3.12/site-packages/airflow/example_dags/example_datasets.py took 7.540 seconds
[2026-09-25T16:45:39.286+0000] {processor.py:186} INFO - Started process (PID=303) to work on /home/airflow/.local/lib/python3.12/site-packages/airflow/example_dags/example_datasets.py
[2026-09-25T16:45:39.290+0000] {processor.py:914} INFO - Processing file /home/airflow/.local/lib/python3.12/site-packages/airflow/example_dags/example_datasets.py for tasks to queue
[2026-09-25T16:45:39.300+0000] {logging_mixin.py:190} INFO - [2026-09-25T16:45:39.300+0000] {dagbag.py:588} INFO - Filling up the DagBag from /home/airflow/.local/lib/python3.12/site-packages/airflow/example_dags/example_datasets.py
[2026-09-25T16:45:43.684+0000] {processor.py:925} INFO - DAG(s) 'dataset_consumes_1_never_scheduled', 'dataset_consumes_1_and_2', 'dataset_produces_1', 'consume_1_or_both_2_and_3_with_dataset_expressions', 'dataset_consumes_1', 'consume_1_and_2_with_dataset_expressions', 'consume_1_or_2_with_dataset_expressions', 'conditional_dataset_and_time_based_timetable', 'dataset_produces_2', 'dataset_consumes_unknown_never_scheduled' retrieved from /home/airflow/.local/lib/python3.12/site-packages/airflow/example_dags/example_datasets.py
[2026-09-25T16:45:43.893+0000] {logging_mixin.py:190} INFO - [2026-09-25T16:45:43.892+0000] {dag.py:3239} INFO - Sync 10 DAGs
[2026-09-25T16:45:44.027+0000] {logging_mixin.py:190} INFO - [2026-09-25T16:45:44.027+0000] {dag.py:4180} INFO - Setting next_dagrun for conditional_dataset_and_time_based_timetable to 2026-09-23 01:00:00+00:00, run_after=2026-09-23 01:00:00+00:00
[2026-09-25T16:45:44.044+0000] {logging_mixin.py:190} INFO - [2026-09-25T16:45:44.043+0000] {dag.py:4180} INFO - Setting next_dagrun for consume_1_and_2_with_dataset_expressions to None, run_after=None
[2026-09-25T16:45:44.063+0000] {logging_mixin.py:190} INFO - [2026-09-25T16:45:44.062+0000] {dag.py:4180} INFO - Setting next_dagrun for consume_1_or_2_with_dataset_expressions to None, run_after=None
[2026-09-25T16:45:44.067+0000] {logging_mixin.py:190} INFO - [2026-09-25T16:45:44.066+0000] {dag.py:4180} INFO - Setting next_dagrun for consume_1_or_both_2_and_3_with_dataset_expressions to None, run_after=None
[2026-09-25T16:45:44.073+0000] {logging_mixin.py:190} INFO - [2026-09-25T16:45:44.073+0000] {dag.py:4180} INFO - Setting next_dagrun for dataset_consumes_1 to None, run_after=None
[2026-09-25T16:45:44.078+0000] {logging_mixin.py:190} INFO - [2026-09-25T16:45:44.077+0000] {dag.py:4180} INFO - Setting next_dagrun for dataset_consumes_1_and_2 to None, run_after=None
[2026-09-25T16:45:44.085+0000] {logging_mixin.py:190} INFO - [2026-09-25T16:45:44.084+0000] {dag.py:4180} INFO - Setting next_dagrun for dataset_consumes_1_never_scheduled to None, run_after=None
[2026-09-25T16:45:44.089+0000] {logging_mixin.py:190} INFO - [2026-09-25T16:45:44.088+0000] {dag.py:4180} INFO - Setting next_dagrun for dataset_consumes_unknown_never_scheduled to None, run_after=None
[2026-09-25T16:45:44.104+0000] {logging_mixin.py:190} INFO - [2026-09-25T16:45:44.103+0000] {dag.py:4180} INFO - Setting next_dagrun for dataset_produces_1 to 2026-09-24 00:00:00+00:00, run_after=2026-09-25 00:00:00+00:00
[2026-09-25T16:45:44.115+0000] {logging_mixin.py:190} INFO - [2026-09-25T16:45:44.114+0000] {dag.py:4180} INFO - Setting next_dagrun for dataset_produces_2 to None, run_after=None
[2026-09-25T16:45:44.249+0000] {processor.py:208} INFO - Processing /home/airflow/.local/lib/python3.12/site-packages/airflow/example_dags/example_datasets.py took 4.991 seconds
[2026-09-25T16:46:15.002+0000] {processor.py:186} INFO - Started process (PID=369) to work on /home/airflow/.local/lib/python3.12/site-packages/airflow/example_dags/example_datasets.py
[2026-09-25T16:46:15.044+0000] {processor.py:914} INFO - Processing file /home/airflow/.local/lib/python3.12/site-packages/airflow/example_dags/example_datasets.py for tasks to queue
[2026-09-25T16:46:15.075+0000] {logging_mixin.py:190} INFO - [2026-09-25T16:46:15.072+0000] {dagbag.py:588} INFO - Filling up the DagBag from /home/airflow/.local/lib/python3.12/site-packages/airflow/example_dags/example_datasets.py
[2026-09-25T16:46:17.867+0000] {processor.py:925} INFO - DAG(s) 'dataset_consumes_unknown_never_scheduled', 'consume_1_or_2_with_dataset_expressions', 'dataset_produces_2', 'dataset_produces_1', 'consume_1_and_2_with_dataset_expressions', 'dataset_consumes_1_never_scheduled', 'dataset_consumes_1_and_2', 'dataset_consumes_1', 'conditional_dataset_and_time_based_timetable', 'consume_1_or_both_2_and_3_with_dataset_expressions' retrieved from /home/airflow/.local/lib/python3.12/site-packages/airflow/example_dags/example_datasets.py
[2026-09-25T16:46:18.067+0000] {logging_mixin.py:190} INFO - [2026-09-25T16:46:18.066+0000] {dag.py:3239} INFO - Sync 10 DAGs
[2026-09-25T16:46:18.188+0000] {logging_mixin.py:190} INFO - [2026-09-25T16:46:18.188+0000] {dag.py:4180} INFO - Setting next_dagrun for conditional_dataset_and_time_based_timetable to 2026-09-23 01:00:00+00:00, run_after=2026-09-23 01:00:00+00:00
[2026-09-25T16:46:18.201+0000] {logging_mixin.py:190} INFO - [2026-09-25T16:46:18.200+0000] {dag.py:4180} INFO - Setting next_dagrun for consume_1_and_2_with_dataset_expressions to None, run_after=None
[2026-09-25T16:46:18.207+0000] {logging_mixin.py:190} INFO - [2026-09-25T16:46:18.206+0000] {dag.py:4180} INFO - Setting next_dagrun for consume_1_or_2_with_dataset_expressions to None, run_after=None
[2026-09-25T16:46:18.211+0000] {logging_mixin.py:190} INFO - [2026-09-25T16:46:18.210+0000] {dag.py:4180} INFO - Setting next_dagrun for consume_1_or_both_2_and_3_with_dataset_expressions to None, run_after=None
[2026-09-25T16:46:18.215+0000] {logging_mixin.py:190} INFO - [2026-09-25T16:46:18.214+0000] {dag.py:4180} INFO - Setting next_dagrun for dataset_consumes_1 to None, run_after=None
[2026-09-25T16:46:18.219+0000] {logging_mixin.py:190} INFO - [2026-09-25T16:46:18.219+0000] {dag.py:4180} INFO - Setting next_dagrun for dataset_consumes_1_and_2 to None, run_after=None
[2026-09-25T16:46:18.224+0000] {logging_mixin.py:190} INFO - [2026-09-25T16:46:18.223+0000] {dag.py:4180} INFO - Setting next_dagrun for dataset_consumes_1_never_scheduled to None, run_after=None
[2026-09-25T16:46:18.230+0000] {logging_mixin.py:190} INFO - [2026-09-25T16:46:18.229+0000] {dag.py:4180} INFO - Setting next_dagrun for dataset_consumes_unknown_never_scheduled to None, run_after=None
[2026-09-25T16:46:18.238+0000] {logging_mixin.py:190} INFO - [2026-09-25T16:46:18.238+0000] {dag.py:4180} INFO - Setting next_dagrun for dataset_produces_1 to 2026-09-24 00:00:00+00:00, run_after=2026-09-25 00:00:00+00:00
[2026-09-25T16:46:18.243+0000] {logging_mixin.py:190} INFO - [2026-09-25T16:46:18.242+0000] {dag.py:4180} INFO - Setting next_dagrun for dataset_produces_2 to None, run_after=None
[2026-09-25T16:46:18.364+0000] {processor.py:208} INFO - Processing /home/airflow/.local/lib/python3.12/site-packages/airflow/example_dags/example_datasets.py took 3.408 seconds
[2026-09-25T16:46:49.132+0000] {processor.py:186} INFO - Started process (PID=436) to work on /home/airflow/.local/lib/python3.12/site-packages/airflow/example_dags/example_datasets.py
[2026-09-25T16:46:49.135+0000] {processor.py:914} INFO - Processing file /home/airflow/.local/lib/python3.12/site-packages/airflow/example_dags/example_datasets.py for tasks to queue
[2026-09-25T16:46:49.143+0000] {logging_mixin.py:190} INFO - [2026-09-25T16:46:49.142+0000] {dagbag.py:588} INFO - Filling up the DagBag from /home/airflow/.local/lib/python3.12/site-packages/airflow/example_dags/example_datasets.py
[2026-09-25T16:46:50.774+0000] {processor.py:925} INFO - DAG(s) 'dataset_consumes_1', 'consume_1_and_2_with_dataset_expressions', 'dataset_consumes_unknown_never_scheduled', 'dataset_produces_1', 'conditional_dataset_and_time_based_timetable', 'dataset_consumes_1_and_2', 'consume_1_or_2_with_dataset_expressions', 'dataset_consumes_1_never_scheduled', 'dataset_produces_2', 'consume_1_or_both_2_and_3_with_dataset_expressions' retrieved from /home/airflow/.local/lib/python3.12/site-packages/airflow/example_dags/example_datasets.py
[2026-09-25T16:46:50.902+0000] {logging_mixin.py:190} INFO - [2026-09-25T16:46:50.901+0000] {dag.py:3239} INFO - Sync 10 DAGs
[2026-09-25T16:46:50.983+0000] {logging_mixin.py:190} INFO - [2026-09-25T16:46:50.982+0000] {dag.py:4180} INFO - Setting next_dagrun for conditional_dataset_and_time_based_timetable to 2026-09-23 01:00:00+00:00, run_after=2026-09-23 01:00:00+00:00
[2026-09-25T16:46:50.992+0000] {logging_mixin.py:190} INFO - [2026-09-25T16:46:50.992+0000] {dag.py:4180} INFO - Setting next_dagrun for consume_1_and_2_with_dataset_expressions to None, run_after=None
[2026-09-25T16:46:50.996+0000] {logging_mixin.py:190} INFO - [2026-09-25T16:46:50.996+0000] {dag.py:4180} INFO - Setting next_dagrun for consume_1_or_2_with_dataset_expressions to None, run_after=None
[2026-09-25T16:46:51.003+0000] {logging_mixin.py:190} INFO - [2026-09-25T16:46:51.002+0000] {dag.py:4180} INFO - Setting next_dagrun for consume_1_or_both_2_and_3_with_dataset_expressions to None, run_after=None
[2026-09-25T16:46:51.022+0000] {logging_mixin.py:190} INFO - [2026-09-25T16:46:51.022+0000] {dag.py:4180} INFO - Setting next_dagrun for dataset_consumes_1 to None, run_after=None
[2026-09-25T16:46:51.028+0000] {logging_mixin.py:190} INFO - [2026-09-25T16:46:51.027+0000] {dag.py:4180} INFO - Setting next_dagrun for dataset_consumes_1_and_2 to None, run_after=None
[2026-09-25T16:46:51.034+0000] {logging_mixin.py:190} INFO - [2026-09-25T16:46:51.033+0000] {dag.py:4180} INFO - Setting next_dagrun for dataset_consumes_1_never_scheduled to None, run_after=None
[2026-09-25T16:46:51.040+0000] {logging_mixin.py:190} INFO - [2026-09-25T16:46:51.039+0000] {dag.py:4180} INFO - Setting next_dagrun for dataset_consumes_unknown_never_scheduled to None, run_after=None
[2026-09-25T16:46:51.050+0000] {logging_mixin.py:190} INFO - [2026-09-25T16:46:51.049+0000] {dag.py:4180} INFO - Setting next_dagrun for dataset_produces_1 to 2026-09-24 00:00:00+00:00, run_after=2026-09-25 00:00:00+00:00
[2026-09-25T16:46:51.055+0000] {logging_mixin.py:190} INFO - [2026-09-25T16:46:51.055+0000] {dag.py:4180} INFO - Setting next_dagrun for dataset_produces_2 to None, run_after=None
[2026-09-25T16:46:51.156+0000] {processor.py:208} INFO - Processing /home/airflow/.local/lib/python3.12/site-packages/airflow/example_dags/example_datasets.py took 2.039 seconds
[2026-09-25T16:47:25.205+0000] {processor.py:186} INFO - Started process (PID=503) to work on /home/airflow/.local/lib/python3.12/site-packages/airflow/example_dags/example_datasets.py
[2026-09-25T16:47:25.212+0000] {processor.py:914} INFO - Processing file /home/airflow/.local/lib/python3.12/site-packages/airflow/example_dags/example_datasets.py for tasks to queue
[2026-09-25T16:47:25.222+0000] {logging_mixin.py:190} INFO - [2026-09-25T16:47:25.222+0000] {dagbag.py:588} INFO - Filling up the DagBag from /home/airflow/.local/lib/python3.12/site-packages/airflow/example_dags/example_datasets.py
[2026-09-25T16:47:27.537+0000] {processor.py:925} INFO - DAG(s) 'dataset_consumes_1_and_2', 'dataset_produces_1', 'dataset_consumes_1_never_scheduled', 'consume_1_or_both_2_and_3_with_dataset_expressions', 'consume_1_or_2_with_dataset_expressions', 'consume_1_and_2_with_dataset_expressions', 'dataset_consumes_unknown_never_scheduled', 'dataset_consumes_1', 'dataset_produces_2', 'conditional_dataset_and_time_based_timetable' retrieved from /home/airflow/.local/lib/python3.12/site-packages/airflow/example_dags/example_datasets.py
[2026-09-25T16:47:27.975+0000] {logging_mixin.py:190} INFO - [2026-09-25T16:47:27.975+0000] {dag.py:3239} INFO - Sync 10 DAGs
[2026-09-25T16:47:28.360+0000] {logging_mixin.py:190} INFO - [2026-09-25T16:47:28.359+0000] {dag.py:4180} INFO - Setting next_dagrun for conditional_dataset_and_time_based_timetable to 2026-09-23 01:00:00+00:00, run_after=2026-09-23 01:00:00+00:00
[2026-09-25T16:47:28.387+0000] {logging_mixin.py:190} INFO - [2026-09-25T16:47:28.383+0000] {dag.py:4180} INFO - Setting next_dagrun for consume_1_and_2_with_dataset_expressions to None, run_after=None
[2026-09-25T16:47:28.393+0000] {logging_mixin.py:190} INFO - [2026-09-25T16:47:28.393+0000] {dag.py:4180} INFO - Setting next_dagrun for consume_1_or_2_with_dataset_expressions to None, run_after=None
[2026-09-25T16:47:28.401+0000] {logging_mixin.py:190} INFO - [2026-09-25T16:47:28.400+0000] {dag.py:4180} INFO - Setting next_dagrun for consume_1_or_both_2_and_3_with_dataset_expressions to None, run_after=None
[2026-09-25T16:47:28.416+0000] {logging_mixin.py:190} INFO - [2026-09-25T16:47:28.415+0000] {dag.py:4180} INFO - Setting next_dagrun for dataset_consumes_1 to None, run_after=None
[2026-09-25T16:47:28.422+0000] {logging_mixin.py:190} INFO - [2026-09-25T16:47:28.421+0000] {dag.py:4180} INFO - Setting next_dagrun for dataset_consumes_1_and_2 to None, run_after=None
[2026-09-25T16:47:28.432+0000] {logging_mixin.py:190} INFO - [2026-09-25T16:47:28.432+0000] {dag.py:4180} INFO - Setting next_dagrun for dataset_consumes_1_never_scheduled to None, run_after=None
[2026-09-25T16:47:28.461+0000] {logging_mixin.py:190} INFO - [2026-09-25T16:47:28.460+0000] {dag.py:4180} INFO - Setting next_dagrun for dataset_consumes_unknown_never_scheduled to None, run_after=None
[2026-09-25T16:47:28.483+0000] {logging_mixin.py:190} INFO - [2026-09-25T16:47:28.482+0000] {dag.py:4180} INFO - Setting next_dagrun for dataset_produces_1 to 2026-09-24 00:00:00+00:00, run_after=2026-09-25 00:00:00+00:00
[2026-09-25T16:47:28.490+0000] {logging_mixin.py:190} INFO - [2026-09-25T16:47:28.489+0000] {dag.py:4180} INFO - Setting next_dagrun for dataset_produces_2 to None, run_after=None
[2026-09-25T16:47:28.753+0000] {processor.py:208} INFO - Processing /home/airflow/.local/lib/python3.12/site-packages/airflow/example_dags/example_datasets.py took 3.571 seconds
[2026-09-25T16:48:12.421+0000] {processor.py:186} INFO - Started process (PID=578) to work on /home/airflow/.local/lib/python3.12/site-packages/airflow/example_dags/example_datasets.py
[2026-09-25T16:48:12.427+0000] {processor.py:914} INFO - Processing file /home/airflow/.local/lib/python3.12/site-packages/airflow/example_dags/example_datasets.py for tasks to queue
[2026-09-25T16:48:12.432+0000] {logging_mixin.py:190} INFO - [2026-09-25T16:48:12.431+0000] {dagbag.py:588} INFO - Filling up the DagBag from /home/airflow/.local/lib/python3.12/site-packages/airflow/example_dags/example_datasets.py
[2026-09-25T16:48:15.650+0000] {processor.py:925} INFO - DAG(s) 'consume_1_or_both_2_and_3_with_dataset_expressions', 'consume_1_and_2_with_dataset_expressions', 'dataset_consumes_1_never_scheduled', 'consume_1_or_2_with_dataset_expressions', 'dataset_consumes_unknown_never_scheduled', 'dataset_consumes_1_and_2', 'conditional_dataset_and_time_based_timetable', 'dataset_consumes_1', 'dataset_produces_1', 'dataset_produces_2' retrieved from /home/airflow/.local/lib/python3.12/site-packages/airflow/example_dags/example_datasets.py
[2026-09-25T16:48:15.819+0000] {logging_mixin.py:190} INFO - [2026-09-25T16:48:15.818+0000] {dag.py:3239} INFO - Sync 10 DAGs
[2026-09-25T16:48:15.905+0000] {logging_mixin.py:190} INFO - [2026-09-25T16:48:15.905+0000] {dag.py:4180} INFO - Setting next_dagrun for conditional_dataset_and_time_based_timetable to 2026-09-23 01:00:00+00:00, run_after=2026-09-23 01:00:00+00:00
[2026-09-25T16:48:15.917+0000] {logging_mixin.py:190} INFO - [2026-09-25T16:48:15.916+0000] {dag.py:4180} INFO - Setting next_dagrun for consume_1_and_2_with_dataset_expressions to None, run_after=None
[2026-09-25T16:48:15.943+0000] {logging_mixin.py:190} INFO - [2026-09-25T16:48:15.943+0000] {dag.py:4180} INFO - Setting next_dagrun for consume_1_or_2_with_dataset_expressions to None, run_after=None
[2026-09-25T16:48:15.948+0000] {logging_mixin.py:190} INFO - [2026-09-25T16:48:15.948+0000] {dag.py:4180} INFO - Setting next_dagrun for consume_1_or_both_2_and_3_with_dataset_expressions to None, run_after=None
[2026-09-25T16:48:15.953+0000] {logging_mixin.py:190} INFO - [2026-09-25T16:48:15.953+0000] {dag.py:4180} INFO - Setting next_dagrun for dataset_consumes_1 to None, run_after=None
[2026-09-25T16:48:15.960+0000] {logging_mixin.py:190} INFO - [2026-09-25T16:48:15.959+0000] {dag.py:4180} INFO - Setting next_dagrun for dataset_consumes_1_and_2 to None, run_after=None
[2026-09-25T16:48:15.966+0000] {logging_mixin.py:190} INFO - [2026-09-25T16:48:15.965+0000] {dag.py:4180} INFO - Setting next_dagrun for dataset_consumes_1_never_scheduled to None, run_after=None
[2026-09-25T16:48:15.974+0000] {logging_mixin.py:190} INFO - [2026-09-25T16:48:15.973+0000] {dag.py:4180} INFO - Setting next_dagrun for dataset_consumes_unknown_never_scheduled to None, run_after=None
[2026-09-25T16:48:16.015+0000] {logging_mixin.py:190} INFO - [2026-09-25T16:48:16.014+0000] {dag.py:4180} INFO - Setting next_dagrun for dataset_produces_1 to 2026-09-24 00:00:00+00:00, run_after=2026-09-25 00:00:00+00:00
[2026-09-25T16:48:16.022+0000] {logging_mixin.py:190} INFO - [2026-09-25T16:48:16.021+0000] {dag.py:4180} INFO - Setting next_dagrun for dataset_produces_2 to None, run_after=None
[2026-09-25T16:48:16.245+0000] {processor.py:208} INFO - Processing /home/airflow/.local/lib/python3.12/site-packages/airflow/example_dags/example_datasets.py took 3.837 seconds
[2026-09-25T16:48:46.772+0000] {processor.py:186} INFO - Started process (PID=647) to work on /home/airflow/.local/lib/python3.12/site-packages/airflow/example_dags/example_datasets.py
[2026-09-25T16:48:46.778+0000] {processor.py:914} INFO - Processing file /home/airflow/.local/lib/python3.12/site-packages/airflow/example_dags/example_datasets.py for tasks to queue
[2026-09-25T16:48:46.787+0000] {logging_mixin.py:190} INFO - [2026-09-25T16:48:46.784+0000] {dagbag.py:588} INFO - Filling up the DagBag from /home/airflow/.local/lib/python3.12/site-packages/airflow/example_dags/example_datasets.py
[2026-09-25T16:48:49.062+0000] {processor.py:925} INFO - DAG(s) 'dataset_produces_2', 'dataset_produces_1', 'dataset_consumes_1_never_scheduled', 'conditional_dataset_and_time_based_timetable', 'dataset_consumes_unknown_never_scheduled', 'dataset_consumes_1', 'dataset_consumes_1_and_2', 'consume_1_or_2_with_dataset_expressions', 'consume_1_and_2_with_dataset_expressions', 'consume_1_or_both_2_and_3_with_dataset_expressions' retrieved from /home/airflow/.local/lib/python3.12/site-packages/airflow/example_dags/example_datasets.py
[2026-09-25T16:48:49.171+0000] {logging_mixin.py:190} INFO - [2026-09-25T16:48:49.170+0000] {dag.py:3239} INFO - Sync 10 DAGs
[2026-09-25T16:48:49.314+0000] {logging_mixin.py:190} INFO - [2026-09-25T16:48:49.314+0000] {dag.py:4180} INFO - Setting next_dagrun for conditional_dataset_and_time_based_timetable to 2026-09-23 01:00:00+00:00, run_after=2026-09-23 01:00:00+00:00
[2026-09-25T16:48:49.337+0000] {logging_mixin.py:190} INFO - [2026-09-25T16:48:49.337+0000] {dag.py:4180} INFO - Setting next_dagrun for consume_1_and_2_with_dataset_expressions to None, run_after=None
[2026-09-25T16:48:49.355+0000] {logging_mixin.py:190} INFO - [2026-09-25T16:48:49.354+0000] {dag.py:4180} INFO - Setting next_dagrun for consume_1_or_2_with_dataset_expressions to None, run_after=None
[2026-09-25T16:48:49.366+0000] {logging_mixin.py:190} INFO - [2026-09-25T16:48:49.366+0000] {dag.py:4180} INFO - Setting next_dagrun for consume_1_or_both_2_and_3_with_dataset_expressions to None, run_after=None
[2026-09-25T16:48:49.372+0000] {logging_mixin.py:190} INFO - [2026-09-25T16:48:49.370+0000] {dag.py:4180} INFO - Setting next_dagrun for dataset_consumes_1 to None, run_after=None
[2026-09-25T16:48:49.379+0000] {logging_mixin.py:190} INFO - [2026-09-25T16:48:49.378+0000] {dag.py:4180} INFO - Setting next_dagrun for dataset_consumes_1_and_2 to None, run_after=None
[2026-09-25T16:48:49.387+0000] {logging_mixin.py:190} INFO - [2026-09-25T16:48:49.385+0000] {dag.py:4180} INFO - Setting next_dagrun for dataset_consumes_1_never_scheduled to None, run_after=None
[2026-09-25T16:48:49.395+0000] {logging_mixin.py:190} INFO - [2026-09-25T16:48:49.395+0000] {dag.py:4180} INFO - Setting next_dagrun for dataset_consumes_unknown_never_scheduled to None, run_after=None
[2026-09-25T16:48:49.407+0000] {logging_mixin.py:190} INFO - [2026-09-25T16:48:49.406+0000] {dag.py:4180} INFO - Setting next_dagrun for dataset_produces_1 to 2026-09-24 00:00:00+00:00, run_after=2026-09-25 00:00:00+00:00
[2026-09-25T16:48:49.415+0000] {logging_mixin.py:190} INFO - [2026-09-25T16:48:49.412+0000] {dag.py:4180} INFO - Setting next_dagrun for dataset_produces_2 to None, run_after=None
[2026-09-25T16:48:49.575+0000] {processor.py:208} INFO - Processing /home/airflow/.local/lib/python3.12/site-packages/airflow/example_dags/example_datasets.py took 2.828 seconds
[2026-09-25T16:49:19.892+0000] {processor.py:186} INFO - Started process (PID=712) to work on /home/airflow/.local/lib/python3.12/site-packages/airflow/example_dags/example_datasets.py
[2026-09-25T16:49:19.894+0000] {processor.py:914} INFO - Processing file /home/airflow/.local/lib/python3.12/site-packages/airflow/example_dags/example_datasets.py for tasks to queue
[2026-09-25T16:49:19.899+0000] {logging_mixin.py:190} INFO - [2026-09-25T16:49:19.899+0000] {dagbag.py:588} INFO - Filling up the DagBag from /home/airflow/.local/lib/python3.12/site-packages/airflow/example_dags/example_datasets.py
[2026-09-25T16:49:21.225+0000] {processor.py:925} INFO - DAG(s) 'consume_1_or_2_with_dataset_expressions', 'conditional_dataset_and_time_based_timetable', 'consume_1_or_both_2_and_3_with_dataset_expressions', 'dataset_consumes_1', 'dataset_produces_2', 'dataset_consumes_1_and_2', 'dataset_consumes_unknown_never_scheduled', 'dataset_consumes_1_never_scheduled', 'consume_1_and_2_with_dataset_expressions', 'dataset_produces_1' retrieved from /home/airflow/.local/lib/python3.12/site-packages/airflow/example_dags/example_datasets.py
[2026-09-25T16:49:21.352+0000] {logging_mixin.py:190} INFO - [2026-09-25T16:49:21.351+0000] {dag.py:3239} INFO - Sync 10 DAGs
[2026-09-25T16:49:21.430+0000] {logging_mixin.py:190} INFO - [2026-09-25T16:49:21.429+0000] {dag.py:4180} INFO - Setting next_dagrun for conditional_dataset_and_time_based_timetable to 2026-09-23 01:00:00+00:00, run_after=2026-09-23 01:00:00+00:00
[2026-09-25T16:49:21.444+0000] {logging_mixin.py:190} INFO - [2026-09-25T16:49:21.444+0000] {dag.py:4180} INFO - Setting next_dagrun for consume_1_and_2_with_dataset_expressions to None, run_after=None
[2026-09-25T16:49:21.455+0000] {logging_mixin.py:190} INFO - [2026-09-25T16:49:21.454+0000] {dag.py:4180} INFO - Setting next_dagrun for consume_1_or_2_with_dataset_expressions to None, run_after=None
[2026-09-25T16:49:21.460+0000] {logging_mixin.py:190} INFO - [2026-09-25T16:49:21.460+0000] {dag.py:4180} INFO - Setting next_dagrun for consume_1_or_both_2_and_3_with_dataset_expressions to None, run_after=None
[2026-09-25T16:49:21.465+0000] {logging_mixin.py:190} INFO - [2026-09-25T16:49:21.464+0000] {dag.py:4180} INFO - Setting next_dagrun for dataset_consumes_1 to None, run_after=None
[2026-09-25T16:49:21.469+0000] {logging_mixin.py:190} INFO - [2026-09-25T16:49:21.468+0000] {dag.py:4180} INFO - Setting next_dagrun for dataset_consumes_1_and_2 to None, run_after=None
[2026-09-25T16:49:21.474+0000] {logging_mixin.py:190} INFO - [2026-09-25T16:49:21.474+0000] {dag.py:4180} INFO - Setting next_dagrun for dataset_consumes_1_never_scheduled to None, run_after=None
[2026-09-25T16:49:21.479+0000] {logging_mixin.py:190} INFO - [2026-09-25T16:49:21.479+0000] {dag.py:4180} INFO - Setting next_dagrun for dataset_consumes_unknown_never_scheduled to None, run_after=None
[2026-09-25T16:49:21.487+0000] {logging_mixin.py:190} INFO - [2026-09-25T16:49:21.486+0000] {dag.py:4180} INFO - Setting next_dagrun for dataset_produces_1 to 2026-09-24 00:00:00+00:00, run_after=2026-09-25 00:00:00+00:00
[2026-09-25T16:49:21.493+0000] {logging_mixin.py:190} INFO - [2026-09-25T16:49:21.492+0000] {dag.py:4180} INFO - Setting next_dagrun for dataset_produces_2 to None, run_after=None
[2026-09-25T16:49:21.583+0000] {processor.py:208} INFO - Processing /home/airflow/.local/lib/python3.12/site-packages/airflow/example_dags/example_datasets.py took 1.703 seconds
[2026-09-25T16:57:28.374+0000] {processor.py:186} INFO - Started process (PID=121) to work on /home/airflow/.local/lib/python3.12/site-packages/airflow/example_dags/example_datasets.py
[2026-09-25T16:57:28.533+0000] {processor.py:914} INFO - Processing file /home/airflow/.local/lib/python3.12/site-packages/airflow/example_dags/example_datasets.py for tasks to queue
[2026-09-25T16:57:29.133+0000] {logging_mixin.py:190} INFO - [2026-09-25T16:57:29.120+0000] {dagbag.py:588} INFO - Filling up the DagBag from /home/airflow/.local/lib/python3.12/site-packages/airflow/example_dags/example_datasets.py
[2026-09-25T16:57:55.099+0000] {processor.py:925} INFO - DAG(s) 'consume_1_and_2_with_dataset_expressions', 'dataset_produces_2', 'dataset_consumes_1_never_scheduled', 'dataset_consumes_1', 'dataset_consumes_unknown_never_scheduled', 'consume_1_or_2_with_dataset_expressions', 'consume_1_or_both_2_and_3_with_dataset_expressions', 'dataset_consumes_1_and_2', 'dataset_produces_1', 'conditional_dataset_and_time_based_timetable' retrieved from /home/airflow/.local/lib/python3.12/site-packages/airflow/example_dags/example_datasets.py
[2026-09-25T16:57:58.853+0000] {logging_mixin.py:190} INFO - [2026-09-25T16:57:58.849+0000] {dag.py:3239} INFO - Sync 10 DAGs
[2026-09-25T16:58:00.071+0000] {logging_mixin.py:190} INFO - [2026-09-25T16:58:00.070+0000] {dag.py:4180} INFO - Setting next_dagrun for conditional_dataset_and_time_based_timetable to 2026-09-23 01:00:00+00:00, run_after=2026-09-23 01:00:00+00:00
[2026-09-25T16:58:00.225+0000] {logging_mixin.py:190} INFO - [2026-09-25T16:58:00.224+0000] {dag.py:4180} INFO - Setting next_dagrun for consume_1_and_2_with_dataset_expressions to None, run_after=None
[2026-09-25T16:58:00.265+0000] {logging_mixin.py:190} INFO - [2026-09-25T16:58:00.265+0000] {dag.py:4180} INFO - Setting next_dagrun for consume_1_or_2_with_dataset_expressions to None, run_after=None
[2026-09-25T16:58:00.286+0000] {logging_mixin.py:190} INFO - [2026-09-25T16:58:00.285+0000] {dag.py:4180} INFO - Setting next_dagrun for consume_1_or_both_2_and_3_with_dataset_expressions to None, run_after=None
[2026-09-25T16:58:00.434+0000] {logging_mixin.py:190} INFO - [2026-09-25T16:58:00.432+0000] {dag.py:4180} INFO - Setting next_dagrun for dataset_consumes_1 to None, run_after=None
[2026-09-25T16:58:00.516+0000] {logging_mixin.py:190} INFO - [2026-09-25T16:58:00.515+0000] {dag.py:4180} INFO - Setting next_dagrun for dataset_consumes_1_and_2 to None, run_after=None
[2026-09-25T16:58:00.638+0000] {logging_mixin.py:190} INFO - [2026-09-25T16:58:00.617+0000] {dag.py:4180} INFO - Setting next_dagrun for dataset_consumes_1_never_scheduled to None, run_after=None
[2026-09-25T16:58:00.671+0000] {logging_mixin.py:190} INFO - [2026-09-25T16:58:00.667+0000] {dag.py:4180} INFO - Setting next_dagrun for dataset_consumes_unknown_never_scheduled to None, run_after=None
[2026-09-25T16:58:00.783+0000] {logging_mixin.py:190} INFO - [2026-09-25T16:58:00.774+0000] {dag.py:4180} INFO - Setting next_dagrun for dataset_produces_1 to 2026-09-24 00:00:00+00:00, run_after=2026-09-25 00:00:00+00:00
[2026-09-25T16:58:00.806+0000] {logging_mixin.py:190} INFO - [2026-09-25T16:58:00.805+0000] {dag.py:4180} INFO - Setting next_dagrun for dataset_produces_2 to None, run_after=None
[2026-09-25T16:58:01.566+0000] {processor.py:208} INFO - Processing /home/airflow/.local/lib/python3.12/site-packages/airflow/example_dags/example_datasets.py took 33.906 seconds
[2026-09-25T16:58:37.809+0000] {processor.py:186} INFO - Started process (PID=191) to work on /home/airflow/.local/lib/python3.12/site-packages/airflow/example_dags/example_datasets.py
[2026-09-25T16:58:37.814+0000] {processor.py:914} INFO - Processing file /home/airflow/.local/lib/python3.12/site-packages/airflow/example_dags/example_datasets.py for tasks to queue
[2026-09-25T16:58:37.822+0000] {logging_mixin.py:190} INFO - [2026-09-25T16:58:37.821+0000] {dagbag.py:588} INFO - Filling up the DagBag from /home/airflow/.local/lib/python3.12/site-packages/airflow/example_dags/example_datasets.py
[2026-09-25T16:58:40.542+0000] {processor.py:925} INFO - DAG(s) 'consume_1_or_both_2_and_3_with_dataset_expressions', 'dataset_produces_2', 'dataset_consumes_unknown_never_scheduled', 'dataset_consumes_1_and_2', 'dataset_consumes_1_never_scheduled', 'dataset_consumes_1', 'dataset_produces_1', 'consume_1_and_2_with_dataset_expressions', 'consume_1_or_2_with_dataset_expressions', 'conditional_dataset_and_time_based_timetable' retrieved from /home/airflow/.local/lib/python3.12/site-packages/airflow/example_dags/example_datasets.py
[2026-09-25T16:58:40.690+0000] {logging_mixin.py:190} INFO - [2026-09-25T16:58:40.689+0000] {dag.py:3239} INFO - Sync 10 DAGs
[2026-09-25T16:58:40.905+0000] {logging_mixin.py:190} INFO - [2026-09-25T16:58:40.903+0000] {dag.py:4180} INFO - Setting next_dagrun for conditional_dataset_and_time_based_timetable to 2026-09-23 01:00:00+00:00, run_after=2026-09-23 01:00:00+00:00
[2026-09-25T16:58:40.944+0000] {logging_mixin.py:190} INFO - [2026-09-25T16:58:40.942+0000] {dag.py:4180} INFO - Setting next_dagrun for consume_1_and_2_with_dataset_expressions to None, run_after=None
[2026-09-25T16:58:40.957+0000] {logging_mixin.py:190} INFO - [2026-09-25T16:58:40.956+0000] {dag.py:4180} INFO - Setting next_dagrun for consume_1_or_2_with_dataset_expressions to None, run_after=None
[2026-09-25T16:58:40.968+0000] {logging_mixin.py:190} INFO - [2026-09-25T16:58:40.967+0000] {dag.py:4180} INFO - Setting next_dagrun for consume_1_or_both_2_and_3_with_dataset_expressions to None, run_after=None
[2026-09-25T16:58:40.978+0000] {logging_mixin.py:190} INFO - [2026-09-25T16:58:40.977+0000] {dag.py:4180} INFO - Setting next_dagrun for dataset_consumes_1 to None, run_after=None
[2026-09-25T16:58:40.986+0000] {logging_mixin.py:190} INFO - [2026-09-25T16:58:40.986+0000] {dag.py:4180} INFO - Setting next_dagrun for dataset_consumes_1_and_2 to None, run_after=None
[2026-09-25T16:58:41.010+0000] {logging_mixin.py:190} INFO - [2026-09-25T16:58:41.010+0000] {dag.py:4180} INFO - Setting next_dagrun for dataset_consumes_1_never_scheduled to None, run_after=None
[2026-09-25T16:58:41.052+0000] {logging_mixin.py:190} INFO - [2026-09-25T16:58:41.051+0000] {dag.py:4180} INFO - Setting next_dagrun for dataset_consumes_unknown_never_scheduled to None, run_after=None
[2026-09-25T16:58:41.232+0000] {logging_mixin.py:190} INFO - [2026-09-25T16:58:41.232+0000] {dag.py:4180} INFO - Setting next_dagrun for dataset_produces_1 to 2026-09-24 00:00:00+00:00, run_after=2026-09-25 00:00:00+00:00
[2026-09-25T16:58:41.289+0000] {logging_mixin.py:190} INFO - [2026-09-25T16:58:41.289+0000] {dag.py:4180} INFO - Setting next_dagrun for dataset_produces_2 to None, run_after=None
[2026-09-25T16:58:42.545+0000] {processor.py:208} INFO - Processing /home/airflow/.local/lib/python3.12/site-packages/airflow/example_dags/example_datasets.py took 4.755 seconds
[2026-09-25T16:59:13.129+0000] {processor.py:186} INFO - Started process (PID=254) to work on /home/airflow/.local/lib/python3.12/site-packages/airflow/example_dags/example_datasets.py
[2026-09-25T16:59:13.131+0000] {processor.py:914} INFO - Processing file /home/airflow/.local/lib/python3.12/site-packages/airflow/example_dags/example_datasets.py for tasks to queue
[2026-09-25T16:59:13.140+0000] {logging_mixin.py:190} INFO - [2026-09-25T16:59:13.138+0000] {dagbag.py:588} INFO - Filling up the DagBag from /home/airflow/.local/lib/python3.12/site-packages/airflow/example_dags/example_datasets.py
[2026-09-25T16:59:17.365+0000] {processor.py:925} INFO - DAG(s) 'dataset_produces_1', 'consume_1_or_2_with_dataset_expressions', 'conditional_dataset_and_time_based_timetable', 'dataset_consumes_unknown_never_scheduled', 'dataset_produces_2', 'dataset_consumes_1', 'consume_1_or_both_2_and_3_with_dataset_expressions', 'dataset_consumes_1_never_scheduled', 'dataset_consumes_1_and_2', 'consume_1_and_2_with_dataset_expressions' retrieved from /home/airflow/.local/lib/python3.12/site-packages/airflow/example_dags/example_datasets.py
[2026-09-25T16:59:17.520+0000] {logging_mixin.py:190} INFO - [2026-09-25T16:59:17.520+0000] {dag.py:3239} INFO - Sync 10 DAGs
[2026-09-25T16:59:17.724+0000] {logging_mixin.py:190} INFO - [2026-09-25T16:59:17.724+0000] {dag.py:4180} INFO - Setting next_dagrun for conditional_dataset_and_time_based_timetable to 2026-09-23 01:00:00+00:00, run_after=2026-09-23 01:00:00+00:00
[2026-09-25T16:59:17.777+0000] {logging_mixin.py:190} INFO - [2026-09-25T16:59:17.776+0000] {dag.py:4180} INFO - Setting next_dagrun for consume_1_and_2_with_dataset_expressions to None, run_after=None
[2026-09-25T16:59:17.782+0000] {logging_mixin.py:190} INFO - [2026-09-25T16:59:17.782+0000] {dag.py:4180} INFO - Setting next_dagrun for consume_1_or_2_with_dataset_expressions to None, run_after=None
[2026-09-25T16:59:17.787+0000] {logging_mixin.py:190} INFO - [2026-09-25T16:59:17.787+0000] {dag.py:4180} INFO - Setting next_dagrun for consume_1_or_both_2_and_3_with_dataset_expressions to None, run_after=None
[2026-09-25T16:59:17.799+0000] {logging_mixin.py:190} INFO - [2026-09-25T16:59:17.798+0000] {dag.py:4180} INFO - Setting next_dagrun for dataset_consumes_1 to None, run_after=None
[2026-09-25T16:59:17.806+0000] {logging_mixin.py:190} INFO - [2026-09-25T16:59:17.806+0000] {dag.py:4180} INFO - Setting next_dagrun for dataset_consumes_1_and_2 to None, run_after=None
[2026-09-25T16:59:17.813+0000] {logging_mixin.py:190} INFO - [2026-09-25T16:59:17.813+0000] {dag.py:4180} INFO - Setting next_dagrun for dataset_consumes_1_never_scheduled to None, run_after=None
[2026-09-25T16:59:17.832+0000] {logging_mixin.py:190} INFO - [2026-09-25T16:59:17.831+0000] {dag.py:4180} INFO - Setting next_dagrun for dataset_consumes_unknown_never_scheduled to None, run_after=None
[2026-09-25T16:59:17.844+0000] {logging_mixin.py:190} INFO - [2026-09-25T16:59:17.844+0000] {dag.py:4180} INFO - Setting next_dagrun for dataset_produces_1 to 2026-09-24 00:00:00+00:00, run_after=2026-09-25 00:00:00+00:00
[2026-09-25T16:59:17.850+0000] {logging_mixin.py:190} INFO - [2026-09-25T16:59:17.849+0000] {dag.py:4180} INFO - Setting next_dagrun for dataset_produces_2 to None, run_after=None
[2026-09-25T16:59:17.959+0000] {processor.py:208} INFO - Processing /home/airflow/.local/lib/python3.12/site-packages/airflow/example_dags/example_datasets.py took 4.854 seconds
[2026-09-25T16:59:55.708+0000] {processor.py:186} INFO - Started process (PID=316) to work on /home/airflow/.local/lib/python3.12/site-packages/airflow/example_dags/example_datasets.py
[2026-09-25T16:59:55.714+0000] {processor.py:914} INFO - Processing file /home/airflow/.local/lib/python3.12/site-packages/airflow/example_dags/example_datasets.py for tasks to queue
[2026-09-25T16:59:55.722+0000] {logging_mixin.py:190} INFO - [2026-09-25T16:59:55.721+0000] {dagbag.py:588} INFO - Filling up the DagBag from /home/airflow/.local/lib/python3.12/site-packages/airflow/example_dags/example_datasets.py
[2026-09-25T16:59:56.827+0000] {processor.py:925} INFO - DAG(s) 'dataset_consumes_1', 'conditional_dataset_and_time_based_timetable', 'dataset_produces_2', 'dataset_consumes_1_and_2', 'dataset_produces_1', 'consume_1_and_2_with_dataset_expressions', 'consume_1_or_2_with_dataset_expressions', 'dataset_consumes_unknown_never_scheduled', 'consume_1_or_both_2_and_3_with_dataset_expressions', 'dataset_consumes_1_never_scheduled' retrieved from /home/airflow/.local/lib/python3.12/site-packages/airflow/example_dags/example_datasets.py
[2026-09-25T16:59:56.975+0000] {logging_mixin.py:190} INFO - [2026-09-25T16:59:56.974+0000] {dag.py:3239} INFO - Sync 10 DAGs
[2026-09-25T16:59:57.155+0000] {logging_mixin.py:190} INFO - [2026-09-25T16:59:57.154+0000] {dag.py:4180} INFO - Setting next_dagrun for conditional_dataset_and_time_based_timetable to 2026-09-23 01:00:00+00:00, run_after=2026-09-23 01:00:00+00:00
[2026-09-25T16:59:57.171+0000] {logging_mixin.py:190} INFO - [2026-09-25T16:59:57.169+0000] {dag.py:4180} INFO - Setting next_dagrun for consume_1_and_2_with_dataset_expressions to None, run_after=None
[2026-09-25T16:59:57.180+0000] {logging_mixin.py:190} INFO - [2026-09-25T16:59:57.179+0000] {dag.py:4180} INFO - Setting next_dagrun for consume_1_or_2_with_dataset_expressions to None, run_after=None
[2026-09-25T16:59:57.192+0000] {logging_mixin.py:190} INFO - [2026-09-25T16:59:57.190+0000] {dag.py:4180} INFO - Setting next_dagrun for consume_1_or_both_2_and_3_with_dataset_expressions to None, run_after=None
[2026-09-25T16:59:57.198+0000] {logging_mixin.py:190} INFO - [2026-09-25T16:59:57.197+0000] {dag.py:4180} INFO - Setting next_dagrun for dataset_consumes_1 to None, run_after=None
[2026-09-25T16:59:57.225+0000] {logging_mixin.py:190} INFO - [2026-09-25T16:59:57.224+0000] {dag.py:4180} INFO - Setting next_dagrun for dataset_consumes_1_and_2 to None, run_after=None
[2026-09-25T16:59:57.270+0000] {logging_mixin.py:190} INFO - [2026-09-25T16:59:57.259+0000] {dag.py:4180} INFO - Setting next_dagrun for dataset_consumes_1_never_scheduled to None, run_after=None
[2026-09-25T16:59:57.305+0000] {logging_mixin.py:190} INFO - [2026-09-25T16:59:57.304+0000] {dag.py:4180} INFO - Setting next_dagrun for dataset_consumes_unknown_never_scheduled to None, run_after=None
[2026-09-25T16:59:57.320+0000] {logging_mixin.py:190} INFO - [2026-09-25T16:59:57.318+0000] {dag.py:4180} INFO - Setting next_dagrun for dataset_produces_1 to 2026-09-24 00:00:00+00:00, run_after=2026-09-25 00:00:00+00:00
[2026-09-25T16:59:57.326+0000] {logging_mixin.py:190} INFO - [2026-09-25T16:59:57.325+0000] {dag.py:4180} INFO - Setting next_dagrun for dataset_produces_2 to None, run_after=None
[2026-09-25T16:59:57.479+0000] {processor.py:208} INFO - Processing /home/airflow/.local/lib/python3.12/site-packages/airflow/example_dags/example_datasets.py took 1.794 seconds
[2026-09-25T17:00:28.872+0000] {processor.py:186} INFO - Started process (PID=382) to work on /home/airflow/.local/lib/python3.12/site-packages/airflow/example_dags/example_datasets.py
[2026-09-25T17:00:28.874+0000] {processor.py:914} INFO - Processing file /home/airflow/.local/lib/python3.12/site-packages/airflow/example_dags/example_datasets.py for tasks to queue
[2026-09-25T17:00:28.879+0000] {logging_mixin.py:190} INFO - [2026-09-25T17:00:28.878+0000] {dagbag.py:588} INFO - Filling up the DagBag from /home/airflow/.local/lib/python3.12/site-packages/airflow/example_dags/example_datasets.py
[2026-09-25T17:00:31.557+0000] {processor.py:925} INFO - DAG(s) 'consume_1_and_2_with_dataset_expressions', 'dataset_consumes_unknown_never_scheduled', 'dataset_produces_1', 'consume_1_or_both_2_and_3_with_dataset_expressions', 'conditional_dataset_and_time_based_timetable', 'dataset_consumes_1_and_2', 'dataset_consumes_1', 'consume_1_or_2_with_dataset_expressions', 'dataset_produces_2', 'dataset_consumes_1_never_scheduled' retrieved from /home/airflow/.local/lib/python3.12/site-packages/airflow/example_dags/example_datasets.py
[2026-09-25T17:00:31.873+0000] {logging_mixin.py:190} INFO - [2026-09-25T17:00:31.872+0000] {dag.py:3239} INFO - Sync 10 DAGs
[2026-09-25T17:00:32.290+0000] {logging_mixin.py:190} INFO - [2026-09-25T17:00:32.279+0000] {dag.py:4180} INFO - Setting next_dagrun for conditional_dataset_and_time_based_timetable to 2026-09-23 01:00:00+00:00, run_after=2026-09-23 01:00:00+00:00
[2026-09-25T17:00:32.344+0000] {logging_mixin.py:190} INFO - [2026-09-25T17:00:32.343+0000] {dag.py:4180} INFO - Setting next_dagrun for consume_1_and_2_with_dataset_expressions to None, run_after=None
[2026-09-25T17:00:32.363+0000] {logging_mixin.py:190} INFO - [2026-09-25T17:00:32.362+0000] {dag.py:4180} INFO - Setting next_dagrun for consume_1_or_2_with_dataset_expressions to None, run_after=None
[2026-09-25T17:00:32.367+0000] {logging_mixin.py:190} INFO - [2026-09-25T17:00:32.366+0000] {dag.py:4180} INFO - Setting next_dagrun for consume_1_or_both_2_and_3_with_dataset_expressions to None, run_after=None
[2026-09-25T17:00:32.370+0000] {logging_mixin.py:190} INFO - [2026-09-25T17:00:32.370+0000] {dag.py:4180} INFO - Setting next_dagrun for dataset_consumes_1 to None, run_after=None
[2026-09-25T17:00:32.378+0000] {logging_mixin.py:190} INFO - [2026-09-25T17:00:32.377+0000] {dag.py:4180} INFO - Setting next_dagrun for dataset_consumes_1_and_2 to None, run_after=None
[2026-09-25T17:00:32.389+0000] {logging_mixin.py:190} INFO - [2026-09-25T17:00:32.386+0000] {dag.py:4180} INFO - Setting next_dagrun for dataset_consumes_1_never_scheduled to None, run_after=None
[2026-09-25T17:00:32.396+0000] {logging_mixin.py:190} INFO - [2026-09-25T17:00:32.395+0000] {dag.py:4180} INFO - Setting next_dagrun for dataset_consumes_unknown_never_scheduled to None, run_after=None
[2026-09-25T17:00:32.413+0000] {logging_mixin.py:190} INFO - [2026-09-25T17:00:32.413+0000] {dag.py:4180} INFO - Setting next_dagrun for dataset_produces_1 to 2026-09-24 00:00:00+00:00, run_after=2026-09-25 00:00:00+00:00
[2026-09-25T17:00:32.417+0000] {logging_mixin.py:190} INFO - [2026-09-25T17:00:32.416+0000] {dag.py:4180} INFO - Setting next_dagrun for dataset_produces_2 to None, run_after=None
[2026-09-25T17:00:32.500+0000] {processor.py:208} INFO - Processing /home/airflow/.local/lib/python3.12/site-packages/airflow/example_dags/example_datasets.py took 3.639 seconds
[2026-09-25T17:01:03.452+0000] {processor.py:186} INFO - Started process (PID=450) to work on /home/airflow/.local/lib/python3.12/site-packages/airflow/example_dags/example_datasets.py
[2026-09-25T17:01:03.462+0000] {processor.py:914} INFO - Processing file /home/airflow/.local/lib/python3.12/site-packages/airflow/example_dags/example_datasets.py for tasks to queue
[2026-09-25T17:01:03.469+0000] {logging_mixin.py:190} INFO - [2026-09-25T17:01:03.469+0000] {dagbag.py:588} INFO - Filling up the DagBag from /home/airflow/.local/lib/python3.12/site-packages/airflow/example_dags/example_datasets.py
[2026-09-25T17:01:06.290+0000] {processor.py:925} INFO - DAG(s) 'dataset_consumes_1_and_2', 'dataset_consumes_unknown_never_scheduled', 'consume_1_or_2_with_dataset_expressions', 'consume_1_and_2_with_dataset_expressions', 'dataset_consumes_1_never_scheduled', 'consume_1_or_both_2_and_3_with_dataset_expressions', 'dataset_produces_2', 'dataset_consumes_1', 'conditional_dataset_and_time_based_timetable', 'dataset_produces_1' retrieved from /home/airflow/.local/lib/python3.12/site-packages/airflow/example_dags/example_datasets.py
[2026-09-25T17:01:06.397+0000] {logging_mixin.py:190} INFO - [2026-09-25T17:01:06.397+0000] {dag.py:3239} INFO - Sync 10 DAGs
[2026-09-25T17:01:06.443+0000] {logging_mixin.py:190} INFO - [2026-09-25T17:01:06.442+0000] {dag.py:4180} INFO - Setting next_dagrun for conditional_dataset_and_time_based_timetable to 2026-09-23 01:00:00+00:00, run_after=2026-09-23 01:00:00+00:00
[2026-09-25T17:01:06.463+0000] {logging_mixin.py:190} INFO - [2026-09-25T17:01:06.462+0000] {dag.py:4180} INFO - Setting next_dagrun for consume_1_and_2_with_dataset_expressions to None, run_after=None
[2026-09-25T17:01:06.467+0000] {logging_mixin.py:190} INFO - [2026-09-25T17:01:06.467+0000] {dag.py:4180} INFO - Setting next_dagrun for consume_1_or_2_with_dataset_expressions to None, run_after=None
[2026-09-25T17:01:06.471+0000] {logging_mixin.py:190} INFO - [2026-09-25T17:01:06.471+0000] {dag.py:4180} INFO - Setting next_dagrun for consume_1_or_both_2_and_3_with_dataset_expressions to None, run_after=None
[2026-09-25T17:01:06.474+0000] {logging_mixin.py:190} INFO - [2026-09-25T17:01:06.474+0000] {dag.py:4180} INFO - Setting next_dagrun for dataset_consumes_1 to None, run_after=None
[2026-09-25T17:01:06.478+0000] {logging_mixin.py:190} INFO - [2026-09-25T17:01:06.477+0000] {dag.py:4180} INFO - Setting next_dagrun for dataset_consumes_1_and_2 to None, run_after=None
[2026-09-25T17:01:06.480+0000] {logging_mixin.py:190} INFO - [2026-09-25T17:01:06.480+0000] {dag.py:4180} INFO - Setting next_dagrun for dataset_consumes_1_never_scheduled to None, run_after=None
[2026-09-25T17:01:06.483+0000] {logging_mixin.py:190} INFO - [2026-09-25T17:01:06.483+0000] {dag.py:4180} INFO - Setting next_dagrun for dataset_consumes_unknown_never_scheduled to None, run_after=None
[2026-09-25T17:01:06.489+0000] {logging_mixin.py:190} INFO - [2026-09-25T17:01:06.488+0000] {dag.py:4180} INFO - Setting next_dagrun for dataset_produces_1 to 2026-09-24 00:00:00+00:00, run_after=2026-09-25 00:00:00+00:00
[2026-09-25T17:01:06.492+0000] {logging_mixin.py:190} INFO - [2026-09-25T17:01:06.491+0000] {dag.py:4180} INFO - Setting next_dagrun for dataset_produces_2 to None, run_after=None
[2026-09-25T17:01:06.586+0000] {processor.py:208} INFO - Processing /home/airflow/.local/lib/python3.12/site-packages/airflow/example_dags/example_datasets.py took 3.156 seconds
[2026-09-25T17:01:36.952+0000] {processor.py:186} INFO - Started process (PID=513) to work on /home/airflow/.local/lib/python3.12/site-packages/airflow/example_dags/example_datasets.py
[2026-09-25T17:01:36.956+0000] {processor.py:914} INFO - Processing file /home/airflow/.local/lib/python3.12/site-packages/airflow/example_dags/example_datasets.py for tasks to queue
[2026-09-25T17:01:36.962+0000] {logging_mixin.py:190} INFO - [2026-09-25T17:01:36.961+0000] {dagbag.py:588} INFO - Filling up the DagBag from /home/airflow/.local/lib/python3.12/site-packages/airflow/example_dags/example_datasets.py
[2026-09-25T17:01:39.532+0000] {processor.py:925} INFO - DAG(s) 'consume_1_and_2_with_dataset_expressions', 'dataset_produces_2', 'consume_1_or_2_with_dataset_expressions', 'dataset_consumes_1_never_scheduled', 'conditional_dataset_and_time_based_timetable', 'consume_1_or_both_2_and_3_with_dataset_expressions', 'dataset_consumes_1', 'dataset_consumes_unknown_never_scheduled', 'dataset_produces_1', 'dataset_consumes_1_and_2' retrieved from /home/airflow/.local/lib/python3.12/site-packages/airflow/example_dags/example_datasets.py
[2026-09-25T17:01:39.646+0000] {logging_mixin.py:190} INFO - [2026-09-25T17:01:39.645+0000] {dag.py:3239} INFO - Sync 10 DAGs
[2026-09-25T17:01:39.715+0000] {logging_mixin.py:190} INFO - [2026-09-25T17:01:39.714+0000] {dag.py:4180} INFO - Setting next_dagrun for conditional_dataset_and_time_based_timetable to 2026-09-23 01:00:00+00:00, run_after=2026-09-23 01:00:00+00:00
[2026-09-25T17:01:39.729+0000] {logging_mixin.py:190} INFO - [2026-09-25T17:01:39.729+0000] {dag.py:4180} INFO - Setting next_dagrun for consume_1_and_2_with_dataset_expressions to None, run_after=None
[2026-09-25T17:01:39.733+0000] {logging_mixin.py:190} INFO - [2026-09-25T17:01:39.733+0000] {dag.py:4180} INFO - Setting next_dagrun for consume_1_or_2_with_dataset_expressions to None, run_after=None
[2026-09-25T17:01:39.737+0000] {logging_mixin.py:190} INFO - [2026-09-25T17:01:39.737+0000] {dag.py:4180} INFO - Setting next_dagrun for consume_1_or_both_2_and_3_with_dataset_expressions to None, run_after=None
[2026-09-25T17:01:39.741+0000] {logging_mixin.py:190} INFO - [2026-09-25T17:01:39.741+0000] {dag.py:4180} INFO - Setting next_dagrun for dataset_consumes_1 to None, run_after=None
[2026-09-25T17:01:39.752+0000] {logging_mixin.py:190} INFO - [2026-09-25T17:01:39.752+0000] {dag.py:4180} INFO - Setting next_dagrun for dataset_consumes_1_and_2 to None, run_after=None
[2026-09-25T17:01:39.756+0000] {logging_mixin.py:190} INFO - [2026-09-25T17:01:39.755+0000] {dag.py:4180} INFO - Setting next_dagrun for dataset_consumes_1_never_scheduled to None, run_after=None
[2026-09-25T17:01:39.759+0000] {logging_mixin.py:190} INFO - [2026-09-25T17:01:39.758+0000] {dag.py:4180} INFO - Setting next_dagrun for dataset_consumes_unknown_never_scheduled to None, run_after=None
[2026-09-25T17:01:39.764+0000] {logging_mixin.py:190} INFO - [2026-09-25T17:01:39.764+0000] {dag.py:4180} INFO - Setting next_dagrun for dataset_produces_1 to 2026-09-24 00:00:00+00:00, run_after=2026-09-25 00:00:00+00:00
[2026-09-25T17:01:39.768+0000] {logging_mixin.py:190} INFO - [2026-09-25T17:01:39.767+0000] {dag.py:4180} INFO - Setting next_dagrun for dataset_produces_2 to None, run_after=None
[2026-09-25T17:01:39.881+0000] {processor.py:208} INFO - Processing /home/airflow/.local/lib/python3.12/site-packages/airflow/example_dags/example_datasets.py took 2.944 seconds
[2026-09-25T17:02:23.237+0000] {processor.py:186} INFO - Started process (PID=582) to work on /home/airflow/.local/lib/python3.12/site-packages/airflow/example_dags/example_datasets.py
[2026-09-25T17:02:23.240+0000] {processor.py:914} INFO - Processing file /home/airflow/.local/lib/python3.12/site-packages/airflow/example_dags/example_datasets.py for tasks to queue
[2026-09-25T17:02:23.263+0000] {logging_mixin.py:190} INFO - [2026-09-25T17:02:23.262+0000] {dagbag.py:588} INFO - Filling up the DagBag from /home/airflow/.local/lib/python3.12/site-packages/airflow/example_dags/example_datasets.py
[2026-09-25T17:02:28.947+0000] {processor.py:925} INFO - DAG(s) 'conditional_dataset_and_time_based_timetable', 'dataset_produces_1', 'dataset_consumes_1', 'dataset_consumes_1_and_2', 'consume_1_or_both_2_and_3_with_dataset_expressions', 'consume_1_and_2_with_dataset_expressions', 'dataset_consumes_1_never_scheduled', 'dataset_consumes_unknown_never_scheduled', 'dataset_produces_2', 'consume_1_or_2_with_dataset_expressions' retrieved from /home/airflow/.local/lib/python3.12/site-packages/airflow/example_dags/example_datasets.py
[2026-09-25T17:02:29.179+0000] {logging_mixin.py:190} INFO - [2026-09-25T17:02:29.178+0000] {dag.py:3239} INFO - Sync 10 DAGs
[2026-09-25T17:02:29.328+0000] {logging_mixin.py:190} INFO - [2026-09-25T17:02:29.328+0000] {dag.py:4180} INFO - Setting next_dagrun for conditional_dataset_and_time_based_timetable to 2026-09-23 01:00:00+00:00, run_after=2026-09-23 01:00:00+00:00
[2026-09-25T17:02:29.367+0000] {logging_mixin.py:190} INFO - [2026-09-25T17:02:29.367+0000] {dag.py:4180} INFO - Setting next_dagrun for consume_1_and_2_with_dataset_expressions to None, run_after=None
[2026-09-25T17:02:29.381+0000] {logging_mixin.py:190} INFO - [2026-09-25T17:02:29.378+0000] {dag.py:4180} INFO - Setting next_dagrun for consume_1_or_2_with_dataset_expressions to None, run_after=None
[2026-09-25T17:02:29.426+0000] {logging_mixin.py:190} INFO - [2026-09-25T17:02:29.425+0000] {dag.py:4180} INFO - Setting next_dagrun for consume_1_or_both_2_and_3_with_dataset_expressions to None, run_after=None
[2026-09-25T17:02:29.436+0000] {logging_mixin.py:190} INFO - [2026-09-25T17:02:29.435+0000] {dag.py:4180} INFO - Setting next_dagrun for dataset_consumes_1 to None, run_after=None
[2026-09-25T17:02:29.480+0000] {logging_mixin.py:190} INFO - [2026-09-25T17:02:29.479+0000] {dag.py:4180} INFO - Setting next_dagrun for dataset_consumes_1_and_2 to None, run_after=None
[2026-09-25T17:02:29.524+0000] {logging_mixin.py:190} INFO - [2026-09-25T17:02:29.523+0000] {dag.py:4180} INFO - Setting next_dagrun for dataset_consumes_1_never_scheduled to None, run_after=None
[2026-09-25T17:02:29.543+0000] {logging_mixin.py:190} INFO - [2026-09-25T17:02:29.541+0000] {dag.py:4180} INFO - Setting next_dagrun for dataset_consumes_unknown_never_scheduled to None, run_after=None
[2026-09-25T17:02:29.560+0000] {logging_mixin.py:190} INFO - [2026-09-25T17:02:29.560+0000] {dag.py:4180} INFO - Setting next_dagrun for dataset_produces_1 to 2026-09-24 00:00:00+00:00, run_after=2026-09-25 00:00:00+00:00
[2026-09-25T17:02:29.576+0000] {logging_mixin.py:190} INFO - [2026-09-25T17:02:29.576+0000] {dag.py:4180} INFO - Setting next_dagrun for dataset_produces_2 to None, run_after=None
[2026-09-25T17:02:29.751+0000] {processor.py:208} INFO - Processing /home/airflow/.local/lib/python3.12/site-packages/airflow/example_dags/example_datasets.py took 6.540 seconds
[2026-09-25T17:03:00.138+0000] {processor.py:186} INFO - Started process (PID=647) to work on /home/airflow/.local/lib/python3.12/site-packages/airflow/example_dags/example_datasets.py
[2026-09-25T17:03:00.140+0000] {processor.py:914} INFO - Processing file /home/airflow/.local/lib/python3.12/site-packages/airflow/example_dags/example_datasets.py for tasks to queue
[2026-09-25T17:03:00.145+0000] {logging_mixin.py:190} INFO - [2026-09-25T17:03:00.144+0000] {dagbag.py:588} INFO - Filling up the DagBag from /home/airflow/.local/lib/python3.12/site-packages/airflow/example_dags/example_datasets.py
[2026-09-25T17:03:00.977+0000] {processor.py:925} INFO - DAG(s) 'dataset_consumes_unknown_never_scheduled', 'conditional_dataset_and_time_based_timetable', 'dataset_consumes_1_never_scheduled', 'dataset_produces_1', 'dataset_produces_2', 'consume_1_and_2_with_dataset_expressions', 'consume_1_or_both_2_and_3_with_dataset_expressions', 'consume_1_or_2_with_dataset_expressions', 'dataset_consumes_1_and_2', 'dataset_consumes_1' retrieved from /home/airflow/.local/lib/python3.12/site-packages/airflow/example_dags/example_datasets.py
[2026-09-25T17:03:01.065+0000] {logging_mixin.py:190} INFO - [2026-09-25T17:03:01.064+0000] {dag.py:3239} INFO - Sync 10 DAGs
[2026-09-25T17:03:01.105+0000] {logging_mixin.py:190} INFO - [2026-09-25T17:03:01.105+0000] {dag.py:4180} INFO - Setting next_dagrun for conditional_dataset_and_time_based_timetable to 2026-09-23 01:00:00+00:00, run_after=2026-09-23 01:00:00+00:00
[2026-09-25T17:03:01.112+0000] {logging_mixin.py:190} INFO - [2026-09-25T17:03:01.111+0000] {dag.py:4180} INFO - Setting next_dagrun for consume_1_and_2_with_dataset_expressions to None, run_after=None
[2026-09-25T17:03:01.116+0000] {logging_mixin.py:190} INFO - [2026-09-25T17:03:01.115+0000] {dag.py:4180} INFO - Setting next_dagrun for consume_1_or_2_with_dataset_expressions to None, run_after=None
[2026-09-25T17:03:01.120+0000] {logging_mixin.py:190} INFO - [2026-09-25T17:03:01.119+0000] {dag.py:4180} INFO - Setting next_dagrun for consume_1_or_both_2_and_3_with_dataset_expressions to None, run_after=None
[2026-09-25T17:03:01.123+0000] {logging_mixin.py:190} INFO - [2026-09-25T17:03:01.123+0000] {dag.py:4180} INFO - Setting next_dagrun for dataset_consumes_1 to None, run_after=None
[2026-09-25T17:03:01.129+0000] {logging_mixin.py:190} INFO - [2026-09-25T17:03:01.128+0000] {dag.py:4180} INFO - Setting next_dagrun for dataset_consumes_1_and_2 to None, run_after=None
[2026-09-25T17:03:01.132+0000] {logging_mixin.py:190} INFO - [2026-09-25T17:03:01.132+0000] {dag.py:4180} INFO - Setting next_dagrun for dataset_consumes_1_never_scheduled to None, run_after=None
[2026-09-25T17:03:01.135+0000] {logging_mixin.py:190} INFO - [2026-09-25T17:03:01.135+0000] {dag.py:4180} INFO - Setting next_dagrun for dataset_consumes_unknown_never_scheduled to None, run_after=None
[2026-09-25T17:03:01.141+0000] {logging_mixin.py:190} INFO - [2026-09-25T17:03:01.141+0000] {dag.py:4180} INFO - Setting next_dagrun for dataset_produces_1 to 2026-09-24 00:00:00+00:00, run_after=2026-09-25 00:00:00+00:00
[2026-09-25T17:03:01.146+0000] {logging_mixin.py:190} INFO - [2026-09-25T17:03:01.146+0000] {dag.py:4180} INFO - Setting next_dagrun for dataset_produces_2 to None, run_after=None
[2026-09-25T17:03:01.214+0000] {processor.py:208} INFO - Processing /home/airflow/.local/lib/python3.12/site-packages/airflow/example_dags/example_datasets.py took 1.086 seconds
[2026-09-25T17:03:32.082+0000] {processor.py:186} INFO - Started process (PID=710) to work on /home/airflow/.local/lib/python3.12/site-packages/airflow/example_dags/example_datasets.py
[2026-09-25T17:03:32.093+0000] {processor.py:914} INFO - Processing file /home/airflow/.local/lib/python3.12/site-packages/airflow/example_dags/example_datasets.py for tasks to queue
[2026-09-25T17:03:32.100+0000] {logging_mixin.py:190} INFO - [2026-09-25T17:03:32.098+0000] {dagbag.py:588} INFO - Filling up the DagBag from /home/airflow/.local/lib/python3.12/site-packages/airflow/example_dags/example_datasets.py
[2026-09-25T17:03:33.817+0000] {processor.py:925} INFO - DAG(s) 'dataset_produces_2', 'dataset_consumes_unknown_never_scheduled', 'dataset_produces_1', 'dataset_consumes_1_and_2', 'consume_1_and_2_with_dataset_expressions', 'dataset_consumes_1_never_scheduled', 'consume_1_or_2_with_dataset_expressions', 'conditional_dataset_and_time_based_timetable', 'dataset_consumes_1', 'consume_1_or_both_2_and_3_with_dataset_expressions' retrieved from /home/airflow/.local/lib/python3.12/site-packages/airflow/example_dags/example_datasets.py
[2026-09-25T17:03:33.903+0000] {logging_mixin.py:190} INFO - [2026-09-25T17:03:33.902+0000] {dag.py:3239} INFO - Sync 10 DAGs
[2026-09-25T17:03:33.949+0000] {logging_mixin.py:190} INFO - [2026-09-25T17:03:33.949+0000] {dag.py:4180} INFO - Setting next_dagrun for conditional_dataset_and_time_based_timetable to 2026-09-23 01:00:00+00:00, run_after=2026-09-23 01:00:00+00:00
[2026-09-25T17:03:33.957+0000] {logging_mixin.py:190} INFO - [2026-09-25T17:03:33.956+0000] {dag.py:4180} INFO - Setting next_dagrun for consume_1_and_2_with_dataset_expressions to None, run_after=None
[2026-09-25T17:03:33.960+0000] {logging_mixin.py:190} INFO - [2026-09-25T17:03:33.960+0000] {dag.py:4180} INFO - Setting next_dagrun for consume_1_or_2_with_dataset_expressions to None, run_after=None
[2026-09-25T17:03:33.963+0000] {logging_mixin.py:190} INFO - [2026-09-25T17:03:33.963+0000] {dag.py:4180} INFO - Setting next_dagrun for consume_1_or_both_2_and_3_with_dataset_expressions to None, run_after=None
[2026-09-25T17:03:33.966+0000] {logging_mixin.py:190} INFO - [2026-09-25T17:03:33.966+0000] {dag.py:4180} INFO - Setting next_dagrun for dataset_consumes_1 to None, run_after=None
[2026-09-25T17:03:33.970+0000] {logging_mixin.py:190} INFO - [2026-09-25T17:03:33.969+0000] {dag.py:4180} INFO - Setting next_dagrun for dataset_consumes_1_and_2 to None, run_after=None
[2026-09-25T17:03:33.973+0000] {logging_mixin.py:190} INFO - [2026-09-25T17:03:33.972+0000] {dag.py:4180} INFO - Setting next_dagrun for dataset_consumes_1_never_scheduled to None, run_after=None
[2026-09-25T17:03:33.977+0000] {logging_mixin.py:190} INFO - [2026-09-25T17:03:33.976+0000] {dag.py:4180} INFO - Setting next_dagrun for dataset_consumes_unknown_never_scheduled to None, run_after=None
[2026-09-25T17:03:33.982+0000] {logging_mixin.py:190} INFO - [2026-09-25T17:03:33.981+0000] {dag.py:4180} INFO - Setting next_dagrun for dataset_produces_1 to 2026-09-24 00:00:00+00:00, run_after=2026-09-25 00:00:00+00:00
[2026-09-25T17:03:33.985+0000] {logging_mixin.py:190} INFO - [2026-09-25T17:03:33.985+0000] {dag.py:4180} INFO - Setting next_dagrun for dataset_produces_2 to None, run_after=None
[2026-09-25T17:03:34.067+0000] {processor.py:208} INFO - Processing /home/airflow/.local/lib/python3.12/site-packages/airflow/example_dags/example_datasets.py took 2.011 seconds
[2026-09-25T17:04:07.448+0000] {processor.py:186} INFO - Started process (PID=787) to work on /home/airflow/.local/lib/python3.12/site-packages/airflow/example_dags/example_datasets.py
[2026-09-25T17:04:07.451+0000] {processor.py:914} INFO - Processing file /home/airflow/.local/lib/python3.12/site-packages/airflow/example_dags/example_datasets.py for tasks to queue
[2026-09-25T17:04:07.457+0000] {logging_mixin.py:190} INFO - [2026-09-25T17:04:07.456+0000] {dagbag.py:588} INFO - Filling up the DagBag from /home/airflow/.local/lib/python3.12/site-packages/airflow/example_dags/example_datasets.py
[2026-09-25T17:04:09.293+0000] {processor.py:925} INFO - DAG(s) 'dataset_consumes_1_and_2', 'consume_1_or_2_with_dataset_expressions', 'consume_1_or_both_2_and_3_with_dataset_expressions', 'dataset_consumes_1_never_scheduled', 'consume_1_and_2_with_dataset_expressions', 'conditional_dataset_and_time_based_timetable', 'dataset_produces_2', 'dataset_consumes_unknown_never_scheduled', 'dataset_produces_1', 'dataset_consumes_1' retrieved from /home/airflow/.local/lib/python3.12/site-packages/airflow/example_dags/example_datasets.py
[2026-09-25T17:04:09.457+0000] {logging_mixin.py:190} INFO - [2026-09-25T17:04:09.457+0000] {dag.py:3239} INFO - Sync 10 DAGs
[2026-09-25T17:04:09.668+0000] {logging_mixin.py:190} INFO - [2026-09-25T17:04:09.667+0000] {dag.py:4180} INFO - Setting next_dagrun for conditional_dataset_and_time_based_timetable to 2026-09-23 01:00:00+00:00, run_after=2026-09-23 01:00:00+00:00
[2026-09-25T17:04:09.679+0000] {logging_mixin.py:190} INFO - [2026-09-25T17:04:09.679+0000] {dag.py:4180} INFO - Setting next_dagrun for consume_1_and_2_with_dataset_expressions to None, run_after=None
[2026-09-25T17:04:09.692+0000] {logging_mixin.py:190} INFO - [2026-09-25T17:04:09.691+0000] {dag.py:4180} INFO - Setting next_dagrun for consume_1_or_2_with_dataset_expressions to None, run_after=None
[2026-09-25T17:04:09.696+0000] {logging_mixin.py:190} INFO - [2026-09-25T17:04:09.695+0000] {dag.py:4180} INFO - Setting next_dagrun for consume_1_or_both_2_and_3_with_dataset_expressions to None, run_after=None
[2026-09-25T17:04:09.701+0000] {logging_mixin.py:190} INFO - [2026-09-25T17:04:09.700+0000] {dag.py:4180} INFO - Setting next_dagrun for dataset_consumes_1 to None, run_after=None
[2026-09-25T17:04:09.711+0000] {logging_mixin.py:190} INFO - [2026-09-25T17:04:09.711+0000] {dag.py:4180} INFO - Setting next_dagrun for dataset_consumes_1_and_2 to None, run_after=None
[2026-09-25T17:04:09.717+0000] {logging_mixin.py:190} INFO - [2026-09-25T17:04:09.716+0000] {dag.py:4180} INFO - Setting next_dagrun for dataset_consumes_1_never_scheduled to None, run_after=None
[2026-09-25T17:04:09.724+0000] {logging_mixin.py:190} INFO - [2026-09-25T17:04:09.724+0000] {dag.py:4180} INFO - Setting next_dagrun for dataset_consumes_unknown_never_scheduled to None, run_after=None
[2026-09-25T17:04:09.734+0000] {logging_mixin.py:190} INFO - [2026-09-25T17:04:09.734+0000] {dag.py:4180} INFO - Setting next_dagrun for dataset_produces_1 to 2026-09-24 00:00:00+00:00, run_after=2026-09-25 00:00:00+00:00
[2026-09-25T17:04:09.738+0000] {logging_mixin.py:190} INFO - [2026-09-25T17:04:09.738+0000] {dag.py:4180} INFO - Setting next_dagrun for dataset_produces_2 to None, run_after=None
[2026-09-25T17:04:09.835+0000] {processor.py:208} INFO - Processing /home/airflow/.local/lib/python3.12/site-packages/airflow/example_dags/example_datasets.py took 2.404 seconds
[2026-09-25T17:04:40.201+0000] {processor.py:186} INFO - Started process (PID=849) to work on /home/airflow/.local/lib/python3.12/site-packages/airflow/example_dags/example_datasets.py
[2026-09-25T17:04:40.207+0000] {processor.py:914} INFO - Processing file /home/airflow/.local/lib/python3.12/site-packages/airflow/example_dags/example_datasets.py for tasks to queue
[2026-09-25T17:04:40.224+0000] {logging_mixin.py:190} INFO - [2026-09-25T17:04:40.218+0000] {dagbag.py:588} INFO - Filling up the DagBag from /home/airflow/.local/lib/python3.12/site-packages/airflow/example_dags/example_datasets.py
[2026-09-25T17:04:50.128+0000] {processor.py:925} INFO - DAG(s) 'consume_1_and_2_with_dataset_expressions', 'conditional_dataset_and_time_based_timetable', 'consume_1_or_both_2_and_3_with_dataset_expressions', 'consume_1_or_2_with_dataset_expressions', 'dataset_consumes_1_never_scheduled', 'dataset_consumes_1_and_2', 'dataset_consumes_unknown_never_scheduled', 'dataset_produces_1', 'dataset_produces_2', 'dataset_consumes_1' retrieved from /home/airflow/.local/lib/python3.12/site-packages/airflow/example_dags/example_datasets.py
[2026-09-25T17:04:50.277+0000] {logging_mixin.py:190} INFO - [2026-09-25T17:04:50.277+0000] {dag.py:3239} INFO - Sync 10 DAGs
[2026-09-25T17:04:50.397+0000] {logging_mixin.py:190} INFO - [2026-09-25T17:04:50.391+0000] {dag.py:4180} INFO - Setting next_dagrun for conditional_dataset_and_time_based_timetable to 2026-09-23 01:00:00+00:00, run_after=2026-09-23 01:00:00+00:00
[2026-09-25T17:04:50.423+0000] {logging_mixin.py:190} INFO - [2026-09-25T17:04:50.422+0000] {dag.py:4180} INFO - Setting next_dagrun for consume_1_and_2_with_dataset_expressions to None, run_after=None
[2026-09-25T17:04:50.435+0000] {logging_mixin.py:190} INFO - [2026-09-25T17:04:50.435+0000] {dag.py:4180} INFO - Setting next_dagrun for consume_1_or_2_with_dataset_expressions to None, run_after=None
[2026-09-25T17:04:50.441+0000] {logging_mixin.py:190} INFO - [2026-09-25T17:04:50.441+0000] {dag.py:4180} INFO - Setting next_dagrun for consume_1_or_both_2_and_3_with_dataset_expressions to None, run_after=None
[2026-09-25T17:04:50.505+0000] {logging_mixin.py:190} INFO - [2026-09-25T17:04:50.504+0000] {dag.py:4180} INFO - Setting next_dagrun for dataset_consumes_1 to None, run_after=None
[2026-09-25T17:04:50.514+0000] {logging_mixin.py:190} INFO - [2026-09-25T17:04:50.514+0000] {dag.py:4180} INFO - Setting next_dagrun for dataset_consumes_1_and_2 to None, run_after=None
[2026-09-25T17:04:50.530+0000] {logging_mixin.py:190} INFO - [2026-09-25T17:04:50.530+0000] {dag.py:4180} INFO - Setting next_dagrun for dataset_consumes_1_never_scheduled to None, run_after=None
[2026-09-25T17:04:50.548+0000] {logging_mixin.py:190} INFO - [2026-09-25T17:04:50.548+0000] {dag.py:4180} INFO - Setting next_dagrun for dataset_consumes_unknown_never_scheduled to None, run_after=None
[2026-09-25T17:04:50.575+0000] {logging_mixin.py:190} INFO - [2026-09-25T17:04:50.574+0000] {dag.py:4180} INFO - Setting next_dagrun for dataset_produces_1 to 2026-09-24 00:00:00+00:00, run_after=2026-09-25 00:00:00+00:00
[2026-09-25T17:04:50.599+0000] {logging_mixin.py:190} INFO - [2026-09-25T17:04:50.598+0000] {dag.py:4180} INFO - Setting next_dagrun for dataset_produces_2 to None, run_after=None
[2026-09-25T17:04:51.635+0000] {processor.py:208} INFO - Processing /home/airflow/.local/lib/python3.12/site-packages/airflow/example_dags/example_datasets.py took 11.476 seconds
[2026-09-25T17:05:21.862+0000] {processor.py:186} INFO - Started process (PID=911) to work on /home/airflow/.local/lib/python3.12/site-packages/airflow/example_dags/example_datasets.py
[2026-09-25T17:05:21.865+0000] {processor.py:914} INFO - Processing file /home/airflow/.local/lib/python3.12/site-packages/airflow/example_dags/example_datasets.py for tasks to queue
[2026-09-25T17:05:21.875+0000] {logging_mixin.py:190} INFO - [2026-09-25T17:05:21.874+0000] {dagbag.py:588} INFO - Filling up the DagBag from /home/airflow/.local/lib/python3.12/site-packages/airflow/example_dags/example_datasets.py
[2026-09-25T17:05:25.937+0000] {processor.py:925} INFO - DAG(s) 'dataset_consumes_1', 'dataset_consumes_1_and_2', 'consume_1_and_2_with_dataset_expressions', 'conditional_dataset_and_time_based_timetable', 'dataset_consumes_unknown_never_scheduled', 'consume_1_or_2_with_dataset_expressions', 'consume_1_or_both_2_and_3_with_dataset_expressions', 'dataset_consumes_1_never_scheduled', 'dataset_produces_2', 'dataset_produces_1' retrieved from /home/airflow/.local/lib/python3.12/site-packages/airflow/example_dags/example_datasets.py
[2026-09-25T17:05:26.327+0000] {logging_mixin.py:190} INFO - [2026-09-25T17:05:26.326+0000] {dag.py:3239} INFO - Sync 10 DAGs
[2026-09-25T17:05:26.423+0000] {logging_mixin.py:190} INFO - [2026-09-25T17:05:26.423+0000] {dag.py:4180} INFO - Setting next_dagrun for conditional_dataset_and_time_based_timetable to 2026-09-23 01:00:00+00:00, run_after=2026-09-23 01:00:00+00:00
[2026-09-25T17:05:26.437+0000] {logging_mixin.py:190} INFO - [2026-09-25T17:05:26.433+0000] {dag.py:4180} INFO - Setting next_dagrun for consume_1_and_2_with_dataset_expressions to None, run_after=None
[2026-09-25T17:05:26.445+0000] {logging_mixin.py:190} INFO - [2026-09-25T17:05:26.444+0000] {dag.py:4180} INFO - Setting next_dagrun for consume_1_or_2_with_dataset_expressions to None, run_after=None
[2026-09-25T17:05:26.449+0000] {logging_mixin.py:190} INFO - [2026-09-25T17:05:26.448+0000] {dag.py:4180} INFO - Setting next_dagrun for consume_1_or_both_2_and_3_with_dataset_expressions to None, run_after=None
[2026-09-25T17:05:26.460+0000] {logging_mixin.py:190} INFO - [2026-09-25T17:05:26.459+0000] {dag.py:4180} INFO - Setting next_dagrun for dataset_consumes_1 to None, run_after=None
[2026-09-25T17:05:26.464+0000] {logging_mixin.py:190} INFO - [2026-09-25T17:05:26.463+0000] {dag.py:4180} INFO - Setting next_dagrun for dataset_consumes_1_and_2 to None, run_after=None
[2026-09-25T17:05:26.472+0000] {logging_mixin.py:190} INFO - [2026-09-25T17:05:26.472+0000] {dag.py:4180} INFO - Setting next_dagrun for dataset_consumes_1_never_scheduled to None, run_after=None
[2026-09-25T17:05:26.477+0000] {logging_mixin.py:190} INFO - [2026-09-25T17:05:26.477+0000] {dag.py:4180} INFO - Setting next_dagrun for dataset_consumes_unknown_never_scheduled to None, run_after=None
[2026-09-25T17:05:26.486+0000] {logging_mixin.py:190} INFO - [2026-09-25T17:05:26.486+0000] {dag.py:4180} INFO - Setting next_dagrun for dataset_produces_1 to 2026-09-24 00:00:00+00:00, run_after=2026-09-25 00:00:00+00:00
[2026-09-25T17:05:26.491+0000] {logging_mixin.py:190} INFO - [2026-09-25T17:05:26.490+0000] {dag.py:4180} INFO - Setting next_dagrun for dataset_produces_2 to None, run_after=None
[2026-09-25T17:05:26.616+0000] {processor.py:208} INFO - Processing /home/airflow/.local/lib/python3.12/site-packages/airflow/example_dags/example_datasets.py took 4.779 seconds
[2026-09-25T17:05:57.589+0000] {processor.py:186} INFO - Started process (PID=975) to work on /home/airflow/.local/lib/python3.12/site-packages/airflow/example_dags/example_datasets.py
[2026-09-25T17:05:57.591+0000] {processor.py:914} INFO - Processing file /home/airflow/.local/lib/python3.12/site-packages/airflow/example_dags/example_datasets.py for tasks to queue
[2026-09-25T17:05:57.598+0000] {logging_mixin.py:190} INFO - [2026-09-25T17:05:57.597+0000] {dagbag.py:588} INFO - Filling up the DagBag from /home/airflow/.local/lib/python3.12/site-packages/airflow/example_dags/example_datasets.py
[2026-09-25T17:05:59.557+0000] {processor.py:925} INFO - DAG(s) 'dataset_consumes_1_and_2', 'dataset_consumes_1', 'dataset_consumes_1_never_scheduled', 'dataset_consumes_unknown_never_scheduled', 'conditional_dataset_and_time_based_timetable', 'dataset_produces_2', 'consume_1_or_both_2_and_3_with_dataset_expressions', 'consume_1_or_2_with_dataset_expressions', 'dataset_produces_1', 'consume_1_and_2_with_dataset_expressions' retrieved from /home/airflow/.local/lib/python3.12/site-packages/airflow/example_dags/example_datasets.py
[2026-09-25T17:05:59.759+0000] {logging_mixin.py:190} INFO - [2026-09-25T17:05:59.759+0000] {dag.py:3239} INFO - Sync 10 DAGs
[2026-09-25T17:05:59.839+0000] {logging_mixin.py:190} INFO - [2026-09-25T17:05:59.838+0000] {dag.py:4180} INFO - Setting next_dagrun for conditional_dataset_and_time_based_timetable to 2026-09-23 01:00:00+00:00, run_after=2026-09-23 01:00:00+00:00
[2026-09-25T17:05:59.850+0000] {logging_mixin.py:190} INFO - [2026-09-25T17:05:59.850+0000] {dag.py:4180} INFO - Setting next_dagrun for consume_1_and_2_with_dataset_expressions to None, run_after=None
[2026-09-25T17:05:59.861+0000] {logging_mixin.py:190} INFO - [2026-09-25T17:05:59.861+0000] {dag.py:4180} INFO - Setting next_dagrun for consume_1_or_2_with_dataset_expressions to None, run_after=None
[2026-09-25T17:05:59.877+0000] {logging_mixin.py:190} INFO - [2026-09-25T17:05:59.877+0000] {dag.py:4180} INFO - Setting next_dagrun for consume_1_or_both_2_and_3_with_dataset_expressions to None, run_after=None
[2026-09-25T17:05:59.884+0000] {logging_mixin.py:190} INFO - [2026-09-25T17:05:59.883+0000] {dag.py:4180} INFO - Setting next_dagrun for dataset_consumes_1 to None, run_after=None
[2026-09-25T17:05:59.892+0000] {logging_mixin.py:190} INFO - [2026-09-25T17:05:59.891+0000] {dag.py:4180} INFO - Setting next_dagrun for dataset_consumes_1_and_2 to None, run_after=None
[2026-09-25T17:05:59.903+0000] {logging_mixin.py:190} INFO - [2026-09-25T17:05:59.902+0000] {dag.py:4180} INFO - Setting next_dagrun for dataset_consumes_1_never_scheduled to None, run_after=None
[2026-09-25T17:05:59.968+0000] {logging_mixin.py:190} INFO - [2026-09-25T17:05:59.967+0000] {dag.py:4180} INFO - Setting next_dagrun for dataset_consumes_unknown_never_scheduled to None, run_after=None
[2026-09-25T17:06:00.085+0000] {logging_mixin.py:190} INFO - [2026-09-25T17:06:00.084+0000] {dag.py:4180} INFO - Setting next_dagrun for dataset_produces_1 to 2026-09-24 00:00:00+00:00, run_after=2026-09-25 00:00:00+00:00
[2026-09-25T17:06:00.093+0000] {logging_mixin.py:190} INFO - [2026-09-25T17:06:00.093+0000] {dag.py:4180} INFO - Setting next_dagrun for dataset_produces_2 to None, run_after=None
[2026-09-25T17:06:00.213+0000] {processor.py:208} INFO - Processing /home/airflow/.local/lib/python3.12/site-packages/airflow/example_dags/example_datasets.py took 2.645 seconds
[2026-09-25T17:06:30.735+0000] {processor.py:186} INFO - Started process (PID=1038) to work on /home/airflow/.local/lib/python3.12/site-packages/airflow/example_dags/example_datasets.py
[2026-09-25T17:06:30.738+0000] {processor.py:914} INFO - Processing file /home/airflow/.local/lib/python3.12/site-packages/airflow/example_dags/example_datasets.py for tasks to queue
[2026-09-25T17:06:30.764+0000] {logging_mixin.py:190} INFO - [2026-09-25T17:06:30.763+0000] {dagbag.py:588} INFO - Filling up the DagBag from /home/airflow/.local/lib/python3.12/site-packages/airflow/example_dags/example_datasets.py
[2026-09-25T17:06:32.614+0000] {processor.py:925} INFO - DAG(s) 'dataset_produces_1', 'dataset_consumes_1_and_2', 'dataset_consumes_unknown_never_scheduled', 'dataset_consumes_1_never_scheduled', 'dataset_consumes_1', 'consume_1_and_2_with_dataset_expressions', 'consume_1_or_2_with_dataset_expressions', 'conditional_dataset_and_time_based_timetable', 'dataset_produces_2', 'consume_1_or_both_2_and_3_with_dataset_expressions' retrieved from /home/airflow/.local/lib/python3.12/site-packages/airflow/example_dags/example_datasets.py
[2026-09-25T17:06:32.702+0000] {logging_mixin.py:190} INFO - [2026-09-25T17:06:32.701+0000] {dag.py:3239} INFO - Sync 10 DAGs
[2026-09-25T17:06:32.756+0000] {logging_mixin.py:190} INFO - [2026-09-25T17:06:32.756+0000] {dag.py:4180} INFO - Setting next_dagrun for conditional_dataset_and_time_based_timetable to 2026-09-23 01:00:00+00:00, run_after=2026-09-23 01:00:00+00:00
[2026-09-25T17:06:32.764+0000] {logging_mixin.py:190} INFO - [2026-09-25T17:06:32.764+0000] {dag.py:4180} INFO - Setting next_dagrun for consume_1_and_2_with_dataset_expressions to None, run_after=None
[2026-09-25T17:06:32.768+0000] {logging_mixin.py:190} INFO - [2026-09-25T17:06:32.767+0000] {dag.py:4180} INFO - Setting next_dagrun for consume_1_or_2_with_dataset_expressions to None, run_after=None
[2026-09-25T17:06:32.771+0000] {logging_mixin.py:190} INFO - [2026-09-25T17:06:32.770+0000] {dag.py:4180} INFO - Setting next_dagrun for consume_1_or_both_2_and_3_with_dataset_expressions to None, run_after=None
[2026-09-25T17:06:32.774+0000] {logging_mixin.py:190} INFO - [2026-09-25T17:06:32.774+0000] {dag.py:4180} INFO - Setting next_dagrun for dataset_consumes_1 to None, run_after=None
[2026-09-25T17:06:32.779+0000] {logging_mixin.py:190} INFO - [2026-09-25T17:06:32.779+0000] {dag.py:4180} INFO - Setting next_dagrun for dataset_consumes_1_and_2 to None, run_after=None
[2026-09-25T17:06:32.784+0000] {logging_mixin.py:190} INFO - [2026-09-25T17:06:32.784+0000] {dag.py:4180} INFO - Setting next_dagrun for dataset_consumes_1_never_scheduled to None, run_after=None
[2026-09-25T17:06:32.788+0000] {logging_mixin.py:190} INFO - [2026-09-25T17:06:32.788+0000] {dag.py:4180} INFO - Setting next_dagrun for dataset_consumes_unknown_never_scheduled to None, run_after=None
[2026-09-25T17:06:32.796+0000] {logging_mixin.py:190} INFO - [2026-09-25T17:06:32.796+0000] {dag.py:4180} INFO - Setting next_dagrun for dataset_produces_1 to 2026-09-24 00:00:00+00:00, run_after=2026-09-25 00:00:00+00:00
[2026-09-25T17:06:32.800+0000] {logging_mixin.py:190} INFO - [2026-09-25T17:06:32.799+0000] {dag.py:4180} INFO - Setting next_dagrun for dataset_produces_2 to None, run_after=None
[2026-09-25T17:06:32.879+0000] {processor.py:208} INFO - Processing /home/airflow/.local/lib/python3.12/site-packages/airflow/example_dags/example_datasets.py took 2.161 seconds
[2026-09-25T17:07:05.245+0000] {processor.py:186} INFO - Started process (PID=1103) to work on /home/airflow/.local/lib/python3.12/site-packages/airflow/example_dags/example_datasets.py
[2026-09-25T17:07:05.248+0000] {processor.py:914} INFO - Processing file /home/airflow/.local/lib/python3.12/site-packages/airflow/example_dags/example_datasets.py for tasks to queue
[2026-09-25T17:07:05.253+0000] {logging_mixin.py:190} INFO - [2026-09-25T17:07:05.253+0000] {dagbag.py:588} INFO - Filling up the DagBag from /home/airflow/.local/lib/python3.12/site-packages/airflow/example_dags/example_datasets.py
[2026-09-25T17:07:07.770+0000] {processor.py:925} INFO - DAG(s) 'dataset_consumes_unknown_never_scheduled', 'dataset_produces_1', 'conditional_dataset_and_time_based_timetable', 'dataset_consumes_1', 'consume_1_and_2_with_dataset_expressions', 'dataset_produces_2', 'consume_1_or_2_with_dataset_expressions', 'consume_1_or_both_2_and_3_with_dataset_expressions', 'dataset_consumes_1_never_scheduled', 'dataset_consumes_1_and_2' retrieved from /home/airflow/.local/lib/python3.12/site-packages/airflow/example_dags/example_datasets.py
[2026-09-25T17:07:07.949+0000] {logging_mixin.py:190} INFO - [2026-09-25T17:07:07.948+0000] {dag.py:3239} INFO - Sync 10 DAGs
[2026-09-25T17:07:08.024+0000] {logging_mixin.py:190} INFO - [2026-09-25T17:07:08.024+0000] {dag.py:4180} INFO - Setting next_dagrun for conditional_dataset_and_time_based_timetable to 2026-09-23 01:00:00+00:00, run_after=2026-09-23 01:00:00+00:00
[2026-09-25T17:07:08.036+0000] {logging_mixin.py:190} INFO - [2026-09-25T17:07:08.036+0000] {dag.py:4180} INFO - Setting next_dagrun for consume_1_and_2_with_dataset_expressions to None, run_after=None
[2026-09-25T17:07:08.041+0000] {logging_mixin.py:190} INFO - [2026-09-25T17:07:08.040+0000] {dag.py:4180} INFO - Setting next_dagrun for consume_1_or_2_with_dataset_expressions to None, run_after=None
[2026-09-25T17:07:08.045+0000] {logging_mixin.py:190} INFO - [2026-09-25T17:07:08.045+0000] {dag.py:4180} INFO - Setting next_dagrun for consume_1_or_both_2_and_3_with_dataset_expressions to None, run_after=None
[2026-09-25T17:07:08.049+0000] {logging_mixin.py:190} INFO - [2026-09-25T17:07:08.049+0000] {dag.py:4180} INFO - Setting next_dagrun for dataset_consumes_1 to None, run_after=None
[2026-09-25T17:07:08.054+0000] {logging_mixin.py:190} INFO - [2026-09-25T17:07:08.053+0000] {dag.py:4180} INFO - Setting next_dagrun for dataset_consumes_1_and_2 to None, run_after=None
[2026-09-25T17:07:08.059+0000] {logging_mixin.py:190} INFO - [2026-09-25T17:07:08.058+0000] {dag.py:4180} INFO - Setting next_dagrun for dataset_consumes_1_never_scheduled to None, run_after=None
[2026-09-25T17:07:08.070+0000] {logging_mixin.py:190} INFO - [2026-09-25T17:07:08.070+0000] {dag.py:4180} INFO - Setting next_dagrun for dataset_consumes_unknown_never_scheduled to None, run_after=None
[2026-09-25T17:07:08.076+0000] {logging_mixin.py:190} INFO - [2026-09-25T17:07:08.076+0000] {dag.py:4180} INFO - Setting next_dagrun for dataset_produces_1 to 2026-09-24 00:00:00+00:00, run_after=2026-09-25 00:00:00+00:00
[2026-09-25T17:07:08.079+0000] {logging_mixin.py:190} INFO - [2026-09-25T17:07:08.079+0000] {dag.py:4180} INFO - Setting next_dagrun for dataset_produces_2 to None, run_after=None
[2026-09-25T17:07:08.178+0000] {processor.py:208} INFO - Processing /home/airflow/.local/lib/python3.12/site-packages/airflow/example_dags/example_datasets.py took 2.946 seconds
[2026-09-25T17:07:38.314+0000] {processor.py:186} INFO - Started process (PID=1171) to work on /home/airflow/.local/lib/python3.12/site-packages/airflow/example_dags/example_datasets.py
[2026-09-25T17:07:38.317+0000] {processor.py:914} INFO - Processing file /home/airflow/.local/lib/python3.12/site-packages/airflow/example_dags/example_datasets.py for tasks to queue
[2026-09-25T17:07:38.329+0000] {logging_mixin.py:190} INFO - [2026-09-25T17:07:38.328+0000] {dagbag.py:588} INFO - Filling up the DagBag from /home/airflow/.local/lib/python3.12/site-packages/airflow/example_dags/example_datasets.py
[2026-09-25T17:07:40.569+0000] {processor.py:925} INFO - DAG(s) 'consume_1_or_both_2_and_3_with_dataset_expressions', 'dataset_consumes_1', 'dataset_produces_1', 'dataset_consumes_unknown_never_scheduled', 'conditional_dataset_and_time_based_timetable', 'dataset_produces_2', 'dataset_consumes_1_and_2', 'dataset_consumes_1_never_scheduled', 'consume_1_or_2_with_dataset_expressions', 'consume_1_and_2_with_dataset_expressions' retrieved from /home/airflow/.local/lib/python3.12/site-packages/airflow/example_dags/example_datasets.py
[2026-09-25T17:07:40.847+0000] {logging_mixin.py:190} INFO - [2026-09-25T17:07:40.844+0000] {dag.py:3239} INFO - Sync 10 DAGs
[2026-09-25T17:07:41.302+0000] {logging_mixin.py:190} INFO - [2026-09-25T17:07:41.301+0000] {dag.py:4180} INFO - Setting next_dagrun for conditional_dataset_and_time_based_timetable to 2026-09-23 01:00:00+00:00, run_after=2026-09-23 01:00:00+00:00
[2026-09-25T17:07:41.383+0000] {logging_mixin.py:190} INFO - [2026-09-25T17:07:41.383+0000] {dag.py:4180} INFO - Setting next_dagrun for consume_1_and_2_with_dataset_expressions to None, run_after=None
[2026-09-25T17:07:41.402+0000] {logging_mixin.py:190} INFO - [2026-09-25T17:07:41.402+0000] {dag.py:4180} INFO - Setting next_dagrun for consume_1_or_2_with_dataset_expressions to None, run_after=None
[2026-09-25T17:07:41.411+0000] {logging_mixin.py:190} INFO - [2026-09-25T17:07:41.410+0000] {dag.py:4180} INFO - Setting next_dagrun for consume_1_or_both_2_and_3_with_dataset_expressions to None, run_after=None
[2026-09-25T17:07:41.427+0000] {logging_mixin.py:190} INFO - [2026-09-25T17:07:41.426+0000] {dag.py:4180} INFO - Setting next_dagrun for dataset_consumes_1 to None, run_after=None
[2026-09-25T17:07:41.441+0000] {logging_mixin.py:190} INFO - [2026-09-25T17:07:41.440+0000] {dag.py:4180} INFO - Setting next_dagrun for dataset_consumes_1_and_2 to None, run_after=None
[2026-09-25T17:07:41.459+0000] {logging_mixin.py:190} INFO - [2026-09-25T17:07:41.459+0000] {dag.py:4180} INFO - Setting next_dagrun for dataset_consumes_1_never_scheduled to None, run_after=None
[2026-09-25T17:07:41.466+0000] {logging_mixin.py:190} INFO - [2026-09-25T17:07:41.465+0000] {dag.py:4180} INFO - Setting next_dagrun for dataset_consumes_unknown_never_scheduled to None, run_after=None
[2026-09-25T17:07:41.482+0000] {logging_mixin.py:190} INFO - [2026-09-25T17:07:41.482+0000] {dag.py:4180} INFO - Setting next_dagrun for dataset_produces_1 to 2026-09-24 00:00:00+00:00, run_after=2026-09-25 00:00:00+00:00
[2026-09-25T17:07:41.486+0000] {logging_mixin.py:190} INFO - [2026-09-25T17:07:41.486+0000] {dag.py:4180} INFO - Setting next_dagrun for dataset_produces_2 to None, run_after=None
[2026-09-25T17:07:41.827+0000] {processor.py:208} INFO - Processing /home/airflow/.local/lib/python3.12/site-packages/airflow/example_dags/example_datasets.py took 3.543 seconds
[2026-09-25T17:08:12.162+0000] {processor.py:186} INFO - Started process (PID=1236) to work on /home/airflow/.local/lib/python3.12/site-packages/airflow/example_dags/example_datasets.py
[2026-09-25T17:08:12.164+0000] {processor.py:914} INFO - Processing file /home/airflow/.local/lib/python3.12/site-packages/airflow/example_dags/example_datasets.py for tasks to queue
[2026-09-25T17:08:12.169+0000] {logging_mixin.py:190} INFO - [2026-09-25T17:08:12.168+0000] {dagbag.py:588} INFO - Filling up the DagBag from /home/airflow/.local/lib/python3.12/site-packages/airflow/example_dags/example_datasets.py
[2026-09-25T17:08:13.945+0000] {processor.py:925} INFO - DAG(s) 'dataset_produces_2', 'dataset_produces_1', 'dataset_consumes_1', 'dataset_consumes_unknown_never_scheduled', 'consume_1_and_2_with_dataset_expressions', 'dataset_consumes_1_never_scheduled', 'dataset_consumes_1_and_2', 'conditional_dataset_and_time_based_timetable', 'consume_1_or_2_with_dataset_expressions', 'consume_1_or_both_2_and_3_with_dataset_expressions' retrieved from /home/airflow/.local/lib/python3.12/site-packages/airflow/example_dags/example_datasets.py
[2026-09-25T17:08:14.097+0000] {logging_mixin.py:190} INFO - [2026-09-25T17:08:14.096+0000] {dag.py:3239} INFO - Sync 10 DAGs
[2026-09-25T17:08:14.168+0000] {logging_mixin.py:190} INFO - [2026-09-25T17:08:14.167+0000] {dag.py:4180} INFO - Setting next_dagrun for conditional_dataset_and_time_based_timetable to 2026-09-23 01:00:00+00:00, run_after=2026-09-23 01:00:00+00:00
[2026-09-25T17:08:14.182+0000] {logging_mixin.py:190} INFO - [2026-09-25T17:08:14.182+0000] {dag.py:4180} INFO - Setting next_dagrun for consume_1_and_2_with_dataset_expressions to None, run_after=None
[2026-09-25T17:08:14.191+0000] {logging_mixin.py:190} INFO - [2026-09-25T17:08:14.189+0000] {dag.py:4180} INFO - Setting next_dagrun for consume_1_or_2_with_dataset_expressions to None, run_after=None
[2026-09-25T17:08:14.195+0000] {logging_mixin.py:190} INFO - [2026-09-25T17:08:14.194+0000] {dag.py:4180} INFO - Setting next_dagrun for consume_1_or_both_2_and_3_with_dataset_expressions to None, run_after=None
[2026-09-25T17:08:14.198+0000] {logging_mixin.py:190} INFO - [2026-09-25T17:08:14.198+0000] {dag.py:4180} INFO - Setting next_dagrun for dataset_consumes_1 to None, run_after=None
[2026-09-25T17:08:14.204+0000] {logging_mixin.py:190} INFO - [2026-09-25T17:08:14.202+0000] {dag.py:4180} INFO - Setting next_dagrun for dataset_consumes_1_and_2 to None, run_after=None
[2026-09-25T17:08:14.214+0000] {logging_mixin.py:190} INFO - [2026-09-25T17:08:14.213+0000] {dag.py:4180} INFO - Setting next_dagrun for dataset_consumes_1_never_scheduled to None, run_after=None
[2026-09-25T17:08:14.244+0000] {logging_mixin.py:190} INFO - [2026-09-25T17:08:14.244+0000] {dag.py:4180} INFO - Setting next_dagrun for dataset_consumes_unknown_never_scheduled to None, run_after=None
[2026-09-25T17:08:14.266+0000] {logging_mixin.py:190} INFO - [2026-09-25T17:08:14.265+0000] {dag.py:4180} INFO - Setting next_dagrun for dataset_produces_1 to 2026-09-24 00:00:00+00:00, run_after=2026-09-25 00:00:00+00:00
[2026-09-25T17:08:14.276+0000] {logging_mixin.py:190} INFO - [2026-09-25T17:08:14.274+0000] {dag.py:4180} INFO - Setting next_dagrun for dataset_produces_2 to None, run_after=None
[2026-09-25T17:08:14.496+0000] {processor.py:208} INFO - Processing /home/airflow/.local/lib/python3.12/site-packages/airflow/example_dags/example_datasets.py took 2.344 seconds
[2026-09-25T17:08:45.324+0000] {processor.py:186} INFO - Started process (PID=1302) to work on /home/airflow/.local/lib/python3.12/site-packages/airflow/example_dags/example_datasets.py
[2026-09-25T17:08:45.350+0000] {processor.py:914} INFO - Processing file /home/airflow/.local/lib/python3.12/site-packages/airflow/example_dags/example_datasets.py for tasks to queue
[2026-09-25T17:08:45.402+0000] {logging_mixin.py:190} INFO - [2026-09-25T17:08:45.401+0000] {dagbag.py:588} INFO - Filling up the DagBag from /home/airflow/.local/lib/python3.12/site-packages/airflow/example_dags/example_datasets.py
[2026-09-25T17:08:50.667+0000] {processor.py:925} INFO - DAG(s) 'consume_1_or_2_with_dataset_expressions', 'dataset_consumes_unknown_never_scheduled', 'dataset_produces_1', 'dataset_produces_2', 'conditional_dataset_and_time_based_timetable', 'dataset_consumes_1', 'dataset_consumes_1_never_scheduled', 'consume_1_and_2_with_dataset_expressions', 'consume_1_or_both_2_and_3_with_dataset_expressions', 'dataset_consumes_1_and_2' retrieved from /home/airflow/.local/lib/python3.12/site-packages/airflow/example_dags/example_datasets.py
[2026-09-25T17:08:50.820+0000] {logging_mixin.py:190} INFO - [2026-09-25T17:08:50.819+0000] {dag.py:3239} INFO - Sync 10 DAGs
[2026-09-25T17:08:50.911+0000] {logging_mixin.py:190} INFO - [2026-09-25T17:08:50.910+0000] {dag.py:4180} INFO - Setting next_dagrun for conditional_dataset_and_time_based_timetable to 2026-09-23 01:00:00+00:00, run_after=2026-09-23 01:00:00+00:00
[2026-09-25T17:08:50.926+0000] {logging_mixin.py:190} INFO - [2026-09-25T17:08:50.925+0000] {dag.py:4180} INFO - Setting next_dagrun for consume_1_and_2_with_dataset_expressions to None, run_after=None
[2026-09-25T17:08:50.935+0000] {logging_mixin.py:190} INFO - [2026-09-25T17:08:50.934+0000] {dag.py:4180} INFO - Setting next_dagrun for consume_1_or_2_with_dataset_expressions to None, run_after=None
[2026-09-25T17:08:50.942+0000] {logging_mixin.py:190} INFO - [2026-09-25T17:08:50.942+0000] {dag.py:4180} INFO - Setting next_dagrun for consume_1_or_both_2_and_3_with_dataset_expressions to None, run_after=None
[2026-09-25T17:08:50.946+0000] {logging_mixin.py:190} INFO - [2026-09-25T17:08:50.945+0000] {dag.py:4180} INFO - Setting next_dagrun for dataset_consumes_1 to None, run_after=None
[2026-09-25T17:08:50.952+0000] {logging_mixin.py:190} INFO - [2026-09-25T17:08:50.951+0000] {dag.py:4180} INFO - Setting next_dagrun for dataset_consumes_1_and_2 to None, run_after=None
[2026-09-25T17:08:50.958+0000] {logging_mixin.py:190} INFO - [2026-09-25T17:08:50.958+0000] {dag.py:4180} INFO - Setting next_dagrun for dataset_consumes_1_never_scheduled to None, run_after=None
[2026-09-25T17:08:50.962+0000] {logging_mixin.py:190} INFO - [2026-09-25T17:08:50.961+0000] {dag.py:4180} INFO - Setting next_dagrun for dataset_consumes_unknown_never_scheduled to None, run_after=None
[2026-09-25T17:08:50.971+0000] {logging_mixin.py:190} INFO - [2026-09-25T17:08:50.971+0000] {dag.py:4180} INFO - Setting next_dagrun for dataset_produces_1 to 2026-09-24 00:00:00+00:00, run_after=2026-09-25 00:00:00+00:00
[2026-09-25T17:08:50.975+0000] {logging_mixin.py:190} INFO - [2026-09-25T17:08:50.975+0000] {dag.py:4180} INFO - Setting next_dagrun for dataset_produces_2 to None, run_after=None
[2026-09-25T17:08:51.093+0000] {processor.py:208} INFO - Processing /home/airflow/.local/lib/python3.12/site-packages/airflow/example_dags/example_datasets.py took 5.809 seconds
[2026-09-25T17:09:21.340+0000] {processor.py:186} INFO - Started process (PID=1365) to work on /home/airflow/.local/lib/python3.12/site-packages/airflow/example_dags/example_datasets.py
[2026-09-25T17:09:21.343+0000] {processor.py:914} INFO - Processing file /home/airflow/.local/lib/python3.12/site-packages/airflow/example_dags/example_datasets.py for tasks to queue
[2026-09-25T17:09:21.355+0000] {logging_mixin.py:190} INFO - [2026-09-25T17:09:21.353+0000] {dagbag.py:588} INFO - Filling up the DagBag from /home/airflow/.local/lib/python3.12/site-packages/airflow/example_dags/example_datasets.py
[2026-09-25T17:09:24.195+0000] {processor.py:925} INFO - DAG(s) 'dataset_consumes_1_and_2', 'consume_1_and_2_with_dataset_expressions', 'consume_1_or_both_2_and_3_with_dataset_expressions', 'dataset_consumes_unknown_never_scheduled', 'dataset_produces_1', 'conditional_dataset_and_time_based_timetable', 'dataset_consumes_1_never_scheduled', 'dataset_produces_2', 'consume_1_or_2_with_dataset_expressions', 'dataset_consumes_1' retrieved from /home/airflow/.local/lib/python3.12/site-packages/airflow/example_dags/example_datasets.py
[2026-09-25T17:09:24.422+0000] {logging_mixin.py:190} INFO - [2026-09-25T17:09:24.422+0000] {dag.py:3239} INFO - Sync 10 DAGs
[2026-09-25T17:09:24.686+0000] {logging_mixin.py:190} INFO - [2026-09-25T17:09:24.685+0000] {dag.py:4180} INFO - Setting next_dagrun for conditional_dataset_and_time_based_timetable to 2026-09-23 01:00:00+00:00, run_after=2026-09-23 01:00:00+00:00
[2026-09-25T17:09:24.696+0000] {logging_mixin.py:190} INFO - [2026-09-25T17:09:24.696+0000] {dag.py:4180} INFO - Setting next_dagrun for consume_1_and_2_with_dataset_expressions to None, run_after=None
[2026-09-25T17:09:24.702+0000] {logging_mixin.py:190} INFO - [2026-09-25T17:09:24.701+0000] {dag.py:4180} INFO - Setting next_dagrun for consume_1_or_2_with_dataset_expressions to None, run_after=None
[2026-09-25T17:09:24.709+0000] {logging_mixin.py:190} INFO - [2026-09-25T17:09:24.708+0000] {dag.py:4180} INFO - Setting next_dagrun for consume_1_or_both_2_and_3_with_dataset_expressions to None, run_after=None
[2026-09-25T17:09:24.722+0000] {logging_mixin.py:190} INFO - [2026-09-25T17:09:24.720+0000] {dag.py:4180} INFO - Setting next_dagrun for dataset_consumes_1 to None, run_after=None
[2026-09-25T17:09:24.735+0000] {logging_mixin.py:190} INFO - [2026-09-25T17:09:24.734+0000] {dag.py:4180} INFO - Setting next_dagrun for dataset_consumes_1_and_2 to None, run_after=None
[2026-09-25T17:09:24.755+0000] {logging_mixin.py:190} INFO - [2026-09-25T17:09:24.754+0000] {dag.py:4180} INFO - Setting next_dagrun for dataset_consumes_1_never_scheduled to None, run_after=None
[2026-09-25T17:09:24.764+0000] {logging_mixin.py:190} INFO - [2026-09-25T17:09:24.764+0000] {dag.py:4180} INFO - Setting next_dagrun for dataset_consumes_unknown_never_scheduled to None, run_after=None
[2026-09-25T17:09:24.772+0000] {logging_mixin.py:190} INFO - [2026-09-25T17:09:24.772+0000] {dag.py:4180} INFO - Setting next_dagrun for dataset_produces_1 to 2026-09-24 00:00:00+00:00, run_after=2026-09-25 00:00:00+00:00
[2026-09-25T17:09:24.798+0000] {logging_mixin.py:190} INFO - [2026-09-25T17:09:24.798+0000] {dag.py:4180} INFO - Setting next_dagrun for dataset_produces_2 to None, run_after=None
[2026-09-25T17:09:27.223+0000] {processor.py:208} INFO - Processing /home/airflow/.local/lib/python3.12/site-packages/airflow/example_dags/example_datasets.py took 5.900 seconds
[2026-09-25T17:12:06.673+0000] {processor.py:186} INFO - Started process (PID=1483) to work on /home/airflow/.local/lib/python3.12/site-packages/airflow/example_dags/example_datasets.py
[2026-09-25T17:12:06.695+0000] {processor.py:914} INFO - Processing file /home/airflow/.local/lib/python3.12/site-packages/airflow/example_dags/example_datasets.py for tasks to queue
[2026-09-25T17:12:06.783+0000] {logging_mixin.py:190} INFO - [2026-09-25T17:12:06.724+0000] {dagbag.py:588} INFO - Filling up the DagBag from /home/airflow/.local/lib/python3.12/site-packages/airflow/example_dags/example_datasets.py
[2026-09-25T17:12:31.492+0000] {processor.py:925} INFO - DAG(s) 'dataset_consumes_1_and_2', 'consume_1_or_2_with_dataset_expressions', 'consume_1_and_2_with_dataset_expressions', 'consume_1_or_both_2_and_3_with_dataset_expressions', 'dataset_produces_2', 'dataset_consumes_1_never_scheduled', 'dataset_consumes_1', 'dataset_produces_1', 'dataset_consumes_unknown_never_scheduled', 'conditional_dataset_and_time_based_timetable' retrieved from /home/airflow/.local/lib/python3.12/site-packages/airflow/example_dags/example_datasets.py
[2026-09-25T17:12:37.068+0000] {logging_mixin.py:190} INFO - [2026-09-25T17:12:37.067+0000] {dag.py:3239} INFO - Sync 10 DAGs
[2026-09-25T17:12:37.208+0000] {logging_mixin.py:190} INFO - [2026-09-25T17:12:37.208+0000] {dag.py:4180} INFO - Setting next_dagrun for conditional_dataset_and_time_based_timetable to 2026-09-23 01:00:00+00:00, run_after=2026-09-23 01:00:00+00:00
[2026-09-25T17:12:37.222+0000] {logging_mixin.py:190} INFO - [2026-09-25T17:12:37.222+0000] {dag.py:4180} INFO - Setting next_dagrun for consume_1_and_2_with_dataset_expressions to None, run_after=None
[2026-09-25T17:12:37.227+0000] {logging_mixin.py:190} INFO - [2026-09-25T17:12:37.226+0000] {dag.py:4180} INFO - Setting next_dagrun for consume_1_or_2_with_dataset_expressions to None, run_after=None
[2026-09-25T17:12:37.235+0000] {logging_mixin.py:190} INFO - [2026-09-25T17:12:37.234+0000] {dag.py:4180} INFO - Setting next_dagrun for consume_1_or_both_2_and_3_with_dataset_expressions to None, run_after=None
[2026-09-25T17:12:37.252+0000] {logging_mixin.py:190} INFO - [2026-09-25T17:12:37.247+0000] {dag.py:4180} INFO - Setting next_dagrun for dataset_consumes_1 to None, run_after=None
[2026-09-25T17:12:37.262+0000] {logging_mixin.py:190} INFO - [2026-09-25T17:12:37.260+0000] {dag.py:4180} INFO - Setting next_dagrun for dataset_consumes_1_and_2 to None, run_after=None
[2026-09-25T17:12:37.268+0000] {logging_mixin.py:190} INFO - [2026-09-25T17:12:37.268+0000] {dag.py:4180} INFO - Setting next_dagrun for dataset_consumes_1_never_scheduled to None, run_after=None
[2026-09-25T17:12:37.275+0000] {logging_mixin.py:190} INFO - [2026-09-25T17:12:37.275+0000] {dag.py:4180} INFO - Setting next_dagrun for dataset_consumes_unknown_never_scheduled to None, run_after=None
[2026-09-25T17:12:37.285+0000] {logging_mixin.py:190} INFO - [2026-09-25T17:12:37.284+0000] {dag.py:4180} INFO - Setting next_dagrun for dataset_produces_1 to 2026-09-24 00:00:00+00:00, run_after=2026-09-25 00:00:00+00:00
[2026-09-25T17:12:37.291+0000] {logging_mixin.py:190} INFO - [2026-09-25T17:12:37.290+0000] {dag.py:4180} INFO - Setting next_dagrun for dataset_produces_2 to None, run_after=None
[2026-09-25T17:12:37.705+0000] {processor.py:208} INFO - Processing /home/airflow/.local/lib/python3.12/site-packages/airflow/example_dags/example_datasets.py took 31.131 seconds
[2026-09-25T17:15:02.304+0000] {processor.py:186} INFO - Started process (PID=1599) to work on /home/airflow/.local/lib/python3.12/site-packages/airflow/example_dags/example_datasets.py
[2026-09-25T17:15:02.313+0000] {processor.py:914} INFO - Processing file /home/airflow/.local/lib/python3.12/site-packages/airflow/example_dags/example_datasets.py for tasks to queue
[2026-09-25T17:15:02.335+0000] {logging_mixin.py:190} INFO - [2026-09-25T17:15:02.334+0000] {dagbag.py:588} INFO - Filling up the DagBag from /home/airflow/.local/lib/python3.12/site-packages/airflow/example_dags/example_datasets.py
[2026-09-25T17:15:06.566+0000] {processor.py:925} INFO - DAG(s) 'dataset_consumes_1', 'dataset_consumes_1_and_2', 'dataset_consumes_1_never_scheduled', 'dataset_produces_2', 'consume_1_or_2_with_dataset_expressions', 'consume_1_and_2_with_dataset_expressions', 'dataset_consumes_unknown_never_scheduled', 'dataset_produces_1', 'consume_1_or_both_2_and_3_with_dataset_expressions', 'conditional_dataset_and_time_based_timetable' retrieved from /home/airflow/.local/lib/python3.12/site-packages/airflow/example_dags/example_datasets.py
[2026-09-25T17:15:07.569+0000] {logging_mixin.py:190} INFO - [2026-09-25T17:15:07.569+0000] {dag.py:3239} INFO - Sync 10 DAGs
[2026-09-25T17:15:07.771+0000] {logging_mixin.py:190} INFO - [2026-09-25T17:15:07.768+0000] {dag.py:4180} INFO - Setting next_dagrun for conditional_dataset_and_time_based_timetable to 2026-09-23 01:00:00+00:00, run_after=2026-09-23 01:00:00+00:00
[2026-09-25T17:15:07.790+0000] {logging_mixin.py:190} INFO - [2026-09-25T17:15:07.787+0000] {dag.py:4180} INFO - Setting next_dagrun for consume_1_and_2_with_dataset_expressions to None, run_after=None
[2026-09-25T17:15:07.802+0000] {logging_mixin.py:190} INFO - [2026-09-25T17:15:07.801+0000] {dag.py:4180} INFO - Setting next_dagrun for consume_1_or_2_with_dataset_expressions to None, run_after=None
[2026-09-25T17:15:07.806+0000] {logging_mixin.py:190} INFO - [2026-09-25T17:15:07.805+0000] {dag.py:4180} INFO - Setting next_dagrun for consume_1_or_both_2_and_3_with_dataset_expressions to None, run_after=None
[2026-09-25T17:15:07.829+0000] {logging_mixin.py:190} INFO - [2026-09-25T17:15:07.828+0000] {dag.py:4180} INFO - Setting next_dagrun for dataset_consumes_1 to None, run_after=None
[2026-09-25T17:15:07.861+0000] {logging_mixin.py:190} INFO - [2026-09-25T17:15:07.860+0000] {dag.py:4180} INFO - Setting next_dagrun for dataset_consumes_1_and_2 to None, run_after=None
[2026-09-25T17:15:07.867+0000] {logging_mixin.py:190} INFO - [2026-09-25T17:15:07.866+0000] {dag.py:4180} INFO - Setting next_dagrun for dataset_consumes_1_never_scheduled to None, run_after=None
[2026-09-25T17:15:07.872+0000] {logging_mixin.py:190} INFO - [2026-09-25T17:15:07.871+0000] {dag.py:4180} INFO - Setting next_dagrun for dataset_consumes_unknown_never_scheduled to None, run_after=None
[2026-09-25T17:15:07.891+0000] {logging_mixin.py:190} INFO - [2026-09-25T17:15:07.891+0000] {dag.py:4180} INFO - Setting next_dagrun for dataset_produces_1 to 2026-09-24 00:00:00+00:00, run_after=2026-09-25 00:00:00+00:00
[2026-09-25T17:15:07.907+0000] {logging_mixin.py:190} INFO - [2026-09-25T17:15:07.896+0000] {dag.py:4180} INFO - Setting next_dagrun for dataset_produces_2 to None, run_after=None
[2026-09-25T17:15:08.158+0000] {processor.py:208} INFO - Processing /home/airflow/.local/lib/python3.12/site-packages/airflow/example_dags/example_datasets.py took 5.879 seconds
[2026-09-25T17:15:42.117+0000] {processor.py:186} INFO - Started process (PID=1665) to work on /home/airflow/.local/lib/python3.12/site-packages/airflow/example_dags/example_datasets.py
[2026-09-25T17:15:42.122+0000] {processor.py:914} INFO - Processing file /home/airflow/.local/lib/python3.12/site-packages/airflow/example_dags/example_datasets.py for tasks to queue
[2026-09-25T17:15:42.156+0000] {logging_mixin.py:190} INFO - [2026-09-25T17:15:42.155+0000] {dagbag.py:588} INFO - Filling up the DagBag from /home/airflow/.local/lib/python3.12/site-packages/airflow/example_dags/example_datasets.py
[2026-09-25T17:15:47.480+0000] {processor.py:925} INFO - DAG(s) 'dataset_consumes_1', 'consume_1_or_both_2_and_3_with_dataset_expressions', 'dataset_consumes_1_and_2', 'consume_1_and_2_with_dataset_expressions', 'dataset_consumes_1_never_scheduled', 'dataset_consumes_unknown_never_scheduled', 'dataset_produces_1', 'dataset_produces_2', 'consume_1_or_2_with_dataset_expressions', 'conditional_dataset_and_time_based_timetable' retrieved from /home/airflow/.local/lib/python3.12/site-packages/airflow/example_dags/example_datasets.py
[2026-09-25T17:15:47.779+0000] {logging_mixin.py:190} INFO - [2026-09-25T17:15:47.777+0000] {dag.py:3239} INFO - Sync 10 DAGs
[2026-09-25T17:15:48.119+0000] {logging_mixin.py:190} INFO - [2026-09-25T17:15:48.119+0000] {dag.py:4180} INFO - Setting next_dagrun for conditional_dataset_and_time_based_timetable to 2026-09-23 01:00:00+00:00, run_after=2026-09-23 01:00:00+00:00
[2026-09-25T17:15:48.140+0000] {logging_mixin.py:190} INFO - [2026-09-25T17:15:48.139+0000] {dag.py:4180} INFO - Setting next_dagrun for consume_1_and_2_with_dataset_expressions to None, run_after=None
[2026-09-25T17:15:48.160+0000] {logging_mixin.py:190} INFO - [2026-09-25T17:15:48.159+0000] {dag.py:4180} INFO - Setting next_dagrun for consume_1_or_2_with_dataset_expressions to None, run_after=None
[2026-09-25T17:15:48.172+0000] {logging_mixin.py:190} INFO - [2026-09-25T17:15:48.171+0000] {dag.py:4180} INFO - Setting next_dagrun for consume_1_or_both_2_and_3_with_dataset_expressions to None, run_after=None
[2026-09-25T17:15:48.178+0000] {logging_mixin.py:190} INFO - [2026-09-25T17:15:48.178+0000] {dag.py:4180} INFO - Setting next_dagrun for dataset_consumes_1 to None, run_after=None
[2026-09-25T17:15:48.184+0000] {logging_mixin.py:190} INFO - [2026-09-25T17:15:48.184+0000] {dag.py:4180} INFO - Setting next_dagrun for dataset_consumes_1_and_2 to None, run_after=None
[2026-09-25T17:15:48.190+0000] {logging_mixin.py:190} INFO - [2026-09-25T17:15:48.190+0000] {dag.py:4180} INFO - Setting next_dagrun for dataset_consumes_1_never_scheduled to None, run_after=None
[2026-09-25T17:15:48.196+0000] {logging_mixin.py:190} INFO - [2026-09-25T17:15:48.195+0000] {dag.py:4180} INFO - Setting next_dagrun for dataset_consumes_unknown_never_scheduled to None, run_after=None
[2026-09-25T17:15:48.205+0000] {logging_mixin.py:190} INFO - [2026-09-25T17:15:48.204+0000] {dag.py:4180} INFO - Setting next_dagrun for dataset_produces_1 to 2026-09-24 00:00:00+00:00, run_after=2026-09-25 00:00:00+00:00
[2026-09-25T17:15:48.212+0000] {logging_mixin.py:190} INFO - [2026-09-25T17:15:48.212+0000] {dag.py:4180} INFO - Setting next_dagrun for dataset_produces_2 to None, run_after=None
[2026-09-25T17:15:48.415+0000] {processor.py:208} INFO - Processing /home/airflow/.local/lib/python3.12/site-packages/airflow/example_dags/example_datasets.py took 6.320 seconds
[2026-09-25T17:16:19.462+0000] {processor.py:186} INFO - Started process (PID=1729) to work on /home/airflow/.local/lib/python3.12/site-packages/airflow/example_dags/example_datasets.py
[2026-09-25T17:16:19.475+0000] {processor.py:914} INFO - Processing file /home/airflow/.local/lib/python3.12/site-packages/airflow/example_dags/example_datasets.py for tasks to queue
[2026-09-25T17:16:19.484+0000] {logging_mixin.py:190} INFO - [2026-09-25T17:16:19.483+0000] {dagbag.py:588} INFO - Filling up the DagBag from /home/airflow/.local/lib/python3.12/site-packages/airflow/example_dags/example_datasets.py
[2026-09-25T17:16:23.182+0000] {processor.py:925} INFO - DAG(s) 'dataset_consumes_unknown_never_scheduled', 'dataset_consumes_1_and_2', 'conditional_dataset_and_time_based_timetable', 'dataset_produces_2', 'consume_1_and_2_with_dataset_expressions', 'consume_1_or_2_with_dataset_expressions', 'dataset_consumes_1_never_scheduled', 'dataset_consumes_1', 'dataset_produces_1', 'consume_1_or_both_2_and_3_with_dataset_expressions' retrieved from /home/airflow/.local/lib/python3.12/site-packages/airflow/example_dags/example_datasets.py
[2026-09-25T17:16:23.406+0000] {logging_mixin.py:190} INFO - [2026-09-25T17:16:23.406+0000] {dag.py:3239} INFO - Sync 10 DAGs
[2026-09-25T17:16:23.673+0000] {logging_mixin.py:190} INFO - [2026-09-25T17:16:23.672+0000] {dag.py:4180} INFO - Setting next_dagrun for conditional_dataset_and_time_based_timetable to 2026-09-23 01:00:00+00:00, run_after=2026-09-23 01:00:00+00:00
[2026-09-25T17:16:23.759+0000] {logging_mixin.py:190} INFO - [2026-09-25T17:16:23.759+0000] {dag.py:4180} INFO - Setting next_dagrun for consume_1_and_2_with_dataset_expressions to None, run_after=None
[2026-09-25T17:16:23.767+0000] {logging_mixin.py:190} INFO - [2026-09-25T17:16:23.766+0000] {dag.py:4180} INFO - Setting next_dagrun for consume_1_or_2_with_dataset_expressions to None, run_after=None
[2026-09-25T17:16:23.778+0000] {logging_mixin.py:190} INFO - [2026-09-25T17:16:23.775+0000] {dag.py:4180} INFO - Setting next_dagrun for consume_1_or_both_2_and_3_with_dataset_expressions to None, run_after=None
[2026-09-25T17:16:23.795+0000] {logging_mixin.py:190} INFO - [2026-09-25T17:16:23.795+0000] {dag.py:4180} INFO - Setting next_dagrun for dataset_consumes_1 to None, run_after=None
[2026-09-25T17:16:23.808+0000] {logging_mixin.py:190} INFO - [2026-09-25T17:16:23.808+0000] {dag.py:4180} INFO - Setting next_dagrun for dataset_consumes_1_and_2 to None, run_after=None
[2026-09-25T17:16:23.825+0000] {logging_mixin.py:190} INFO - [2026-09-25T17:16:23.823+0000] {dag.py:4180} INFO - Setting next_dagrun for dataset_consumes_1_never_scheduled to None, run_after=None
[2026-09-25T17:16:23.843+0000] {logging_mixin.py:190} INFO - [2026-09-25T17:16:23.840+0000] {dag.py:4180} INFO - Setting next_dagrun for dataset_consumes_unknown_never_scheduled to None, run_after=None
[2026-09-25T17:16:23.871+0000] {logging_mixin.py:190} INFO - [2026-09-25T17:16:23.866+0000] {dag.py:4180} INFO - Setting next_dagrun for dataset_produces_1 to 2026-09-24 00:00:00+00:00, run_after=2026-09-25 00:00:00+00:00
[2026-09-25T17:16:23.878+0000] {logging_mixin.py:190} INFO - [2026-09-25T17:16:23.876+0000] {dag.py:4180} INFO - Setting next_dagrun for dataset_produces_2 to None, run_after=None
[2026-09-25T17:16:24.415+0000] {processor.py:208} INFO - Processing /home/airflow/.local/lib/python3.12/site-packages/airflow/example_dags/example_datasets.py took 5.020 seconds
[2026-09-25T17:17:03.600+0000] {processor.py:186} INFO - Started process (PID=1797) to work on /home/airflow/.local/lib/python3.12/site-packages/airflow/example_dags/example_datasets.py
[2026-09-25T17:17:03.607+0000] {processor.py:914} INFO - Processing file /home/airflow/.local/lib/python3.12/site-packages/airflow/example_dags/example_datasets.py for tasks to queue
[2026-09-25T17:17:03.622+0000] {logging_mixin.py:190} INFO - [2026-09-25T17:17:03.621+0000] {dagbag.py:588} INFO - Filling up the DagBag from /home/airflow/.local/lib/python3.12/site-packages/airflow/example_dags/example_datasets.py
[2026-09-25T17:17:08.564+0000] {processor.py:925} INFO - DAG(s) 'dataset_consumes_1_never_scheduled', 'dataset_produces_1', 'consume_1_or_2_with_dataset_expressions', 'consume_1_and_2_with_dataset_expressions', 'conditional_dataset_and_time_based_timetable', 'dataset_consumes_unknown_never_scheduled', 'dataset_produces_2', 'dataset_consumes_1_and_2', 'dataset_consumes_1', 'consume_1_or_both_2_and_3_with_dataset_expressions' retrieved from /home/airflow/.local/lib/python3.12/site-packages/airflow/example_dags/example_datasets.py
[2026-09-25T17:17:08.789+0000] {logging_mixin.py:190} INFO - [2026-09-25T17:17:08.789+0000] {dag.py:3239} INFO - Sync 10 DAGs
[2026-09-25T17:17:09.109+0000] {logging_mixin.py:190} INFO - [2026-09-25T17:17:09.109+0000] {dag.py:4180} INFO - Setting next_dagrun for conditional_dataset_and_time_based_timetable to 2026-09-23 01:00:00+00:00, run_after=2026-09-23 01:00:00+00:00
[2026-09-25T17:17:09.309+0000] {logging_mixin.py:190} INFO - [2026-09-25T17:17:09.308+0000] {dag.py:4180} INFO - Setting next_dagrun for consume_1_and_2_with_dataset_expressions to None, run_after=None
[2026-09-25T17:17:09.367+0000] {logging_mixin.py:190} INFO - [2026-09-25T17:17:09.354+0000] {dag.py:4180} INFO - Setting next_dagrun for consume_1_or_2_with_dataset_expressions to None, run_after=None
[2026-09-25T17:17:09.393+0000] {logging_mixin.py:190} INFO - [2026-09-25T17:17:09.392+0000] {dag.py:4180} INFO - Setting next_dagrun for consume_1_or_both_2_and_3_with_dataset_expressions to None, run_after=None
[2026-09-25T17:17:09.418+0000] {logging_mixin.py:190} INFO - [2026-09-25T17:17:09.417+0000] {dag.py:4180} INFO - Setting next_dagrun for dataset_consumes_1 to None, run_after=None
[2026-09-25T17:17:09.513+0000] {logging_mixin.py:190} INFO - [2026-09-25T17:17:09.512+0000] {dag.py:4180} INFO - Setting next_dagrun for dataset_consumes_1_and_2 to None, run_after=None
[2026-09-25T17:17:09.536+0000] {logging_mixin.py:190} INFO - [2026-09-25T17:17:09.533+0000] {dag.py:4180} INFO - Setting next_dagrun for dataset_consumes_1_never_scheduled to None, run_after=None
[2026-09-25T17:17:09.560+0000] {logging_mixin.py:190} INFO - [2026-09-25T17:17:09.558+0000] {dag.py:4180} INFO - Setting next_dagrun for dataset_consumes_unknown_never_scheduled to None, run_after=None
[2026-09-25T17:17:09.587+0000] {logging_mixin.py:190} INFO - [2026-09-25T17:17:09.586+0000] {dag.py:4180} INFO - Setting next_dagrun for dataset_produces_1 to 2026-09-24 00:00:00+00:00, run_after=2026-09-25 00:00:00+00:00
[2026-09-25T17:17:09.627+0000] {logging_mixin.py:190} INFO - [2026-09-25T17:17:09.613+0000] {dag.py:4180} INFO - Setting next_dagrun for dataset_produces_2 to None, run_after=None
[2026-09-25T17:17:09.923+0000] {processor.py:208} INFO - Processing /home/airflow/.local/lib/python3.12/site-packages/airflow/example_dags/example_datasets.py took 6.342 seconds
[2026-09-25T17:17:40.814+0000] {processor.py:186} INFO - Started process (PID=1861) to work on /home/airflow/.local/lib/python3.12/site-packages/airflow/example_dags/example_datasets.py
[2026-09-25T17:17:40.832+0000] {processor.py:914} INFO - Processing file /home/airflow/.local/lib/python3.12/site-packages/airflow/example_dags/example_datasets.py for tasks to queue
[2026-09-25T17:17:40.847+0000] {logging_mixin.py:190} INFO - [2026-09-25T17:17:40.847+0000] {dagbag.py:588} INFO - Filling up the DagBag from /home/airflow/.local/lib/python3.12/site-packages/airflow/example_dags/example_datasets.py
[2026-09-25T17:17:49.501+0000] {processor.py:925} INFO - DAG(s) 'consume_1_and_2_with_dataset_expressions', 'consume_1_or_2_with_dataset_expressions', 'dataset_consumes_1', 'dataset_produces_1', 'conditional_dataset_and_time_based_timetable', 'dataset_produces_2', 'consume_1_or_both_2_and_3_with_dataset_expressions', 'dataset_consumes_unknown_never_scheduled', 'dataset_consumes_1_never_scheduled', 'dataset_consumes_1_and_2' retrieved from /home/airflow/.local/lib/python3.12/site-packages/airflow/example_dags/example_datasets.py
[2026-09-25T17:17:49.697+0000] {logging_mixin.py:190} INFO - [2026-09-25T17:17:49.697+0000] {dag.py:3239} INFO - Sync 10 DAGs
[2026-09-25T17:17:50.144+0000] {logging_mixin.py:190} INFO - [2026-09-25T17:17:50.143+0000] {dag.py:4180} INFO - Setting next_dagrun for conditional_dataset_and_time_based_timetable to 2026-09-23 01:00:00+00:00, run_after=2026-09-23 01:00:00+00:00
[2026-09-25T17:17:50.160+0000] {logging_mixin.py:190} INFO - [2026-09-25T17:17:50.160+0000] {dag.py:4180} INFO - Setting next_dagrun for consume_1_and_2_with_dataset_expressions to None, run_after=None
[2026-09-25T17:17:50.174+0000] {logging_mixin.py:190} INFO - [2026-09-25T17:17:50.173+0000] {dag.py:4180} INFO - Setting next_dagrun for consume_1_or_2_with_dataset_expressions to None, run_after=None
[2026-09-25T17:17:50.186+0000] {logging_mixin.py:190} INFO - [2026-09-25T17:17:50.185+0000] {dag.py:4180} INFO - Setting next_dagrun for consume_1_or_both_2_and_3_with_dataset_expressions to None, run_after=None
[2026-09-25T17:17:50.193+0000] {logging_mixin.py:190} INFO - [2026-09-25T17:17:50.192+0000] {dag.py:4180} INFO - Setting next_dagrun for dataset_consumes_1 to None, run_after=None
[2026-09-25T17:17:50.198+0000] {logging_mixin.py:190} INFO - [2026-09-25T17:17:50.197+0000] {dag.py:4180} INFO - Setting next_dagrun for dataset_consumes_1_and_2 to None, run_after=None
[2026-09-25T17:17:50.204+0000] {logging_mixin.py:190} INFO - [2026-09-25T17:17:50.202+0000] {dag.py:4180} INFO - Setting next_dagrun for dataset_consumes_1_never_scheduled to None, run_after=None
[2026-09-25T17:17:50.214+0000] {logging_mixin.py:190} INFO - [2026-09-25T17:17:50.213+0000] {dag.py:4180} INFO - Setting next_dagrun for dataset_consumes_unknown_never_scheduled to None, run_after=None
[2026-09-25T17:17:50.230+0000] {logging_mixin.py:190} INFO - [2026-09-25T17:17:50.227+0000] {dag.py:4180} INFO - Setting next_dagrun for dataset_produces_1 to 2026-09-24 00:00:00+00:00, run_after=2026-09-25 00:00:00+00:00
[2026-09-25T17:17:50.242+0000] {logging_mixin.py:190} INFO - [2026-09-25T17:17:50.241+0000] {dag.py:4180} INFO - Setting next_dagrun for dataset_produces_2 to None, run_after=None
[2026-09-25T17:17:50.448+0000] {processor.py:208} INFO - Processing /home/airflow/.local/lib/python3.12/site-packages/airflow/example_dags/example_datasets.py took 9.667 seconds
[2026-09-25T17:18:22.566+0000] {processor.py:186} INFO - Started process (PID=1926) to work on /home/airflow/.local/lib/python3.12/site-packages/airflow/example_dags/example_datasets.py
[2026-09-25T17:18:22.593+0000] {processor.py:914} INFO - Processing file /home/airflow/.local/lib/python3.12/site-packages/airflow/example_dags/example_datasets.py for tasks to queue
[2026-09-25T17:18:22.601+0000] {logging_mixin.py:190} INFO - [2026-09-25T17:18:22.600+0000] {dagbag.py:588} INFO - Filling up the DagBag from /home/airflow/.local/lib/python3.12/site-packages/airflow/example_dags/example_datasets.py
[2026-09-25T17:18:27.272+0000] {processor.py:925} INFO - DAG(s) 'consume_1_or_2_with_dataset_expressions', 'dataset_consumes_1_never_scheduled', 'dataset_consumes_1_and_2', 'consume_1_and_2_with_dataset_expressions', 'conditional_dataset_and_time_based_timetable', 'consume_1_or_both_2_and_3_with_dataset_expressions', 'dataset_consumes_1', 'dataset_consumes_unknown_never_scheduled', 'dataset_produces_2', 'dataset_produces_1' retrieved from /home/airflow/.local/lib/python3.12/site-packages/airflow/example_dags/example_datasets.py
[2026-09-25T17:18:27.465+0000] {logging_mixin.py:190} INFO - [2026-09-25T17:18:27.464+0000] {dag.py:3239} INFO - Sync 10 DAGs
[2026-09-25T17:18:27.599+0000] {logging_mixin.py:190} INFO - [2026-09-25T17:18:27.598+0000] {dag.py:4180} INFO - Setting next_dagrun for conditional_dataset_and_time_based_timetable to 2026-09-23 01:00:00+00:00, run_after=2026-09-23 01:00:00+00:00
[2026-09-25T17:18:27.615+0000] {logging_mixin.py:190} INFO - [2026-09-25T17:18:27.614+0000] {dag.py:4180} INFO - Setting next_dagrun for consume_1_and_2_with_dataset_expressions to None, run_after=None
[2026-09-25T17:18:27.621+0000] {logging_mixin.py:190} INFO - [2026-09-25T17:18:27.620+0000] {dag.py:4180} INFO - Setting next_dagrun for consume_1_or_2_with_dataset_expressions to None, run_after=None
[2026-09-25T17:18:27.634+0000] {logging_mixin.py:190} INFO - [2026-09-25T17:18:27.631+0000] {dag.py:4180} INFO - Setting next_dagrun for consume_1_or_both_2_and_3_with_dataset_expressions to None, run_after=None
[2026-09-25T17:18:27.648+0000] {logging_mixin.py:190} INFO - [2026-09-25T17:18:27.646+0000] {dag.py:4180} INFO - Setting next_dagrun for dataset_consumes_1 to None, run_after=None
[2026-09-25T17:18:27.655+0000] {logging_mixin.py:190} INFO - [2026-09-25T17:18:27.655+0000] {dag.py:4180} INFO - Setting next_dagrun for dataset_consumes_1_and_2 to None, run_after=None
[2026-09-25T17:18:27.659+0000] {logging_mixin.py:190} INFO - [2026-09-25T17:18:27.659+0000] {dag.py:4180} INFO - Setting next_dagrun for dataset_consumes_1_never_scheduled to None, run_after=None
[2026-09-25T17:18:27.664+0000] {logging_mixin.py:190} INFO - [2026-09-25T17:18:27.664+0000] {dag.py:4180} INFO - Setting next_dagrun for dataset_consumes_unknown_never_scheduled to None, run_after=None
[2026-09-25T17:18:27.693+0000] {logging_mixin.py:190} INFO - [2026-09-25T17:18:27.693+0000] {dag.py:4180} INFO - Setting next_dagrun for dataset_produces_1 to 2026-09-24 00:00:00+00:00, run_after=2026-09-25 00:00:00+00:00
[2026-09-25T17:18:27.700+0000] {logging_mixin.py:190} INFO - [2026-09-25T17:18:27.700+0000] {dag.py:4180} INFO - Setting next_dagrun for dataset_produces_2 to None, run_after=None
[2026-09-25T17:18:27.839+0000] {processor.py:208} INFO - Processing /home/airflow/.local/lib/python3.12/site-packages/airflow/example_dags/example_datasets.py took 5.376 seconds
[2026-09-25T17:19:00.380+0000] {processor.py:186} INFO - Started process (PID=1999) to work on /home/airflow/.local/lib/python3.12/site-packages/airflow/example_dags/example_datasets.py
[2026-09-25T17:19:00.384+0000] {processor.py:914} INFO - Processing file /home/airflow/.local/lib/python3.12/site-packages/airflow/example_dags/example_datasets.py for tasks to queue
[2026-09-25T17:19:00.399+0000] {logging_mixin.py:190} INFO - [2026-09-25T17:19:00.397+0000] {dagbag.py:588} INFO - Filling up the DagBag from /home/airflow/.local/lib/python3.12/site-packages/airflow/example_dags/example_datasets.py
[2026-09-25T17:19:02.799+0000] {processor.py:925} INFO - DAG(s) 'dataset_consumes_unknown_never_scheduled', 'dataset_produces_2', 'dataset_consumes_1_and_2', 'dataset_consumes_1', 'consume_1_or_2_with_dataset_expressions', 'consume_1_or_both_2_and_3_with_dataset_expressions', 'dataset_produces_1', 'conditional_dataset_and_time_based_timetable', 'dataset_consumes_1_never_scheduled', 'consume_1_and_2_with_dataset_expressions' retrieved from /home/airflow/.local/lib/python3.12/site-packages/airflow/example_dags/example_datasets.py
[2026-09-25T17:19:02.970+0000] {logging_mixin.py:190} INFO - [2026-09-25T17:19:02.970+0000] {dag.py:3239} INFO - Sync 10 DAGs
[2026-09-25T17:19:03.364+0000] {logging_mixin.py:190} INFO - [2026-09-25T17:19:03.363+0000] {dag.py:4180} INFO - Setting next_dagrun for conditional_dataset_and_time_based_timetable to 2026-09-23 01:00:00+00:00, run_after=2026-09-23 01:00:00+00:00
[2026-09-25T17:19:03.376+0000] {logging_mixin.py:190} INFO - [2026-09-25T17:19:03.375+0000] {dag.py:4180} INFO - Setting next_dagrun for consume_1_and_2_with_dataset_expressions to None, run_after=None
[2026-09-25T17:19:03.384+0000] {logging_mixin.py:190} INFO - [2026-09-25T17:19:03.384+0000] {dag.py:4180} INFO - Setting next_dagrun for consume_1_or_2_with_dataset_expressions to None, run_after=None
[2026-09-25T17:19:03.390+0000] {logging_mixin.py:190} INFO - [2026-09-25T17:19:03.390+0000] {dag.py:4180} INFO - Setting next_dagrun for consume_1_or_both_2_and_3_with_dataset_expressions to None, run_after=None
[2026-09-25T17:19:03.397+0000] {logging_mixin.py:190} INFO - [2026-09-25T17:19:03.395+0000] {dag.py:4180} INFO - Setting next_dagrun for dataset_consumes_1 to None, run_after=None
[2026-09-25T17:19:03.403+0000] {logging_mixin.py:190} INFO - [2026-09-25T17:19:03.403+0000] {dag.py:4180} INFO - Setting next_dagrun for dataset_consumes_1_and_2 to None, run_after=None
[2026-09-25T17:19:03.415+0000] {logging_mixin.py:190} INFO - [2026-09-25T17:19:03.414+0000] {dag.py:4180} INFO - Setting next_dagrun for dataset_consumes_1_never_scheduled to None, run_after=None
[2026-09-25T17:19:03.420+0000] {logging_mixin.py:190} INFO - [2026-09-25T17:19:03.419+0000] {dag.py:4180} INFO - Setting next_dagrun for dataset_consumes_unknown_never_scheduled to None, run_after=None
[2026-09-25T17:19:03.438+0000] {logging_mixin.py:190} INFO - [2026-09-25T17:19:03.435+0000] {dag.py:4180} INFO - Setting next_dagrun for dataset_produces_1 to 2026-09-24 00:00:00+00:00, run_after=2026-09-25 00:00:00+00:00
[2026-09-25T17:19:03.445+0000] {logging_mixin.py:190} INFO - [2026-09-25T17:19:03.444+0000] {dag.py:4180} INFO - Setting next_dagrun for dataset_produces_2 to None, run_after=None
[2026-09-25T17:19:03.593+0000] {processor.py:208} INFO - Processing /home/airflow/.local/lib/python3.12/site-packages/airflow/example_dags/example_datasets.py took 3.313 seconds
[2026-09-25T17:19:35.221+0000] {processor.py:186} INFO - Started process (PID=2069) to work on /home/airflow/.local/lib/python3.12/site-packages/airflow/example_dags/example_datasets.py
[2026-09-25T17:19:35.229+0000] {processor.py:914} INFO - Processing file /home/airflow/.local/lib/python3.12/site-packages/airflow/example_dags/example_datasets.py for tasks to queue
[2026-09-25T17:19:35.242+0000] {logging_mixin.py:190} INFO - [2026-09-25T17:19:35.237+0000] {dagbag.py:588} INFO - Filling up the DagBag from /home/airflow/.local/lib/python3.12/site-packages/airflow/example_dags/example_datasets.py
[2026-09-25T17:19:39.207+0000] {processor.py:925} INFO - DAG(s) 'dataset_consumes_1_and_2', 'dataset_produces_2', 'consume_1_or_2_with_dataset_expressions', 'dataset_consumes_1', 'consume_1_or_both_2_and_3_with_dataset_expressions', 'dataset_consumes_unknown_never_scheduled', 'dataset_consumes_1_never_scheduled', 'dataset_produces_1', 'consume_1_and_2_with_dataset_expressions', 'conditional_dataset_and_time_based_timetable' retrieved from /home/airflow/.local/lib/python3.12/site-packages/airflow/example_dags/example_datasets.py
[2026-09-25T17:19:39.409+0000] {logging_mixin.py:190} INFO - [2026-09-25T17:19:39.409+0000] {dag.py:3239} INFO - Sync 10 DAGs
[2026-09-25T17:19:39.573+0000] {logging_mixin.py:190} INFO - [2026-09-25T17:19:39.573+0000] {dag.py:4180} INFO - Setting next_dagrun for conditional_dataset_and_time_based_timetable to 2026-09-23 01:00:00+00:00, run_after=2026-09-23 01:00:00+00:00
[2026-09-25T17:19:39.586+0000] {logging_mixin.py:190} INFO - [2026-09-25T17:19:39.585+0000] {dag.py:4180} INFO - Setting next_dagrun for consume_1_and_2_with_dataset_expressions to None, run_after=None
[2026-09-25T17:19:39.593+0000] {logging_mixin.py:190} INFO - [2026-09-25T17:19:39.592+0000] {dag.py:4180} INFO - Setting next_dagrun for consume_1_or_2_with_dataset_expressions to None, run_after=None
[2026-09-25T17:19:39.598+0000] {logging_mixin.py:190} INFO - [2026-09-25T17:19:39.598+0000] {dag.py:4180} INFO - Setting next_dagrun for consume_1_or_both_2_and_3_with_dataset_expressions to None, run_after=None
[2026-09-25T17:19:39.603+0000] {logging_mixin.py:190} INFO - [2026-09-25T17:19:39.602+0000] {dag.py:4180} INFO - Setting next_dagrun for dataset_consumes_1 to None, run_after=None
[2026-09-25T17:19:39.612+0000] {logging_mixin.py:190} INFO - [2026-09-25T17:19:39.611+0000] {dag.py:4180} INFO - Setting next_dagrun for dataset_consumes_1_and_2 to None, run_after=None
[2026-09-25T17:19:39.616+0000] {logging_mixin.py:190} INFO - [2026-09-25T17:19:39.616+0000] {dag.py:4180} INFO - Setting next_dagrun for dataset_consumes_1_never_scheduled to None, run_after=None
[2026-09-25T17:19:39.620+0000] {logging_mixin.py:190} INFO - [2026-09-25T17:19:39.620+0000] {dag.py:4180} INFO - Setting next_dagrun for dataset_consumes_unknown_never_scheduled to None, run_after=None
[2026-09-25T17:19:39.642+0000] {logging_mixin.py:190} INFO - [2026-09-25T17:19:39.641+0000] {dag.py:4180} INFO - Setting next_dagrun for dataset_produces_1 to 2026-09-24 00:00:00+00:00, run_after=2026-09-25 00:00:00+00:00
[2026-09-25T17:19:39.651+0000] {logging_mixin.py:190} INFO - [2026-09-25T17:19:39.651+0000] {dag.py:4180} INFO - Setting next_dagrun for dataset_produces_2 to None, run_after=None
[2026-09-25T17:19:39.810+0000] {processor.py:208} INFO - Processing /home/airflow/.local/lib/python3.12/site-packages/airflow/example_dags/example_datasets.py took 4.613 seconds
[2026-09-25T17:20:10.404+0000] {processor.py:186} INFO - Started process (PID=2134) to work on /home/airflow/.local/lib/python3.12/site-packages/airflow/example_dags/example_datasets.py
[2026-09-25T17:20:10.406+0000] {processor.py:914} INFO - Processing file /home/airflow/.local/lib/python3.12/site-packages/airflow/example_dags/example_datasets.py for tasks to queue
[2026-09-25T17:20:10.412+0000] {logging_mixin.py:190} INFO - [2026-09-25T17:20:10.411+0000] {dagbag.py:588} INFO - Filling up the DagBag from /home/airflow/.local/lib/python3.12/site-packages/airflow/example_dags/example_datasets.py
[2026-09-25T17:20:13.827+0000] {processor.py:925} INFO - DAG(s) 'conditional_dataset_and_time_based_timetable', 'consume_1_and_2_with_dataset_expressions', 'dataset_consumes_1_and_2', 'dataset_produces_1', 'consume_1_or_both_2_and_3_with_dataset_expressions', 'consume_1_or_2_with_dataset_expressions', 'dataset_consumes_1', 'dataset_consumes_unknown_never_scheduled', 'dataset_produces_2', 'dataset_consumes_1_never_scheduled' retrieved from /home/airflow/.local/lib/python3.12/site-packages/airflow/example_dags/example_datasets.py
[2026-09-25T17:20:14.204+0000] {logging_mixin.py:190} INFO - [2026-09-25T17:20:14.203+0000] {dag.py:3239} INFO - Sync 10 DAGs
[2026-09-25T17:20:15.940+0000] {logging_mixin.py:190} INFO - [2026-09-25T17:20:15.921+0000] {dag.py:4180} INFO - Setting next_dagrun for conditional_dataset_and_time_based_timetable to 2026-09-23 01:00:00+00:00, run_after=2026-09-23 01:00:00+00:00
[2026-09-25T17:20:16.468+0000] {logging_mixin.py:190} INFO - [2026-09-25T17:20:16.467+0000] {dag.py:4180} INFO - Setting next_dagrun for consume_1_and_2_with_dataset_expressions to None, run_after=None
[2026-09-25T17:20:16.503+0000] {logging_mixin.py:190} INFO - [2026-09-25T17:20:16.495+0000] {dag.py:4180} INFO - Setting next_dagrun for consume_1_or_2_with_dataset_expressions to None, run_after=None
[2026-09-25T17:20:16.523+0000] {logging_mixin.py:190} INFO - [2026-09-25T17:20:16.523+0000] {dag.py:4180} INFO - Setting next_dagrun for consume_1_or_both_2_and_3_with_dataset_expressions to None, run_after=None
[2026-09-25T17:20:16.585+0000] {logging_mixin.py:190} INFO - [2026-09-25T17:20:16.581+0000] {dag.py:4180} INFO - Setting next_dagrun for dataset_consumes_1 to None, run_after=None
[2026-09-25T17:20:16.612+0000] {logging_mixin.py:190} INFO - [2026-09-25T17:20:16.611+0000] {dag.py:4180} INFO - Setting next_dagrun for dataset_consumes_1_and_2 to None, run_after=None
[2026-09-25T17:20:16.663+0000] {logging_mixin.py:190} INFO - [2026-09-25T17:20:16.662+0000] {dag.py:4180} INFO - Setting next_dagrun for dataset_consumes_1_never_scheduled to None, run_after=None
[2026-09-25T17:20:16.707+0000] {logging_mixin.py:190} INFO - [2026-09-25T17:20:16.706+0000] {dag.py:4180} INFO - Setting next_dagrun for dataset_consumes_unknown_never_scheduled to None, run_after=None
[2026-09-25T17:20:17.157+0000] {logging_mixin.py:190} INFO - [2026-09-25T17:20:17.157+0000] {dag.py:4180} INFO - Setting next_dagrun for dataset_produces_1 to 2026-09-24 00:00:00+00:00, run_after=2026-09-25 00:00:00+00:00
[2026-09-25T17:20:17.412+0000] {logging_mixin.py:190} INFO - [2026-09-25T17:20:17.411+0000] {dag.py:4180} INFO - Setting next_dagrun for dataset_produces_2 to None, run_after=None
[2026-09-25T17:20:17.884+0000] {processor.py:208} INFO - Processing /home/airflow/.local/lib/python3.12/site-packages/airflow/example_dags/example_datasets.py took 7.496 seconds
[2026-09-25T17:20:58.351+0000] {processor.py:186} INFO - Started process (PID=2198) to work on /home/airflow/.local/lib/python3.12/site-packages/airflow/example_dags/example_datasets.py
[2026-09-25T17:20:58.354+0000] {processor.py:914} INFO - Processing file /home/airflow/.local/lib/python3.12/site-packages/airflow/example_dags/example_datasets.py for tasks to queue
[2026-09-25T17:20:58.366+0000] {logging_mixin.py:190} INFO - [2026-09-25T17:20:58.365+0000] {dagbag.py:588} INFO - Filling up the DagBag from /home/airflow/.local/lib/python3.12/site-packages/airflow/example_dags/example_datasets.py
[2026-09-25T17:21:06.144+0000] {processor.py:925} INFO - DAG(s) 'dataset_produces_2', 'dataset_consumes_unknown_never_scheduled', 'dataset_produces_1', 'dataset_consumes_1', 'conditional_dataset_and_time_based_timetable', 'dataset_consumes_1_and_2', 'consume_1_and_2_with_dataset_expressions', 'consume_1_or_both_2_and_3_with_dataset_expressions', 'dataset_consumes_1_never_scheduled', 'consume_1_or_2_with_dataset_expressions' retrieved from /home/airflow/.local/lib/python3.12/site-packages/airflow/example_dags/example_datasets.py
[2026-09-25T17:21:07.185+0000] {logging_mixin.py:190} INFO - [2026-09-25T17:21:07.184+0000] {dag.py:3239} INFO - Sync 10 DAGs
[2026-09-25T17:21:07.727+0000] {logging_mixin.py:190} INFO - [2026-09-25T17:21:07.726+0000] {dag.py:4180} INFO - Setting next_dagrun for conditional_dataset_and_time_based_timetable to 2026-09-23 01:00:00+00:00, run_after=2026-09-23 01:00:00+00:00
[2026-09-25T17:21:07.769+0000] {logging_mixin.py:190} INFO - [2026-09-25T17:21:07.768+0000] {dag.py:4180} INFO - Setting next_dagrun for consume_1_and_2_with_dataset_expressions to None, run_after=None
[2026-09-25T17:21:07.776+0000] {logging_mixin.py:190} INFO - [2026-09-25T17:21:07.776+0000] {dag.py:4180} INFO - Setting next_dagrun for consume_1_or_2_with_dataset_expressions to None, run_after=None
[2026-09-25T17:21:07.813+0000] {logging_mixin.py:190} INFO - [2026-09-25T17:21:07.812+0000] {dag.py:4180} INFO - Setting next_dagrun for consume_1_or_both_2_and_3_with_dataset_expressions to None, run_after=None
[2026-09-25T17:21:07.831+0000] {logging_mixin.py:190} INFO - [2026-09-25T17:21:07.823+0000] {dag.py:4180} INFO - Setting next_dagrun for dataset_consumes_1 to None, run_after=None
[2026-09-25T17:21:07.881+0000] {logging_mixin.py:190} INFO - [2026-09-25T17:21:07.879+0000] {dag.py:4180} INFO - Setting next_dagrun for dataset_consumes_1_and_2 to None, run_after=None
[2026-09-25T17:21:07.897+0000] {logging_mixin.py:190} INFO - [2026-09-25T17:21:07.897+0000] {dag.py:4180} INFO - Setting next_dagrun for dataset_consumes_1_never_scheduled to None, run_after=None
[2026-09-25T17:21:07.907+0000] {logging_mixin.py:190} INFO - [2026-09-25T17:21:07.907+0000] {dag.py:4180} INFO - Setting next_dagrun for dataset_consumes_unknown_never_scheduled to None, run_after=None
[2026-09-25T17:21:07.935+0000] {logging_mixin.py:190} INFO - [2026-09-25T17:21:07.934+0000] {dag.py:4180} INFO - Setting next_dagrun for dataset_produces_1 to 2026-09-24 00:00:00+00:00, run_after=2026-09-25 00:00:00+00:00
[2026-09-25T17:21:07.964+0000] {logging_mixin.py:190} INFO - [2026-09-25T17:21:07.963+0000] {dag.py:4180} INFO - Setting next_dagrun for dataset_produces_2 to None, run_after=None
[2026-09-25T17:21:08.595+0000] {processor.py:208} INFO - Processing /home/airflow/.local/lib/python3.12/site-packages/airflow/example_dags/example_datasets.py took 10.281 seconds
[2026-09-25T17:21:40.687+0000] {processor.py:186} INFO - Started process (PID=2267) to work on /home/airflow/.local/lib/python3.12/site-packages/airflow/example_dags/example_datasets.py
[2026-09-25T17:21:40.751+0000] {processor.py:914} INFO - Processing file /home/airflow/.local/lib/python3.12/site-packages/airflow/example_dags/example_datasets.py for tasks to queue
[2026-09-25T17:21:40.894+0000] {logging_mixin.py:190} INFO - [2026-09-25T17:21:40.876+0000] {dagbag.py:588} INFO - Filling up the DagBag from /home/airflow/.local/lib/python3.12/site-packages/airflow/example_dags/example_datasets.py
[2026-09-25T17:22:07.647+0000] {processor.py:925} INFO - DAG(s) 'consume_1_or_2_with_dataset_expressions', 'dataset_produces_1', 'conditional_dataset_and_time_based_timetable', 'consume_1_or_both_2_and_3_with_dataset_expressions', 'consume_1_and_2_with_dataset_expressions', 'dataset_consumes_1_never_scheduled', 'dataset_consumes_unknown_never_scheduled', 'dataset_consumes_1', 'dataset_produces_2', 'dataset_consumes_1_and_2' retrieved from /home/airflow/.local/lib/python3.12/site-packages/airflow/example_dags/example_datasets.py
[2026-09-25T17:22:09.348+0000] {logging_mixin.py:190} INFO - [2026-09-25T17:22:09.347+0000] {dag.py:3239} INFO - Sync 10 DAGs
[2026-09-25T17:22:09.589+0000] {logging_mixin.py:190} INFO - [2026-09-25T17:22:09.587+0000] {dag.py:4180} INFO - Setting next_dagrun for conditional_dataset_and_time_based_timetable to 2026-09-23 01:00:00+00:00, run_after=2026-09-23 01:00:00+00:00
[2026-09-25T17:22:09.614+0000] {logging_mixin.py:190} INFO - [2026-09-25T17:22:09.613+0000] {dag.py:4180} INFO - Setting next_dagrun for consume_1_and_2_with_dataset_expressions to None, run_after=None
[2026-09-25T17:22:09.625+0000] {logging_mixin.py:190} INFO - [2026-09-25T17:22:09.624+0000] {dag.py:4180} INFO - Setting next_dagrun for consume_1_or_2_with_dataset_expressions to None, run_after=None
[2026-09-25T17:22:09.634+0000] {logging_mixin.py:190} INFO - [2026-09-25T17:22:09.634+0000] {dag.py:4180} INFO - Setting next_dagrun for consume_1_or_both_2_and_3_with_dataset_expressions to None, run_after=None
[2026-09-25T17:22:09.647+0000] {logging_mixin.py:190} INFO - [2026-09-25T17:22:09.646+0000] {dag.py:4180} INFO - Setting next_dagrun for dataset_consumes_1 to None, run_after=None
[2026-09-25T17:22:09.655+0000] {logging_mixin.py:190} INFO - [2026-09-25T17:22:09.653+0000] {dag.py:4180} INFO - Setting next_dagrun for dataset_consumes_1_and_2 to None, run_after=None
[2026-09-25T17:22:09.663+0000] {logging_mixin.py:190} INFO - [2026-09-25T17:22:09.662+0000] {dag.py:4180} INFO - Setting next_dagrun for dataset_consumes_1_never_scheduled to None, run_after=None
[2026-09-25T17:22:09.672+0000] {logging_mixin.py:190} INFO - [2026-09-25T17:22:09.669+0000] {dag.py:4180} INFO - Setting next_dagrun for dataset_consumes_unknown_never_scheduled to None, run_after=None
[2026-09-25T17:22:09.691+0000] {logging_mixin.py:190} INFO - [2026-09-25T17:22:09.690+0000] {dag.py:4180} INFO - Setting next_dagrun for dataset_produces_1 to 2026-09-24 00:00:00+00:00, run_after=2026-09-25 00:00:00+00:00
[2026-09-25T17:22:09.701+0000] {logging_mixin.py:190} INFO - [2026-09-25T17:22:09.700+0000] {dag.py:4180} INFO - Setting next_dagrun for dataset_produces_2 to None, run_after=None
[2026-09-25T17:22:09.993+0000] {processor.py:208} INFO - Processing /home/airflow/.local/lib/python3.12/site-packages/airflow/example_dags/example_datasets.py took 30.085 seconds
[2026-09-25T17:22:51.306+0000] {processor.py:186} INFO - Started process (PID=2349) to work on /home/airflow/.local/lib/python3.12/site-packages/airflow/example_dags/example_datasets.py
[2026-09-25T17:22:51.313+0000] {processor.py:914} INFO - Processing file /home/airflow/.local/lib/python3.12/site-packages/airflow/example_dags/example_datasets.py for tasks to queue
[2026-09-25T17:22:51.324+0000] {logging_mixin.py:190} INFO - [2026-09-25T17:22:51.323+0000] {dagbag.py:588} INFO - Filling up the DagBag from /home/airflow/.local/lib/python3.12/site-packages/airflow/example_dags/example_datasets.py
[2026-09-25T17:22:53.785+0000] {processor.py:925} INFO - DAG(s) 'dataset_consumes_1_never_scheduled', 'dataset_produces_2', 'conditional_dataset_and_time_based_timetable', 'dataset_produces_1', 'dataset_consumes_1_and_2', 'consume_1_and_2_with_dataset_expressions', 'dataset_consumes_1', 'dataset_consumes_unknown_never_scheduled', 'consume_1_or_2_with_dataset_expressions', 'consume_1_or_both_2_and_3_with_dataset_expressions' retrieved from /home/airflow/.local/lib/python3.12/site-packages/airflow/example_dags/example_datasets.py
[2026-09-25T17:22:53.986+0000] {logging_mixin.py:190} INFO - [2026-09-25T17:22:53.985+0000] {dag.py:3239} INFO - Sync 10 DAGs
[2026-09-25T17:22:54.117+0000] {logging_mixin.py:190} INFO - [2026-09-25T17:22:54.116+0000] {dag.py:4180} INFO - Setting next_dagrun for conditional_dataset_and_time_based_timetable to 2026-09-23 01:00:00+00:00, run_after=2026-09-23 01:00:00+00:00
[2026-09-25T17:22:54.143+0000] {logging_mixin.py:190} INFO - [2026-09-25T17:22:54.143+0000] {dag.py:4180} INFO - Setting next_dagrun for consume_1_and_2_with_dataset_expressions to None, run_after=None
[2026-09-25T17:22:54.151+0000] {logging_mixin.py:190} INFO - [2026-09-25T17:22:54.150+0000] {dag.py:4180} INFO - Setting next_dagrun for consume_1_or_2_with_dataset_expressions to None, run_after=None
[2026-09-25T17:22:54.155+0000] {logging_mixin.py:190} INFO - [2026-09-25T17:22:54.155+0000] {dag.py:4180} INFO - Setting next_dagrun for consume_1_or_both_2_and_3_with_dataset_expressions to None, run_after=None
[2026-09-25T17:22:54.159+0000] {logging_mixin.py:190} INFO - [2026-09-25T17:22:54.158+0000] {dag.py:4180} INFO - Setting next_dagrun for dataset_consumes_1 to None, run_after=None
[2026-09-25T17:22:54.164+0000] {logging_mixin.py:190} INFO - [2026-09-25T17:22:54.163+0000] {dag.py:4180} INFO - Setting next_dagrun for dataset_consumes_1_and_2 to None, run_after=None
[2026-09-25T17:22:54.169+0000] {logging_mixin.py:190} INFO - [2026-09-25T17:22:54.168+0000] {dag.py:4180} INFO - Setting next_dagrun for dataset_consumes_1_never_scheduled to None, run_after=None
[2026-09-25T17:22:54.173+0000] {logging_mixin.py:190} INFO - [2026-09-25T17:22:54.173+0000] {dag.py:4180} INFO - Setting next_dagrun for dataset_consumes_unknown_never_scheduled to None, run_after=None
[2026-09-25T17:22:54.195+0000] {logging_mixin.py:190} INFO - [2026-09-25T17:22:54.194+0000] {dag.py:4180} INFO - Setting next_dagrun for dataset_produces_1 to 2026-09-24 00:00:00+00:00, run_after=2026-09-25 00:00:00+00:00
[2026-09-25T17:22:54.215+0000] {logging_mixin.py:190} INFO - [2026-09-25T17:22:54.215+0000] {dag.py:4180} INFO - Setting next_dagrun for dataset_produces_2 to None, run_after=None
[2026-09-25T17:22:54.508+0000] {processor.py:208} INFO - Processing /home/airflow/.local/lib/python3.12/site-packages/airflow/example_dags/example_datasets.py took 3.232 seconds
[2026-09-25T17:23:31.276+0000] {processor.py:186} INFO - Started process (PID=2413) to work on /home/airflow/.local/lib/python3.12/site-packages/airflow/example_dags/example_datasets.py
[2026-09-25T17:23:31.280+0000] {processor.py:914} INFO - Processing file /home/airflow/.local/lib/python3.12/site-packages/airflow/example_dags/example_datasets.py for tasks to queue
[2026-09-25T17:23:31.285+0000] {logging_mixin.py:190} INFO - [2026-09-25T17:23:31.285+0000] {dagbag.py:588} INFO - Filling up the DagBag from /home/airflow/.local/lib/python3.12/site-packages/airflow/example_dags/example_datasets.py
[2026-09-25T17:23:34.186+0000] {processor.py:925} INFO - DAG(s) 'dataset_consumes_1_never_scheduled', 'consume_1_or_both_2_and_3_with_dataset_expressions', 'dataset_consumes_1', 'dataset_consumes_1_and_2', 'consume_1_and_2_with_dataset_expressions', 'dataset_produces_2', 'dataset_consumes_unknown_never_scheduled', 'dataset_produces_1', 'consume_1_or_2_with_dataset_expressions', 'conditional_dataset_and_time_based_timetable' retrieved from /home/airflow/.local/lib/python3.12/site-packages/airflow/example_dags/example_datasets.py
[2026-09-25T17:23:34.770+0000] {logging_mixin.py:190} INFO - [2026-09-25T17:23:34.769+0000] {dag.py:3239} INFO - Sync 10 DAGs
[2026-09-25T17:23:34.960+0000] {logging_mixin.py:190} INFO - [2026-09-25T17:23:34.958+0000] {dag.py:4180} INFO - Setting next_dagrun for conditional_dataset_and_time_based_timetable to 2026-09-23 01:00:00+00:00, run_after=2026-09-23 01:00:00+00:00
[2026-09-25T17:23:35.018+0000] {logging_mixin.py:190} INFO - [2026-09-25T17:23:35.017+0000] {dag.py:4180} INFO - Setting next_dagrun for consume_1_and_2_with_dataset_expressions to None, run_after=None
[2026-09-25T17:23:35.025+0000] {logging_mixin.py:190} INFO - [2026-09-25T17:23:35.024+0000] {dag.py:4180} INFO - Setting next_dagrun for consume_1_or_2_with_dataset_expressions to None, run_after=None
[2026-09-25T17:23:35.031+0000] {logging_mixin.py:190} INFO - [2026-09-25T17:23:35.031+0000] {dag.py:4180} INFO - Setting next_dagrun for consume_1_or_both_2_and_3_with_dataset_expressions to None, run_after=None
[2026-09-25T17:23:35.037+0000] {logging_mixin.py:190} INFO - [2026-09-25T17:23:35.037+0000] {dag.py:4180} INFO - Setting next_dagrun for dataset_consumes_1 to None, run_after=None
[2026-09-25T17:23:35.043+0000] {logging_mixin.py:190} INFO - [2026-09-25T17:23:35.042+0000] {dag.py:4180} INFO - Setting next_dagrun for dataset_consumes_1_and_2 to None, run_after=None
[2026-09-25T17:23:35.048+0000] {logging_mixin.py:190} INFO - [2026-09-25T17:23:35.048+0000] {dag.py:4180} INFO - Setting next_dagrun for dataset_consumes_1_never_scheduled to None, run_after=None
[2026-09-25T17:23:35.061+0000] {logging_mixin.py:190} INFO - [2026-09-25T17:23:35.061+0000] {dag.py:4180} INFO - Setting next_dagrun for dataset_consumes_unknown_never_scheduled to None, run_after=None
[2026-09-25T17:23:35.084+0000] {logging_mixin.py:190} INFO - [2026-09-25T17:23:35.082+0000] {dag.py:4180} INFO - Setting next_dagrun for dataset_produces_1 to 2026-09-24 00:00:00+00:00, run_after=2026-09-25 00:00:00+00:00
[2026-09-25T17:23:35.135+0000] {logging_mixin.py:190} INFO - [2026-09-25T17:23:35.135+0000] {dag.py:4180} INFO - Setting next_dagrun for dataset_produces_2 to None, run_after=None
[2026-09-25T17:23:35.433+0000] {processor.py:208} INFO - Processing /home/airflow/.local/lib/python3.12/site-packages/airflow/example_dags/example_datasets.py took 4.176 seconds
[2026-09-25T17:24:05.928+0000] {processor.py:186} INFO - Started process (PID=2481) to work on /home/airflow/.local/lib/python3.12/site-packages/airflow/example_dags/example_datasets.py
[2026-09-25T17:24:05.935+0000] {processor.py:914} INFO - Processing file /home/airflow/.local/lib/python3.12/site-packages/airflow/example_dags/example_datasets.py for tasks to queue
[2026-09-25T17:24:05.946+0000] {logging_mixin.py:190} INFO - [2026-09-25T17:24:05.945+0000] {dagbag.py:588} INFO - Filling up the DagBag from /home/airflow/.local/lib/python3.12/site-packages/airflow/example_dags/example_datasets.py
[2026-09-25T17:24:08.441+0000] {processor.py:925} INFO - DAG(s) 'dataset_produces_1', 'dataset_consumes_1_never_scheduled', 'conditional_dataset_and_time_based_timetable', 'dataset_consumes_1', 'consume_1_and_2_with_dataset_expressions', 'dataset_consumes_unknown_never_scheduled', 'dataset_consumes_1_and_2', 'dataset_produces_2', 'consume_1_or_both_2_and_3_with_dataset_expressions', 'consume_1_or_2_with_dataset_expressions' retrieved from /home/airflow/.local/lib/python3.12/site-packages/airflow/example_dags/example_datasets.py
[2026-09-25T17:24:08.598+0000] {logging_mixin.py:190} INFO - [2026-09-25T17:24:08.597+0000] {dag.py:3239} INFO - Sync 10 DAGs
[2026-09-25T17:24:08.704+0000] {logging_mixin.py:190} INFO - [2026-09-25T17:24:08.704+0000] {dag.py:4180} INFO - Setting next_dagrun for conditional_dataset_and_time_based_timetable to 2026-09-23 01:00:00+00:00, run_after=2026-09-23 01:00:00+00:00
[2026-09-25T17:24:08.718+0000] {logging_mixin.py:190} INFO - [2026-09-25T17:24:08.717+0000] {dag.py:4180} INFO - Setting next_dagrun for consume_1_and_2_with_dataset_expressions to None, run_after=None
[2026-09-25T17:24:08.723+0000] {logging_mixin.py:190} INFO - [2026-09-25T17:24:08.723+0000] {dag.py:4180} INFO - Setting next_dagrun for consume_1_or_2_with_dataset_expressions to None, run_after=None
[2026-09-25T17:24:08.739+0000] {logging_mixin.py:190} INFO - [2026-09-25T17:24:08.729+0000] {dag.py:4180} INFO - Setting next_dagrun for consume_1_or_both_2_and_3_with_dataset_expressions to None, run_after=None
[2026-09-25T17:24:08.746+0000] {logging_mixin.py:190} INFO - [2026-09-25T17:24:08.745+0000] {dag.py:4180} INFO - Setting next_dagrun for dataset_consumes_1 to None, run_after=None
[2026-09-25T17:24:08.755+0000] {logging_mixin.py:190} INFO - [2026-09-25T17:24:08.751+0000] {dag.py:4180} INFO - Setting next_dagrun for dataset_consumes_1_and_2 to None, run_after=None
[2026-09-25T17:24:08.762+0000] {logging_mixin.py:190} INFO - [2026-09-25T17:24:08.762+0000] {dag.py:4180} INFO - Setting next_dagrun for dataset_consumes_1_never_scheduled to None, run_after=None
[2026-09-25T17:24:08.768+0000] {logging_mixin.py:190} INFO - [2026-09-25T17:24:08.768+0000] {dag.py:4180} INFO - Setting next_dagrun for dataset_consumes_unknown_never_scheduled to None, run_after=None
[2026-09-25T17:24:08.789+0000] {logging_mixin.py:190} INFO - [2026-09-25T17:24:08.787+0000] {dag.py:4180} INFO - Setting next_dagrun for dataset_produces_1 to 2026-09-24 00:00:00+00:00, run_after=2026-09-25 00:00:00+00:00
[2026-09-25T17:24:08.795+0000] {logging_mixin.py:190} INFO - [2026-09-25T17:24:08.794+0000] {dag.py:4180} INFO - Setting next_dagrun for dataset_produces_2 to None, run_after=None
[2026-09-25T17:24:08.921+0000] {processor.py:208} INFO - Processing /home/airflow/.local/lib/python3.12/site-packages/airflow/example_dags/example_datasets.py took 3.014 seconds
[2026-09-25T17:24:41.346+0000] {processor.py:186} INFO - Started process (PID=2538) to work on /home/airflow/.local/lib/python3.12/site-packages/airflow/example_dags/example_datasets.py
[2026-09-25T17:24:41.349+0000] {processor.py:914} INFO - Processing file /home/airflow/.local/lib/python3.12/site-packages/airflow/example_dags/example_datasets.py for tasks to queue
[2026-09-25T17:24:41.355+0000] {logging_mixin.py:190} INFO - [2026-09-25T17:24:41.354+0000] {dagbag.py:588} INFO - Filling up the DagBag from /home/airflow/.local/lib/python3.12/site-packages/airflow/example_dags/example_datasets.py
[2026-09-25T17:24:44.823+0000] {processor.py:925} INFO - DAG(s) 'conditional_dataset_and_time_based_timetable', 'consume_1_and_2_with_dataset_expressions', 'consume_1_or_2_with_dataset_expressions', 'dataset_consumes_1_and_2', 'dataset_consumes_1', 'dataset_consumes_unknown_never_scheduled', 'consume_1_or_both_2_and_3_with_dataset_expressions', 'dataset_produces_1', 'dataset_consumes_1_never_scheduled', 'dataset_produces_2' retrieved from /home/airflow/.local/lib/python3.12/site-packages/airflow/example_dags/example_datasets.py
[2026-09-25T17:24:45.011+0000] {logging_mixin.py:190} INFO - [2026-09-25T17:24:45.010+0000] {dag.py:3239} INFO - Sync 10 DAGs
[2026-09-25T17:24:45.133+0000] {logging_mixin.py:190} INFO - [2026-09-25T17:24:45.133+0000] {dag.py:4180} INFO - Setting next_dagrun for conditional_dataset_and_time_based_timetable to 2026-09-23 01:00:00+00:00, run_after=2026-09-23 01:00:00+00:00
[2026-09-25T17:24:45.148+0000] {logging_mixin.py:190} INFO - [2026-09-25T17:24:45.147+0000] {dag.py:4180} INFO - Setting next_dagrun for consume_1_and_2_with_dataset_expressions to None, run_after=None
[2026-09-25T17:24:45.155+0000] {logging_mixin.py:190} INFO - [2026-09-25T17:24:45.154+0000] {dag.py:4180} INFO - Setting next_dagrun for consume_1_or_2_with_dataset_expressions to None, run_after=None
[2026-09-25T17:24:45.159+0000] {logging_mixin.py:190} INFO - [2026-09-25T17:24:45.159+0000] {dag.py:4180} INFO - Setting next_dagrun for consume_1_or_both_2_and_3_with_dataset_expressions to None, run_after=None
[2026-09-25T17:24:45.168+0000] {logging_mixin.py:190} INFO - [2026-09-25T17:24:45.168+0000] {dag.py:4180} INFO - Setting next_dagrun for dataset_consumes_1 to None, run_after=None
[2026-09-25T17:24:45.174+0000] {logging_mixin.py:190} INFO - [2026-09-25T17:24:45.174+0000] {dag.py:4180} INFO - Setting next_dagrun for dataset_consumes_1_and_2 to None, run_after=None
[2026-09-25T17:24:45.180+0000] {logging_mixin.py:190} INFO - [2026-09-25T17:24:45.179+0000] {dag.py:4180} INFO - Setting next_dagrun for dataset_consumes_1_never_scheduled to None, run_after=None
[2026-09-25T17:24:45.184+0000] {logging_mixin.py:190} INFO - [2026-09-25T17:24:45.183+0000] {dag.py:4180} INFO - Setting next_dagrun for dataset_consumes_unknown_never_scheduled to None, run_after=None
[2026-09-25T17:24:45.201+0000] {logging_mixin.py:190} INFO - [2026-09-25T17:24:45.201+0000] {dag.py:4180} INFO - Setting next_dagrun for dataset_produces_1 to 2026-09-24 00:00:00+00:00, run_after=2026-09-25 00:00:00+00:00
[2026-09-25T17:24:45.207+0000] {logging_mixin.py:190} INFO - [2026-09-25T17:24:45.206+0000] {dag.py:4180} INFO - Setting next_dagrun for dataset_produces_2 to None, run_after=None
[2026-09-25T17:24:45.325+0000] {processor.py:208} INFO - Processing /home/airflow/.local/lib/python3.12/site-packages/airflow/example_dags/example_datasets.py took 4.008 seconds
