[2026-09-25T16:15:35.174+0000] {processor.py:186} INFO - Started process (PID=103) to work on /home/airflow/.local/lib/python3.12/site-packages/airflow/example_dags/example_sla_dag.py
[2026-09-25T16:15:35.179+0000] {processor.py:914} INFO - Processing file /home/airflow/.local/lib/python3.12/site-packages/airflow/example_dags/example_sla_dag.py for tasks to queue
[2026-09-25T16:15:35.188+0000] {logging_mixin.py:190} INFO - [2026-09-25T16:15:35.187+0000] {dagbag.py:588} INFO - Filling up the DagBag from /home/airflow/.local/lib/python3.12/site-packages/airflow/example_dags/example_sla_dag.py
[2026-09-25T16:15:35.228+0000] {processor.py:925} INFO - DAG(s) 'example_sla_dag' retrieved from /home/airflow/.local/lib/python3.12/site-packages/airflow/example_dags/example_sla_dag.py
[2026-09-25T16:15:35.337+0000] {logging_mixin.py:190} INFO - [2026-09-25T16:15:35.337+0000] {dag.py:3239} INFO - Sync 1 DAGs
[2026-09-25T16:15:35.829+0000] {logging_mixin.py:190} INFO - [2026-09-25T16:15:35.828+0000] {dag.py:4180} INFO - Setting next_dagrun for example_sla_dag to 2026-09-25 16:12:00+00:00, run_after=2026-09-25 16:14:00+00:00
[2026-09-25T16:15:36.033+0000] {processor.py:208} INFO - Processing /home/airflow/.local/lib/python3.12/site-packages/airflow/example_dags/example_sla_dag.py took 0.879 seconds
[2026-09-25T16:18:21.831+0000] {processor.py:186} INFO - Started process (PID=190) to work on /home/airflow/.local/lib/python3.12/site-packages/airflow/example_dags/example_sla_dag.py
[2026-09-25T16:18:21.888+0000] {processor.py:914} INFO - Processing file /home/airflow/.local/lib/python3.12/site-packages/airflow/example_dags/example_sla_dag.py for tasks to queue
[2026-09-25T16:18:21.952+0000] {logging_mixin.py:190} INFO - [2026-09-25T16:18:21.951+0000] {dagbag.py:588} INFO - Filling up the DagBag from /home/airflow/.local/lib/python3.12/site-packages/airflow/example_dags/example_sla_dag.py
[2026-09-25T16:18:22.229+0000] {processor.py:925} INFO - DAG(s) 'example_sla_dag' retrieved from /home/airflow/.local/lib/python3.12/site-packages/airflow/example_dags/example_sla_dag.py
[2026-09-25T16:18:23.048+0000] {logging_mixin.py:190} INFO - [2026-09-25T16:18:23.046+0000] {dag.py:3239} INFO - Sync 1 DAGs
[2026-09-25T16:18:23.494+0000] {logging_mixin.py:190} INFO - [2026-09-25T16:18:23.493+0000] {dag.py:4180} INFO - Setting next_dagrun for example_sla_dag to 2026-09-25 16:16:00+00:00, run_after=2026-09-25 16:18:00+00:00
[2026-09-25T16:18:23.819+0000] {processor.py:208} INFO - Processing /home/airflow/.local/lib/python3.12/site-packages/airflow/example_dags/example_sla_dag.py took 2.049 seconds
[2026-09-25T16:19:37.741+0000] {processor.py:186} INFO - Started process (PID=254) to work on /home/airflow/.local/lib/python3.12/site-packages/airflow/example_dags/example_sla_dag.py
[2026-09-25T16:19:37.766+0000] {processor.py:914} INFO - Processing file /home/airflow/.local/lib/python3.12/site-packages/airflow/example_dags/example_sla_dag.py for tasks to queue
[2026-09-25T16:19:37.793+0000] {logging_mixin.py:190} INFO - [2026-09-25T16:19:37.793+0000] {dagbag.py:588} INFO - Filling up the DagBag from /home/airflow/.local/lib/python3.12/site-packages/airflow/example_dags/example_sla_dag.py
[2026-09-25T16:19:38.029+0000] {processor.py:925} INFO - DAG(s) 'example_sla_dag' retrieved from /home/airflow/.local/lib/python3.12/site-packages/airflow/example_dags/example_sla_dag.py
[2026-09-25T16:19:38.521+0000] {logging_mixin.py:190} INFO - [2026-09-25T16:19:38.521+0000] {dag.py:3239} INFO - Sync 1 DAGs
[2026-09-25T16:19:38.856+0000] {logging_mixin.py:190} INFO - [2026-09-25T16:19:38.856+0000] {dag.py:4180} INFO - Setting next_dagrun for example_sla_dag to 2026-09-25 16:16:00+00:00, run_after=2026-09-25 16:18:00+00:00
[2026-09-25T16:19:39.322+0000] {processor.py:208} INFO - Processing /home/airflow/.local/lib/python3.12/site-packages/airflow/example_dags/example_sla_dag.py took 1.756 seconds
[2026-09-25T16:20:29.701+0000] {processor.py:186} INFO - Started process (PID=304) to work on /home/airflow/.local/lib/python3.12/site-packages/airflow/example_dags/example_sla_dag.py
[2026-09-25T16:20:29.704+0000] {processor.py:914} INFO - Processing file /home/airflow/.local/lib/python3.12/site-packages/airflow/example_dags/example_sla_dag.py for tasks to queue
[2026-09-25T16:20:29.710+0000] {logging_mixin.py:190} INFO - [2026-09-25T16:20:29.709+0000] {dagbag.py:588} INFO - Filling up the DagBag from /home/airflow/.local/lib/python3.12/site-packages/airflow/example_dags/example_sla_dag.py
[2026-09-25T16:20:29.736+0000] {processor.py:925} INFO - DAG(s) 'example_sla_dag' retrieved from /home/airflow/.local/lib/python3.12/site-packages/airflow/example_dags/example_sla_dag.py
[2026-09-25T16:20:29.790+0000] {logging_mixin.py:190} INFO - [2026-09-25T16:20:29.790+0000] {dag.py:3239} INFO - Sync 1 DAGs
[2026-09-25T16:20:29.876+0000] {logging_mixin.py:190} INFO - [2026-09-25T16:20:29.876+0000] {dag.py:4180} INFO - Setting next_dagrun for example_sla_dag to 2026-09-25 16:18:00+00:00, run_after=2026-09-25 16:20:00+00:00
[2026-09-25T16:20:29.938+0000] {processor.py:208} INFO - Processing /home/airflow/.local/lib/python3.12/site-packages/airflow/example_dags/example_sla_dag.py took 0.251 seconds
[2026-09-25T16:21:25.897+0000] {processor.py:186} INFO - Started process (PID=357) to work on /home/airflow/.local/lib/python3.12/site-packages/airflow/example_dags/example_sla_dag.py
[2026-09-25T16:21:25.913+0000] {processor.py:914} INFO - Processing file /home/airflow/.local/lib/python3.12/site-packages/airflow/example_dags/example_sla_dag.py for tasks to queue
[2026-09-25T16:21:25.922+0000] {logging_mixin.py:190} INFO - [2026-09-25T16:21:25.921+0000] {dagbag.py:588} INFO - Filling up the DagBag from /home/airflow/.local/lib/python3.12/site-packages/airflow/example_dags/example_sla_dag.py
[2026-09-25T16:21:26.037+0000] {processor.py:925} INFO - DAG(s) 'example_sla_dag' retrieved from /home/airflow/.local/lib/python3.12/site-packages/airflow/example_dags/example_sla_dag.py
[2026-09-25T16:21:26.203+0000] {logging_mixin.py:190} INFO - [2026-09-25T16:21:26.194+0000] {dag.py:3239} INFO - Sync 1 DAGs
[2026-09-25T16:21:26.492+0000] {logging_mixin.py:190} INFO - [2026-09-25T16:21:26.492+0000] {dag.py:4180} INFO - Setting next_dagrun for example_sla_dag to 2026-09-25 16:18:00+00:00, run_after=2026-09-25 16:20:00+00:00
[2026-09-25T16:21:26.906+0000] {processor.py:208} INFO - Processing /home/airflow/.local/lib/python3.12/site-packages/airflow/example_dags/example_sla_dag.py took 1.078 seconds
[2026-09-25T16:22:32.877+0000] {processor.py:186} INFO - Started process (PID=424) to work on /home/airflow/.local/lib/python3.12/site-packages/airflow/example_dags/example_sla_dag.py
[2026-09-25T16:22:32.887+0000] {processor.py:914} INFO - Processing file /home/airflow/.local/lib/python3.12/site-packages/airflow/example_dags/example_sla_dag.py for tasks to queue
[2026-09-25T16:22:32.911+0000] {logging_mixin.py:190} INFO - [2026-09-25T16:22:32.910+0000] {dagbag.py:588} INFO - Filling up the DagBag from /home/airflow/.local/lib/python3.12/site-packages/airflow/example_dags/example_sla_dag.py
[2026-09-25T16:22:33.010+0000] {processor.py:925} INFO - DAG(s) 'example_sla_dag' retrieved from /home/airflow/.local/lib/python3.12/site-packages/airflow/example_dags/example_sla_dag.py
[2026-09-25T16:22:33.758+0000] {logging_mixin.py:190} INFO - [2026-09-25T16:22:33.757+0000] {dag.py:3239} INFO - Sync 1 DAGs
[2026-09-25T16:22:34.355+0000] {logging_mixin.py:190} INFO - [2026-09-25T16:22:34.355+0000] {dag.py:4180} INFO - Setting next_dagrun for example_sla_dag to 2026-09-25 16:20:00+00:00, run_after=2026-09-25 16:22:00+00:00
[2026-09-25T16:22:34.609+0000] {processor.py:208} INFO - Processing /home/airflow/.local/lib/python3.12/site-packages/airflow/example_dags/example_sla_dag.py took 1.818 seconds
[2026-09-25T16:23:11.820+0000] {processor.py:186} INFO - Started process (PID=494) to work on /home/airflow/.local/lib/python3.12/site-packages/airflow/example_dags/example_sla_dag.py
[2026-09-25T16:23:11.825+0000] {processor.py:914} INFO - Processing file /home/airflow/.local/lib/python3.12/site-packages/airflow/example_dags/example_sla_dag.py for tasks to queue
[2026-09-25T16:23:11.852+0000] {logging_mixin.py:190} INFO - [2026-09-25T16:23:11.851+0000] {dagbag.py:588} INFO - Filling up the DagBag from /home/airflow/.local/lib/python3.12/site-packages/airflow/example_dags/example_sla_dag.py
[2026-09-25T16:23:11.932+0000] {processor.py:925} INFO - DAG(s) 'example_sla_dag' retrieved from /home/airflow/.local/lib/python3.12/site-packages/airflow/example_dags/example_sla_dag.py
[2026-09-25T16:23:12.137+0000] {logging_mixin.py:190} INFO - [2026-09-25T16:23:12.137+0000] {dag.py:3239} INFO - Sync 1 DAGs
[2026-09-25T16:23:12.322+0000] {logging_mixin.py:190} INFO - [2026-09-25T16:23:12.322+0000] {dag.py:4180} INFO - Setting next_dagrun for example_sla_dag to 2026-09-25 16:20:00+00:00, run_after=2026-09-25 16:22:00+00:00
[2026-09-25T16:23:12.478+0000] {processor.py:208} INFO - Processing /home/airflow/.local/lib/python3.12/site-packages/airflow/example_dags/example_sla_dag.py took 0.714 seconds
[2026-09-25T16:23:52.860+0000] {processor.py:186} INFO - Started process (PID=557) to work on /home/airflow/.local/lib/python3.12/site-packages/airflow/example_dags/example_sla_dag.py
[2026-09-25T16:23:52.873+0000] {processor.py:914} INFO - Processing file /home/airflow/.local/lib/python3.12/site-packages/airflow/example_dags/example_sla_dag.py for tasks to queue
[2026-09-25T16:23:52.883+0000] {logging_mixin.py:190} INFO - [2026-09-25T16:23:52.881+0000] {dagbag.py:588} INFO - Filling up the DagBag from /home/airflow/.local/lib/python3.12/site-packages/airflow/example_dags/example_sla_dag.py
[2026-09-25T16:23:52.936+0000] {processor.py:925} INFO - DAG(s) 'example_sla_dag' retrieved from /home/airflow/.local/lib/python3.12/site-packages/airflow/example_dags/example_sla_dag.py
[2026-09-25T16:23:53.043+0000] {logging_mixin.py:190} INFO - [2026-09-25T16:23:53.042+0000] {dag.py:3239} INFO - Sync 1 DAGs
[2026-09-25T16:23:53.269+0000] {logging_mixin.py:190} INFO - [2026-09-25T16:23:53.264+0000] {dag.py:4180} INFO - Setting next_dagrun for example_sla_dag to 2026-09-25 16:20:00+00:00, run_after=2026-09-25 16:22:00+00:00
[2026-09-25T16:23:53.365+0000] {processor.py:208} INFO - Processing /home/airflow/.local/lib/python3.12/site-packages/airflow/example_dags/example_sla_dag.py took 0.535 seconds
[2026-09-25T16:24:23.767+0000] {processor.py:186} INFO - Started process (PID=620) to work on /home/airflow/.local/lib/python3.12/site-packages/airflow/example_dags/example_sla_dag.py
[2026-09-25T16:24:23.771+0000] {processor.py:914} INFO - Processing file /home/airflow/.local/lib/python3.12/site-packages/airflow/example_dags/example_sla_dag.py for tasks to queue
[2026-09-25T16:24:23.798+0000] {logging_mixin.py:190} INFO - [2026-09-25T16:24:23.779+0000] {dagbag.py:588} INFO - Filling up the DagBag from /home/airflow/.local/lib/python3.12/site-packages/airflow/example_dags/example_sla_dag.py
[2026-09-25T16:24:23.870+0000] {processor.py:925} INFO - DAG(s) 'example_sla_dag' retrieved from /home/airflow/.local/lib/python3.12/site-packages/airflow/example_dags/example_sla_dag.py
[2026-09-25T16:24:23.951+0000] {logging_mixin.py:190} INFO - [2026-09-25T16:24:23.950+0000] {dag.py:3239} INFO - Sync 1 DAGs
[2026-09-25T16:24:24.029+0000] {logging_mixin.py:190} INFO - [2026-09-25T16:24:24.028+0000] {dag.py:4180} INFO - Setting next_dagrun for example_sla_dag to 2026-09-25 16:22:00+00:00, run_after=2026-09-25 16:24:00+00:00
[2026-09-25T16:24:24.075+0000] {processor.py:208} INFO - Processing /home/airflow/.local/lib/python3.12/site-packages/airflow/example_dags/example_sla_dag.py took 0.338 seconds
[2026-09-25T16:25:10.931+0000] {processor.py:186} INFO - Started process (PID=681) to work on /home/airflow/.local/lib/python3.12/site-packages/airflow/example_dags/example_sla_dag.py
[2026-09-25T16:25:10.936+0000] {processor.py:914} INFO - Processing file /home/airflow/.local/lib/python3.12/site-packages/airflow/example_dags/example_sla_dag.py for tasks to queue
[2026-09-25T16:25:10.942+0000] {logging_mixin.py:190} INFO - [2026-09-25T16:25:10.941+0000] {dagbag.py:588} INFO - Filling up the DagBag from /home/airflow/.local/lib/python3.12/site-packages/airflow/example_dags/example_sla_dag.py
[2026-09-25T16:25:10.991+0000] {processor.py:925} INFO - DAG(s) 'example_sla_dag' retrieved from /home/airflow/.local/lib/python3.12/site-packages/airflow/example_dags/example_sla_dag.py
[2026-09-25T16:25:11.068+0000] {logging_mixin.py:190} INFO - [2026-09-25T16:25:11.067+0000] {dag.py:3239} INFO - Sync 1 DAGs
[2026-09-25T16:25:11.167+0000] {logging_mixin.py:190} INFO - [2026-09-25T16:25:11.165+0000] {dag.py:4180} INFO - Setting next_dagrun for example_sla_dag to 2026-09-25 16:22:00+00:00, run_after=2026-09-25 16:24:00+00:00
[2026-09-25T16:25:11.248+0000] {processor.py:208} INFO - Processing /home/airflow/.local/lib/python3.12/site-packages/airflow/example_dags/example_sla_dag.py took 0.334 seconds
[2026-09-25T16:25:51.094+0000] {processor.py:186} INFO - Started process (PID=743) to work on /home/airflow/.local/lib/python3.12/site-packages/airflow/example_dags/example_sla_dag.py
[2026-09-25T16:25:51.099+0000] {processor.py:914} INFO - Processing file /home/airflow/.local/lib/python3.12/site-packages/airflow/example_dags/example_sla_dag.py for tasks to queue
[2026-09-25T16:25:51.194+0000] {logging_mixin.py:190} INFO - [2026-09-25T16:25:51.192+0000] {dagbag.py:588} INFO - Filling up the DagBag from /home/airflow/.local/lib/python3.12/site-packages/airflow/example_dags/example_sla_dag.py
[2026-09-25T16:25:51.293+0000] {processor.py:925} INFO - DAG(s) 'example_sla_dag' retrieved from /home/airflow/.local/lib/python3.12/site-packages/airflow/example_dags/example_sla_dag.py
[2026-09-25T16:25:51.412+0000] {logging_mixin.py:190} INFO - [2026-09-25T16:25:51.401+0000] {dag.py:3239} INFO - Sync 1 DAGs
[2026-09-25T16:25:51.621+0000] {logging_mixin.py:190} INFO - [2026-09-25T16:25:51.621+0000] {dag.py:4180} INFO - Setting next_dagrun for example_sla_dag to 2026-09-25 16:22:00+00:00, run_after=2026-09-25 16:24:00+00:00
[2026-09-25T16:25:51.705+0000] {processor.py:208} INFO - Processing /home/airflow/.local/lib/python3.12/site-packages/airflow/example_dags/example_sla_dag.py took 0.679 seconds
[2026-09-25T16:26:22.582+0000] {processor.py:186} INFO - Started process (PID=805) to work on /home/airflow/.local/lib/python3.12/site-packages/airflow/example_dags/example_sla_dag.py
[2026-09-25T16:26:22.584+0000] {processor.py:914} INFO - Processing file /home/airflow/.local/lib/python3.12/site-packages/airflow/example_dags/example_sla_dag.py for tasks to queue
[2026-09-25T16:26:22.594+0000] {logging_mixin.py:190} INFO - [2026-09-25T16:26:22.594+0000] {dagbag.py:588} INFO - Filling up the DagBag from /home/airflow/.local/lib/python3.12/site-packages/airflow/example_dags/example_sla_dag.py
[2026-09-25T16:26:22.621+0000] {processor.py:925} INFO - DAG(s) 'example_sla_dag' retrieved from /home/airflow/.local/lib/python3.12/site-packages/airflow/example_dags/example_sla_dag.py
[2026-09-25T16:26:22.659+0000] {logging_mixin.py:190} INFO - [2026-09-25T16:26:22.659+0000] {dag.py:3239} INFO - Sync 1 DAGs
[2026-09-25T16:26:22.710+0000] {logging_mixin.py:190} INFO - [2026-09-25T16:26:22.709+0000] {dag.py:4180} INFO - Setting next_dagrun for example_sla_dag to 2026-09-25 16:24:00+00:00, run_after=2026-09-25 16:26:00+00:00
[2026-09-25T16:26:22.753+0000] {processor.py:208} INFO - Processing /home/airflow/.local/lib/python3.12/site-packages/airflow/example_dags/example_sla_dag.py took 0.182 seconds
[2026-09-25T16:26:57.725+0000] {processor.py:186} INFO - Started process (PID=870) to work on /home/airflow/.local/lib/python3.12/site-packages/airflow/example_dags/example_sla_dag.py
[2026-09-25T16:26:57.727+0000] {processor.py:914} INFO - Processing file /home/airflow/.local/lib/python3.12/site-packages/airflow/example_dags/example_sla_dag.py for tasks to queue
[2026-09-25T16:26:57.748+0000] {logging_mixin.py:190} INFO - [2026-09-25T16:26:57.747+0000] {dagbag.py:588} INFO - Filling up the DagBag from /home/airflow/.local/lib/python3.12/site-packages/airflow/example_dags/example_sla_dag.py
[2026-09-25T16:26:57.797+0000] {processor.py:925} INFO - DAG(s) 'example_sla_dag' retrieved from /home/airflow/.local/lib/python3.12/site-packages/airflow/example_dags/example_sla_dag.py
[2026-09-25T16:26:57.895+0000] {logging_mixin.py:190} INFO - [2026-09-25T16:26:57.895+0000] {dag.py:3239} INFO - Sync 1 DAGs
[2026-09-25T16:26:58.127+0000] {logging_mixin.py:190} INFO - [2026-09-25T16:26:58.126+0000] {dag.py:4180} INFO - Setting next_dagrun for example_sla_dag to 2026-09-25 16:24:00+00:00, run_after=2026-09-25 16:26:00+00:00
[2026-09-25T16:26:58.446+0000] {processor.py:208} INFO - Processing /home/airflow/.local/lib/python3.12/site-packages/airflow/example_dags/example_sla_dag.py took 0.743 seconds
[2026-09-25T16:27:30.799+0000] {processor.py:186} INFO - Started process (PID=931) to work on /home/airflow/.local/lib/python3.12/site-packages/airflow/example_dags/example_sla_dag.py
[2026-09-25T16:27:30.814+0000] {processor.py:914} INFO - Processing file /home/airflow/.local/lib/python3.12/site-packages/airflow/example_dags/example_sla_dag.py for tasks to queue
[2026-09-25T16:27:30.827+0000] {logging_mixin.py:190} INFO - [2026-09-25T16:27:30.826+0000] {dagbag.py:588} INFO - Filling up the DagBag from /home/airflow/.local/lib/python3.12/site-packages/airflow/example_dags/example_sla_dag.py
[2026-09-25T16:27:30.909+0000] {processor.py:925} INFO - DAG(s) 'example_sla_dag' retrieved from /home/airflow/.local/lib/python3.12/site-packages/airflow/example_dags/example_sla_dag.py
[2026-09-25T16:27:31.073+0000] {logging_mixin.py:190} INFO - [2026-09-25T16:27:31.071+0000] {dag.py:3239} INFO - Sync 1 DAGs
[2026-09-25T16:27:31.225+0000] {logging_mixin.py:190} INFO - [2026-09-25T16:27:31.224+0000] {dag.py:4180} INFO - Setting next_dagrun for example_sla_dag to 2026-09-25 16:24:00+00:00, run_after=2026-09-25 16:26:00+00:00
[2026-09-25T16:27:31.300+0000] {processor.py:208} INFO - Processing /home/airflow/.local/lib/python3.12/site-packages/airflow/example_dags/example_sla_dag.py took 0.538 seconds
[2026-09-25T16:28:24.669+0000] {processor.py:186} INFO - Started process (PID=999) to work on /home/airflow/.local/lib/python3.12/site-packages/airflow/example_dags/example_sla_dag.py
[2026-09-25T16:28:24.677+0000] {processor.py:914} INFO - Processing file /home/airflow/.local/lib/python3.12/site-packages/airflow/example_dags/example_sla_dag.py for tasks to queue
[2026-09-25T16:28:24.705+0000] {logging_mixin.py:190} INFO - [2026-09-25T16:28:24.682+0000] {dagbag.py:588} INFO - Filling up the DagBag from /home/airflow/.local/lib/python3.12/site-packages/airflow/example_dags/example_sla_dag.py
[2026-09-25T16:28:24.784+0000] {processor.py:925} INFO - DAG(s) 'example_sla_dag' retrieved from /home/airflow/.local/lib/python3.12/site-packages/airflow/example_dags/example_sla_dag.py
[2026-09-25T16:28:25.003+0000] {logging_mixin.py:190} INFO - [2026-09-25T16:28:25.002+0000] {dag.py:3239} INFO - Sync 1 DAGs
[2026-09-25T16:28:25.412+0000] {logging_mixin.py:190} INFO - [2026-09-25T16:28:25.410+0000] {dag.py:4180} INFO - Setting next_dagrun for example_sla_dag to 2026-09-25 16:26:00+00:00, run_after=2026-09-25 16:28:00+00:00
[2026-09-25T16:28:25.661+0000] {processor.py:208} INFO - Processing /home/airflow/.local/lib/python3.12/site-packages/airflow/example_dags/example_sla_dag.py took 1.015 seconds
[2026-09-25T16:29:02.659+0000] {processor.py:186} INFO - Started process (PID=1052) to work on /home/airflow/.local/lib/python3.12/site-packages/airflow/example_dags/example_sla_dag.py
[2026-09-25T16:29:02.662+0000] {processor.py:914} INFO - Processing file /home/airflow/.local/lib/python3.12/site-packages/airflow/example_dags/example_sla_dag.py for tasks to queue
[2026-09-25T16:29:02.679+0000] {logging_mixin.py:190} INFO - [2026-09-25T16:29:02.678+0000] {dagbag.py:588} INFO - Filling up the DagBag from /home/airflow/.local/lib/python3.12/site-packages/airflow/example_dags/example_sla_dag.py
[2026-09-25T16:29:02.715+0000] {processor.py:925} INFO - DAG(s) 'example_sla_dag' retrieved from /home/airflow/.local/lib/python3.12/site-packages/airflow/example_dags/example_sla_dag.py
[2026-09-25T16:29:02.781+0000] {logging_mixin.py:190} INFO - [2026-09-25T16:29:02.780+0000] {dag.py:3239} INFO - Sync 1 DAGs
[2026-09-25T16:29:02.922+0000] {logging_mixin.py:190} INFO - [2026-09-25T16:29:02.921+0000] {dag.py:4180} INFO - Setting next_dagrun for example_sla_dag to 2026-09-25 16:26:00+00:00, run_after=2026-09-25 16:28:00+00:00
[2026-09-25T16:29:03.098+0000] {processor.py:208} INFO - Processing /home/airflow/.local/lib/python3.12/site-packages/airflow/example_dags/example_sla_dag.py took 0.466 seconds
[2026-09-25T16:43:36.143+0000] {processor.py:186} INFO - Started process (PID=84) to work on /home/airflow/.local/lib/python3.12/site-packages/airflow/example_dags/example_sla_dag.py
[2026-09-25T16:43:36.167+0000] {processor.py:914} INFO - Processing file /home/airflow/.local/lib/python3.12/site-packages/airflow/example_dags/example_sla_dag.py for tasks to queue
[2026-09-25T16:43:36.297+0000] {logging_mixin.py:190} INFO - [2026-09-25T16:43:36.294+0000] {dagbag.py:588} INFO - Filling up the DagBag from /home/airflow/.local/lib/python3.12/site-packages/airflow/example_dags/example_sla_dag.py
[2026-09-25T16:43:37.092+0000] {processor.py:925} INFO - DAG(s) 'example_sla_dag' retrieved from /home/airflow/.local/lib/python3.12/site-packages/airflow/example_dags/example_sla_dag.py
[2026-09-25T16:43:37.792+0000] {logging_mixin.py:190} INFO - [2026-09-25T16:43:37.791+0000] {dag.py:3239} INFO - Sync 1 DAGs
[2026-09-25T16:43:38.112+0000] {logging_mixin.py:190} INFO - [2026-09-25T16:43:38.112+0000] {dag.py:4180} INFO - Setting next_dagrun for example_sla_dag to 2026-09-25 16:40:00+00:00, run_after=2026-09-25 16:42:00+00:00
[2026-09-25T16:43:38.251+0000] {processor.py:208} INFO - Processing /home/airflow/.local/lib/python3.12/site-packages/airflow/example_dags/example_sla_dag.py took 2.391 seconds
[2026-09-25T16:44:08.789+0000] {processor.py:186} INFO - Started process (PID=146) to work on /home/airflow/.local/lib/python3.12/site-packages/airflow/example_dags/example_sla_dag.py
[2026-09-25T16:44:08.792+0000] {processor.py:914} INFO - Processing file /home/airflow/.local/lib/python3.12/site-packages/airflow/example_dags/example_sla_dag.py for tasks to queue
[2026-09-25T16:44:08.800+0000] {logging_mixin.py:190} INFO - [2026-09-25T16:44:08.798+0000] {dagbag.py:588} INFO - Filling up the DagBag from /home/airflow/.local/lib/python3.12/site-packages/airflow/example_dags/example_sla_dag.py
[2026-09-25T16:44:08.842+0000] {processor.py:925} INFO - DAG(s) 'example_sla_dag' retrieved from /home/airflow/.local/lib/python3.12/site-packages/airflow/example_dags/example_sla_dag.py
[2026-09-25T16:44:08.910+0000] {logging_mixin.py:190} INFO - [2026-09-25T16:44:08.908+0000] {dag.py:3239} INFO - Sync 1 DAGs
[2026-09-25T16:44:09.033+0000] {logging_mixin.py:190} INFO - [2026-09-25T16:44:09.033+0000] {dag.py:4180} INFO - Setting next_dagrun for example_sla_dag to 2026-09-25 16:42:00+00:00, run_after=2026-09-25 16:44:00+00:00
[2026-09-25T16:44:09.098+0000] {processor.py:208} INFO - Processing /home/airflow/.local/lib/python3.12/site-packages/airflow/example_dags/example_sla_dag.py took 0.339 seconds
[2026-09-25T16:44:39.571+0000] {processor.py:186} INFO - Started process (PID=209) to work on /home/airflow/.local/lib/python3.12/site-packages/airflow/example_dags/example_sla_dag.py
[2026-09-25T16:44:39.573+0000] {processor.py:914} INFO - Processing file /home/airflow/.local/lib/python3.12/site-packages/airflow/example_dags/example_sla_dag.py for tasks to queue
[2026-09-25T16:44:39.578+0000] {logging_mixin.py:190} INFO - [2026-09-25T16:44:39.578+0000] {dagbag.py:588} INFO - Filling up the DagBag from /home/airflow/.local/lib/python3.12/site-packages/airflow/example_dags/example_sla_dag.py
[2026-09-25T16:44:39.603+0000] {processor.py:925} INFO - DAG(s) 'example_sla_dag' retrieved from /home/airflow/.local/lib/python3.12/site-packages/airflow/example_dags/example_sla_dag.py
[2026-09-25T16:44:39.644+0000] {logging_mixin.py:190} INFO - [2026-09-25T16:44:39.644+0000] {dag.py:3239} INFO - Sync 1 DAGs
[2026-09-25T16:44:39.720+0000] {logging_mixin.py:190} INFO - [2026-09-25T16:44:39.719+0000] {dag.py:4180} INFO - Setting next_dagrun for example_sla_dag to 2026-09-25 16:42:00+00:00, run_after=2026-09-25 16:44:00+00:00
[2026-09-25T16:44:39.815+0000] {processor.py:208} INFO - Processing /home/airflow/.local/lib/python3.12/site-packages/airflow/example_dags/example_sla_dag.py took 0.266 seconds
[2026-09-25T16:45:16.219+0000] {processor.py:186} INFO - Started process (PID=272) to work on /home/airflow/.local/lib/python3.12/site-packages/airflow/example_dags/example_sla_dag.py
[2026-09-25T16:45:16.222+0000] {processor.py:914} INFO - Processing file /home/airflow/.local/lib/python3.12/site-packages/airflow/example_dags/example_sla_dag.py for tasks to queue
[2026-09-25T16:45:16.226+0000] {logging_mixin.py:190} INFO - [2026-09-25T16:45:16.226+0000] {dagbag.py:588} INFO - Filling up the DagBag from /home/airflow/.local/lib/python3.12/site-packages/airflow/example_dags/example_sla_dag.py
[2026-09-25T16:45:16.245+0000] {processor.py:925} INFO - DAG(s) 'example_sla_dag' retrieved from /home/airflow/.local/lib/python3.12/site-packages/airflow/example_dags/example_sla_dag.py
[2026-09-25T16:45:16.282+0000] {logging_mixin.py:190} INFO - [2026-09-25T16:45:16.282+0000] {dag.py:3239} INFO - Sync 1 DAGs
[2026-09-25T16:45:16.334+0000] {logging_mixin.py:190} INFO - [2026-09-25T16:45:16.334+0000] {dag.py:4180} INFO - Setting next_dagrun for example_sla_dag to 2026-09-25 16:42:00+00:00, run_after=2026-09-25 16:44:00+00:00
[2026-09-25T16:45:16.372+0000] {processor.py:208} INFO - Processing /home/airflow/.local/lib/python3.12/site-packages/airflow/example_dags/example_sla_dag.py took 0.166 seconds
[2026-09-25T16:45:49.554+0000] {processor.py:186} INFO - Started process (PID=327) to work on /home/airflow/.local/lib/python3.12/site-packages/airflow/example_dags/example_sla_dag.py
[2026-09-25T16:45:49.559+0000] {processor.py:914} INFO - Processing file /home/airflow/.local/lib/python3.12/site-packages/airflow/example_dags/example_sla_dag.py for tasks to queue
[2026-09-25T16:45:49.565+0000] {logging_mixin.py:190} INFO - [2026-09-25T16:45:49.564+0000] {dagbag.py:588} INFO - Filling up the DagBag from /home/airflow/.local/lib/python3.12/site-packages/airflow/example_dags/example_sla_dag.py
[2026-09-25T16:45:49.598+0000] {processor.py:925} INFO - DAG(s) 'example_sla_dag' retrieved from /home/airflow/.local/lib/python3.12/site-packages/airflow/example_dags/example_sla_dag.py
[2026-09-25T16:45:49.662+0000] {logging_mixin.py:190} INFO - [2026-09-25T16:45:49.661+0000] {dag.py:3239} INFO - Sync 1 DAGs
[2026-09-25T16:45:49.754+0000] {logging_mixin.py:190} INFO - [2026-09-25T16:45:49.753+0000] {dag.py:4180} INFO - Setting next_dagrun for example_sla_dag to 2026-09-25 16:42:00+00:00, run_after=2026-09-25 16:44:00+00:00
[2026-09-25T16:45:49.829+0000] {processor.py:208} INFO - Processing /home/airflow/.local/lib/python3.12/site-packages/airflow/example_dags/example_sla_dag.py took 0.288 seconds
[2026-09-25T16:46:22.635+0000] {processor.py:186} INFO - Started process (PID=389) to work on /home/airflow/.local/lib/python3.12/site-packages/airflow/example_dags/example_sla_dag.py
[2026-09-25T16:46:22.638+0000] {processor.py:914} INFO - Processing file /home/airflow/.local/lib/python3.12/site-packages/airflow/example_dags/example_sla_dag.py for tasks to queue
[2026-09-25T16:46:22.649+0000] {logging_mixin.py:190} INFO - [2026-09-25T16:46:22.648+0000] {dagbag.py:588} INFO - Filling up the DagBag from /home/airflow/.local/lib/python3.12/site-packages/airflow/example_dags/example_sla_dag.py
[2026-09-25T16:46:22.691+0000] {processor.py:925} INFO - DAG(s) 'example_sla_dag' retrieved from /home/airflow/.local/lib/python3.12/site-packages/airflow/example_dags/example_sla_dag.py
[2026-09-25T16:46:22.743+0000] {logging_mixin.py:190} INFO - [2026-09-25T16:46:22.742+0000] {dag.py:3239} INFO - Sync 1 DAGs
[2026-09-25T16:46:22.859+0000] {logging_mixin.py:190} INFO - [2026-09-25T16:46:22.858+0000] {dag.py:4180} INFO - Setting next_dagrun for example_sla_dag to 2026-09-25 16:44:00+00:00, run_after=2026-09-25 16:46:00+00:00
[2026-09-25T16:46:22.923+0000] {processor.py:208} INFO - Processing /home/airflow/.local/lib/python3.12/site-packages/airflow/example_dags/example_sla_dag.py took 0.319 seconds
[2026-09-25T16:46:54.338+0000] {processor.py:186} INFO - Started process (PID=452) to work on /home/airflow/.local/lib/python3.12/site-packages/airflow/example_dags/example_sla_dag.py
[2026-09-25T16:46:54.341+0000] {processor.py:914} INFO - Processing file /home/airflow/.local/lib/python3.12/site-packages/airflow/example_dags/example_sla_dag.py for tasks to queue
[2026-09-25T16:46:54.348+0000] {logging_mixin.py:190} INFO - [2026-09-25T16:46:54.347+0000] {dagbag.py:588} INFO - Filling up the DagBag from /home/airflow/.local/lib/python3.12/site-packages/airflow/example_dags/example_sla_dag.py
[2026-09-25T16:46:54.374+0000] {processor.py:925} INFO - DAG(s) 'example_sla_dag' retrieved from /home/airflow/.local/lib/python3.12/site-packages/airflow/example_dags/example_sla_dag.py
[2026-09-25T16:46:54.520+0000] {logging_mixin.py:190} INFO - [2026-09-25T16:46:54.519+0000] {dag.py:3239} INFO - Sync 1 DAGs
[2026-09-25T16:46:54.807+0000] {logging_mixin.py:190} INFO - [2026-09-25T16:46:54.806+0000] {dag.py:4180} INFO - Setting next_dagrun for example_sla_dag to 2026-09-25 16:44:00+00:00, run_after=2026-09-25 16:46:00+00:00
[2026-09-25T16:46:54.858+0000] {processor.py:208} INFO - Processing /home/airflow/.local/lib/python3.12/site-packages/airflow/example_dags/example_sla_dag.py took 0.538 seconds
[2026-09-25T16:47:32.722+0000] {processor.py:186} INFO - Started process (PID=514) to work on /home/airflow/.local/lib/python3.12/site-packages/airflow/example_dags/example_sla_dag.py
[2026-09-25T16:47:32.726+0000] {processor.py:914} INFO - Processing file /home/airflow/.local/lib/python3.12/site-packages/airflow/example_dags/example_sla_dag.py for tasks to queue
[2026-09-25T16:47:32.738+0000] {logging_mixin.py:190} INFO - [2026-09-25T16:47:32.737+0000] {dagbag.py:588} INFO - Filling up the DagBag from /home/airflow/.local/lib/python3.12/site-packages/airflow/example_dags/example_sla_dag.py
[2026-09-25T16:47:32.784+0000] {processor.py:925} INFO - DAG(s) 'example_sla_dag' retrieved from /home/airflow/.local/lib/python3.12/site-packages/airflow/example_dags/example_sla_dag.py
[2026-09-25T16:47:33.055+0000] {logging_mixin.py:190} INFO - [2026-09-25T16:47:33.054+0000] {dag.py:3239} INFO - Sync 1 DAGs
[2026-09-25T16:47:33.634+0000] {logging_mixin.py:190} INFO - [2026-09-25T16:47:33.633+0000] {dag.py:4180} INFO - Setting next_dagrun for example_sla_dag to 2026-09-25 16:44:00+00:00, run_after=2026-09-25 16:46:00+00:00
[2026-09-25T16:47:33.905+0000] {processor.py:208} INFO - Processing /home/airflow/.local/lib/python3.12/site-packages/airflow/example_dags/example_sla_dag.py took 1.289 seconds
[2026-09-25T16:48:13.495+0000] {processor.py:186} INFO - Started process (PID=581) to work on /home/airflow/.local/lib/python3.12/site-packages/airflow/example_dags/example_sla_dag.py
[2026-09-25T16:48:13.504+0000] {processor.py:914} INFO - Processing file /home/airflow/.local/lib/python3.12/site-packages/airflow/example_dags/example_sla_dag.py for tasks to queue
[2026-09-25T16:48:13.520+0000] {logging_mixin.py:190} INFO - [2026-09-25T16:48:13.519+0000] {dagbag.py:588} INFO - Filling up the DagBag from /home/airflow/.local/lib/python3.12/site-packages/airflow/example_dags/example_sla_dag.py
[2026-09-25T16:48:13.567+0000] {processor.py:925} INFO - DAG(s) 'example_sla_dag' retrieved from /home/airflow/.local/lib/python3.12/site-packages/airflow/example_dags/example_sla_dag.py
[2026-09-25T16:48:13.628+0000] {logging_mixin.py:190} INFO - [2026-09-25T16:48:13.628+0000] {dag.py:3239} INFO - Sync 1 DAGs
[2026-09-25T16:48:13.717+0000] {logging_mixin.py:190} INFO - [2026-09-25T16:48:13.717+0000] {dag.py:4180} INFO - Setting next_dagrun for example_sla_dag to 2026-09-25 16:46:00+00:00, run_after=2026-09-25 16:48:00+00:00
[2026-09-25T16:48:14.031+0000] {processor.py:208} INFO - Processing /home/airflow/.local/lib/python3.12/site-packages/airflow/example_dags/example_sla_dag.py took 0.566 seconds
[2026-09-25T16:48:46.150+0000] {processor.py:186} INFO - Started process (PID=643) to work on /home/airflow/.local/lib/python3.12/site-packages/airflow/example_dags/example_sla_dag.py
[2026-09-25T16:48:46.154+0000] {processor.py:914} INFO - Processing file /home/airflow/.local/lib/python3.12/site-packages/airflow/example_dags/example_sla_dag.py for tasks to queue
[2026-09-25T16:48:46.168+0000] {logging_mixin.py:190} INFO - [2026-09-25T16:48:46.164+0000] {dagbag.py:588} INFO - Filling up the DagBag from /home/airflow/.local/lib/python3.12/site-packages/airflow/example_dags/example_sla_dag.py
[2026-09-25T16:48:46.211+0000] {processor.py:925} INFO - DAG(s) 'example_sla_dag' retrieved from /home/airflow/.local/lib/python3.12/site-packages/airflow/example_dags/example_sla_dag.py
[2026-09-25T16:48:46.256+0000] {logging_mixin.py:190} INFO - [2026-09-25T16:48:46.256+0000] {dag.py:3239} INFO - Sync 1 DAGs
[2026-09-25T16:48:46.322+0000] {logging_mixin.py:190} INFO - [2026-09-25T16:48:46.322+0000] {dag.py:4180} INFO - Setting next_dagrun for example_sla_dag to 2026-09-25 16:46:00+00:00, run_after=2026-09-25 16:48:00+00:00
[2026-09-25T16:48:46.371+0000] {processor.py:208} INFO - Processing /home/airflow/.local/lib/python3.12/site-packages/airflow/example_dags/example_sla_dag.py took 0.254 seconds
[2026-09-25T16:49:17.006+0000] {processor.py:186} INFO - Started process (PID=706) to work on /home/airflow/.local/lib/python3.12/site-packages/airflow/example_dags/example_sla_dag.py
[2026-09-25T16:49:17.013+0000] {processor.py:914} INFO - Processing file /home/airflow/.local/lib/python3.12/site-packages/airflow/example_dags/example_sla_dag.py for tasks to queue
[2026-09-25T16:49:17.018+0000] {logging_mixin.py:190} INFO - [2026-09-25T16:49:17.017+0000] {dagbag.py:588} INFO - Filling up the DagBag from /home/airflow/.local/lib/python3.12/site-packages/airflow/example_dags/example_sla_dag.py
[2026-09-25T16:49:17.036+0000] {processor.py:925} INFO - DAG(s) 'example_sla_dag' retrieved from /home/airflow/.local/lib/python3.12/site-packages/airflow/example_dags/example_sla_dag.py
[2026-09-25T16:49:17.075+0000] {logging_mixin.py:190} INFO - [2026-09-25T16:49:17.075+0000] {dag.py:3239} INFO - Sync 1 DAGs
[2026-09-25T16:49:17.133+0000] {logging_mixin.py:190} INFO - [2026-09-25T16:49:17.133+0000] {dag.py:4180} INFO - Setting next_dagrun for example_sla_dag to 2026-09-25 16:46:00+00:00, run_after=2026-09-25 16:48:00+00:00
[2026-09-25T16:49:17.175+0000] {processor.py:208} INFO - Processing /home/airflow/.local/lib/python3.12/site-packages/airflow/example_dags/example_sla_dag.py took 0.191 seconds
[2026-09-25T16:56:34.480+0000] {processor.py:186} INFO - Started process (PID=91) to work on /home/airflow/.local/lib/python3.12/site-packages/airflow/example_dags/example_sla_dag.py
[2026-09-25T16:56:34.531+0000] {processor.py:914} INFO - Processing file /home/airflow/.local/lib/python3.12/site-packages/airflow/example_dags/example_sla_dag.py for tasks to queue
[2026-09-25T16:56:34.564+0000] {logging_mixin.py:190} INFO - [2026-09-25T16:56:34.563+0000] {dagbag.py:588} INFO - Filling up the DagBag from /home/airflow/.local/lib/python3.12/site-packages/airflow/example_dags/example_sla_dag.py
[2026-09-25T16:56:35.123+0000] {processor.py:925} INFO - DAG(s) 'example_sla_dag' retrieved from /home/airflow/.local/lib/python3.12/site-packages/airflow/example_dags/example_sla_dag.py
[2026-09-25T16:56:36.110+0000] {logging_mixin.py:190} INFO - [2026-09-25T16:56:36.109+0000] {dag.py:3239} INFO - Sync 1 DAGs
[2026-09-25T16:56:37.153+0000] {logging_mixin.py:190} INFO - [2026-09-25T16:56:37.147+0000] {dag.py:4180} INFO - Setting next_dagrun for example_sla_dag to 2026-09-25 16:54:00+00:00, run_after=2026-09-25 16:56:00+00:00
[2026-09-25T16:56:38.386+0000] {processor.py:208} INFO - Processing /home/airflow/.local/lib/python3.12/site-packages/airflow/example_dags/example_sla_dag.py took 4.305 seconds
[2026-09-25T16:58:32.240+0000] {processor.py:186} INFO - Started process (PID=170) to work on /home/airflow/.local/lib/python3.12/site-packages/airflow/example_dags/example_sla_dag.py
[2026-09-25T16:58:32.243+0000] {processor.py:914} INFO - Processing file /home/airflow/.local/lib/python3.12/site-packages/airflow/example_dags/example_sla_dag.py for tasks to queue
[2026-09-25T16:58:32.250+0000] {logging_mixin.py:190} INFO - [2026-09-25T16:58:32.249+0000] {dagbag.py:588} INFO - Filling up the DagBag from /home/airflow/.local/lib/python3.12/site-packages/airflow/example_dags/example_sla_dag.py
[2026-09-25T16:58:32.278+0000] {processor.py:925} INFO - DAG(s) 'example_sla_dag' retrieved from /home/airflow/.local/lib/python3.12/site-packages/airflow/example_dags/example_sla_dag.py
[2026-09-25T16:58:32.332+0000] {logging_mixin.py:190} INFO - [2026-09-25T16:58:32.331+0000] {dag.py:3239} INFO - Sync 1 DAGs
[2026-09-25T16:58:32.409+0000] {logging_mixin.py:190} INFO - [2026-09-25T16:58:32.408+0000] {dag.py:4180} INFO - Setting next_dagrun for example_sla_dag to 2026-09-25 16:56:00+00:00, run_after=2026-09-25 16:58:00+00:00
[2026-09-25T16:58:32.460+0000] {processor.py:208} INFO - Processing /home/airflow/.local/lib/python3.12/site-packages/airflow/example_dags/example_sla_dag.py took 0.238 seconds
[2026-09-25T16:59:02.592+0000] {processor.py:186} INFO - Started process (PID=232) to work on /home/airflow/.local/lib/python3.12/site-packages/airflow/example_dags/example_sla_dag.py
[2026-09-25T16:59:02.595+0000] {processor.py:914} INFO - Processing file /home/airflow/.local/lib/python3.12/site-packages/airflow/example_dags/example_sla_dag.py for tasks to queue
[2026-09-25T16:59:02.600+0000] {logging_mixin.py:190} INFO - [2026-09-25T16:59:02.599+0000] {dagbag.py:588} INFO - Filling up the DagBag from /home/airflow/.local/lib/python3.12/site-packages/airflow/example_dags/example_sla_dag.py
[2026-09-25T16:59:02.622+0000] {processor.py:925} INFO - DAG(s) 'example_sla_dag' retrieved from /home/airflow/.local/lib/python3.12/site-packages/airflow/example_dags/example_sla_dag.py
[2026-09-25T16:59:02.662+0000] {logging_mixin.py:190} INFO - [2026-09-25T16:59:02.661+0000] {dag.py:3239} INFO - Sync 1 DAGs
[2026-09-25T16:59:02.717+0000] {logging_mixin.py:190} INFO - [2026-09-25T16:59:02.716+0000] {dag.py:4180} INFO - Setting next_dagrun for example_sla_dag to 2026-09-25 16:56:00+00:00, run_after=2026-09-25 16:58:00+00:00
[2026-09-25T16:59:02.751+0000] {processor.py:208} INFO - Processing /home/airflow/.local/lib/python3.12/site-packages/airflow/example_dags/example_sla_dag.py took 0.178 seconds
[2026-09-25T16:59:49.838+0000] {processor.py:186} INFO - Started process (PID=295) to work on /home/airflow/.local/lib/python3.12/site-packages/airflow/example_dags/example_sla_dag.py
[2026-09-25T16:59:49.852+0000] {processor.py:914} INFO - Processing file /home/airflow/.local/lib/python3.12/site-packages/airflow/example_dags/example_sla_dag.py for tasks to queue
[2026-09-25T16:59:49.859+0000] {logging_mixin.py:190} INFO - [2026-09-25T16:59:49.858+0000] {dagbag.py:588} INFO - Filling up the DagBag from /home/airflow/.local/lib/python3.12/site-packages/airflow/example_dags/example_sla_dag.py
[2026-09-25T16:59:49.897+0000] {processor.py:925} INFO - DAG(s) 'example_sla_dag' retrieved from /home/airflow/.local/lib/python3.12/site-packages/airflow/example_dags/example_sla_dag.py
[2026-09-25T16:59:50.001+0000] {logging_mixin.py:190} INFO - [2026-09-25T16:59:50.001+0000] {dag.py:3239} INFO - Sync 1 DAGs
[2026-09-25T16:59:50.180+0000] {logging_mixin.py:190} INFO - [2026-09-25T16:59:50.180+0000] {dag.py:4180} INFO - Setting next_dagrun for example_sla_dag to 2026-09-25 16:56:00+00:00, run_after=2026-09-25 16:58:00+00:00
[2026-09-25T16:59:50.290+0000] {processor.py:208} INFO - Processing /home/airflow/.local/lib/python3.12/site-packages/airflow/example_dags/example_sla_dag.py took 0.479 seconds
[2026-09-25T17:00:20.827+0000] {processor.py:186} INFO - Started process (PID=358) to work on /home/airflow/.local/lib/python3.12/site-packages/airflow/example_dags/example_sla_dag.py
[2026-09-25T17:00:20.829+0000] {processor.py:914} INFO - Processing file /home/airflow/.local/lib/python3.12/site-packages/airflow/example_dags/example_sla_dag.py for tasks to queue
[2026-09-25T17:00:20.836+0000] {logging_mixin.py:190} INFO - [2026-09-25T17:00:20.835+0000] {dagbag.py:588} INFO - Filling up the DagBag from /home/airflow/.local/lib/python3.12/site-packages/airflow/example_dags/example_sla_dag.py
[2026-09-25T17:00:20.859+0000] {processor.py:925} INFO - DAG(s) 'example_sla_dag' retrieved from /home/airflow/.local/lib/python3.12/site-packages/airflow/example_dags/example_sla_dag.py
[2026-09-25T17:00:20.893+0000] {logging_mixin.py:190} INFO - [2026-09-25T17:00:20.893+0000] {dag.py:3239} INFO - Sync 1 DAGs
[2026-09-25T17:00:20.979+0000] {logging_mixin.py:190} INFO - [2026-09-25T17:00:20.979+0000] {dag.py:4180} INFO - Setting next_dagrun for example_sla_dag to 2026-09-25 16:58:00+00:00, run_after=2026-09-25 17:00:00+00:00
[2026-09-25T17:00:21.076+0000] {processor.py:208} INFO - Processing /home/airflow/.local/lib/python3.12/site-packages/airflow/example_dags/example_sla_dag.py took 0.259 seconds
[2026-09-25T17:00:54.443+0000] {processor.py:186} INFO - Started process (PID=422) to work on /home/airflow/.local/lib/python3.12/site-packages/airflow/example_dags/example_sla_dag.py
[2026-09-25T17:00:54.447+0000] {processor.py:914} INFO - Processing file /home/airflow/.local/lib/python3.12/site-packages/airflow/example_dags/example_sla_dag.py for tasks to queue
[2026-09-25T17:00:54.462+0000] {logging_mixin.py:190} INFO - [2026-09-25T17:00:54.462+0000] {dagbag.py:588} INFO - Filling up the DagBag from /home/airflow/.local/lib/python3.12/site-packages/airflow/example_dags/example_sla_dag.py
[2026-09-25T17:00:54.482+0000] {processor.py:925} INFO - DAG(s) 'example_sla_dag' retrieved from /home/airflow/.local/lib/python3.12/site-packages/airflow/example_dags/example_sla_dag.py
[2026-09-25T17:00:54.520+0000] {logging_mixin.py:190} INFO - [2026-09-25T17:00:54.520+0000] {dag.py:3239} INFO - Sync 1 DAGs
[2026-09-25T17:00:54.573+0000] {logging_mixin.py:190} INFO - [2026-09-25T17:00:54.573+0000] {dag.py:4180} INFO - Setting next_dagrun for example_sla_dag to 2026-09-25 16:58:00+00:00, run_after=2026-09-25 17:00:00+00:00
[2026-09-25T17:00:54.616+0000] {processor.py:208} INFO - Processing /home/airflow/.local/lib/python3.12/site-packages/airflow/example_dags/example_sla_dag.py took 0.185 seconds
[2026-09-25T17:01:26.922+0000] {processor.py:186} INFO - Started process (PID=484) to work on /home/airflow/.local/lib/python3.12/site-packages/airflow/example_dags/example_sla_dag.py
[2026-09-25T17:01:26.927+0000] {processor.py:914} INFO - Processing file /home/airflow/.local/lib/python3.12/site-packages/airflow/example_dags/example_sla_dag.py for tasks to queue
[2026-09-25T17:01:26.945+0000] {logging_mixin.py:190} INFO - [2026-09-25T17:01:26.944+0000] {dagbag.py:588} INFO - Filling up the DagBag from /home/airflow/.local/lib/python3.12/site-packages/airflow/example_dags/example_sla_dag.py
[2026-09-25T17:01:26.975+0000] {processor.py:925} INFO - DAG(s) 'example_sla_dag' retrieved from /home/airflow/.local/lib/python3.12/site-packages/airflow/example_dags/example_sla_dag.py
[2026-09-25T17:01:27.054+0000] {logging_mixin.py:190} INFO - [2026-09-25T17:01:27.053+0000] {dag.py:3239} INFO - Sync 1 DAGs
[2026-09-25T17:01:27.133+0000] {logging_mixin.py:190} INFO - [2026-09-25T17:01:27.132+0000] {dag.py:4180} INFO - Setting next_dagrun for example_sla_dag to 2026-09-25 16:58:00+00:00, run_after=2026-09-25 17:00:00+00:00
[2026-09-25T17:01:27.183+0000] {processor.py:208} INFO - Processing /home/airflow/.local/lib/python3.12/site-packages/airflow/example_dags/example_sla_dag.py took 0.285 seconds
[2026-09-25T17:01:59.502+0000] {processor.py:186} INFO - Started process (PID=547) to work on /home/airflow/.local/lib/python3.12/site-packages/airflow/example_dags/example_sla_dag.py
[2026-09-25T17:01:59.507+0000] {processor.py:914} INFO - Processing file /home/airflow/.local/lib/python3.12/site-packages/airflow/example_dags/example_sla_dag.py for tasks to queue
[2026-09-25T17:01:59.518+0000] {logging_mixin.py:190} INFO - [2026-09-25T17:01:59.517+0000] {dagbag.py:588} INFO - Filling up the DagBag from /home/airflow/.local/lib/python3.12/site-packages/airflow/example_dags/example_sla_dag.py
[2026-09-25T17:01:59.553+0000] {processor.py:925} INFO - DAG(s) 'example_sla_dag' retrieved from /home/airflow/.local/lib/python3.12/site-packages/airflow/example_dags/example_sla_dag.py
[2026-09-25T17:01:59.832+0000] {logging_mixin.py:190} INFO - [2026-09-25T17:01:59.832+0000] {dag.py:3239} INFO - Sync 1 DAGs
[2026-09-25T17:01:59.894+0000] {logging_mixin.py:190} INFO - [2026-09-25T17:01:59.893+0000] {dag.py:4180} INFO - Setting next_dagrun for example_sla_dag to 2026-09-25 16:58:00+00:00, run_after=2026-09-25 17:00:00+00:00
[2026-09-25T17:01:59.945+0000] {processor.py:208} INFO - Processing /home/airflow/.local/lib/python3.12/site-packages/airflow/example_dags/example_sla_dag.py took 0.463 seconds
[2026-09-25T17:02:37.415+0000] {processor.py:186} INFO - Started process (PID=616) to work on /home/airflow/.local/lib/python3.12/site-packages/airflow/example_dags/example_sla_dag.py
[2026-09-25T17:02:37.418+0000] {processor.py:914} INFO - Processing file /home/airflow/.local/lib/python3.12/site-packages/airflow/example_dags/example_sla_dag.py for tasks to queue
[2026-09-25T17:02:37.424+0000] {logging_mixin.py:190} INFO - [2026-09-25T17:02:37.422+0000] {dagbag.py:588} INFO - Filling up the DagBag from /home/airflow/.local/lib/python3.12/site-packages/airflow/example_dags/example_sla_dag.py
[2026-09-25T17:02:37.451+0000] {processor.py:925} INFO - DAG(s) 'example_sla_dag' retrieved from /home/airflow/.local/lib/python3.12/site-packages/airflow/example_dags/example_sla_dag.py
[2026-09-25T17:02:37.628+0000] {logging_mixin.py:190} INFO - [2026-09-25T17:02:37.627+0000] {dag.py:3239} INFO - Sync 1 DAGs
[2026-09-25T17:02:37.895+0000] {logging_mixin.py:190} INFO - [2026-09-25T17:02:37.894+0000] {dag.py:4180} INFO - Setting next_dagrun for example_sla_dag to 2026-09-25 17:00:00+00:00, run_after=2026-09-25 17:02:00+00:00
[2026-09-25T17:02:37.999+0000] {processor.py:208} INFO - Processing /home/airflow/.local/lib/python3.12/site-packages/airflow/example_dags/example_sla_dag.py took 0.595 seconds
[2026-09-25T17:03:08.563+0000] {processor.py:186} INFO - Started process (PID=679) to work on /home/airflow/.local/lib/python3.12/site-packages/airflow/example_dags/example_sla_dag.py
[2026-09-25T17:03:08.566+0000] {processor.py:914} INFO - Processing file /home/airflow/.local/lib/python3.12/site-packages/airflow/example_dags/example_sla_dag.py for tasks to queue
[2026-09-25T17:03:08.570+0000] {logging_mixin.py:190} INFO - [2026-09-25T17:03:08.570+0000] {dagbag.py:588} INFO - Filling up the DagBag from /home/airflow/.local/lib/python3.12/site-packages/airflow/example_dags/example_sla_dag.py
[2026-09-25T17:03:08.594+0000] {processor.py:925} INFO - DAG(s) 'example_sla_dag' retrieved from /home/airflow/.local/lib/python3.12/site-packages/airflow/example_dags/example_sla_dag.py
[2026-09-25T17:03:08.654+0000] {logging_mixin.py:190} INFO - [2026-09-25T17:03:08.653+0000] {dag.py:3239} INFO - Sync 1 DAGs
[2026-09-25T17:03:08.774+0000] {logging_mixin.py:190} INFO - [2026-09-25T17:03:08.773+0000] {dag.py:4180} INFO - Setting next_dagrun for example_sla_dag to 2026-09-25 17:00:00+00:00, run_after=2026-09-25 17:02:00+00:00
[2026-09-25T17:03:08.824+0000] {processor.py:208} INFO - Processing /home/airflow/.local/lib/python3.12/site-packages/airflow/example_dags/example_sla_dag.py took 0.281 seconds
[2026-09-25T17:03:40.910+0000] {processor.py:186} INFO - Started process (PID=742) to work on /home/airflow/.local/lib/python3.12/site-packages/airflow/example_dags/example_sla_dag.py
[2026-09-25T17:03:40.919+0000] {processor.py:914} INFO - Processing file /home/airflow/.local/lib/python3.12/site-packages/airflow/example_dags/example_sla_dag.py for tasks to queue
[2026-09-25T17:03:40.925+0000] {logging_mixin.py:190} INFO - [2026-09-25T17:03:40.925+0000] {dagbag.py:588} INFO - Filling up the DagBag from /home/airflow/.local/lib/python3.12/site-packages/airflow/example_dags/example_sla_dag.py
[2026-09-25T17:03:40.962+0000] {processor.py:925} INFO - DAG(s) 'example_sla_dag' retrieved from /home/airflow/.local/lib/python3.12/site-packages/airflow/example_dags/example_sla_dag.py
[2026-09-25T17:03:41.076+0000] {logging_mixin.py:190} INFO - [2026-09-25T17:03:41.075+0000] {dag.py:3239} INFO - Sync 1 DAGs
[2026-09-25T17:03:41.134+0000] {logging_mixin.py:190} INFO - [2026-09-25T17:03:41.134+0000] {dag.py:4180} INFO - Setting next_dagrun for example_sla_dag to 2026-09-25 17:00:00+00:00, run_after=2026-09-25 17:02:00+00:00
[2026-09-25T17:03:41.194+0000] {processor.py:208} INFO - Processing /home/airflow/.local/lib/python3.12/site-packages/airflow/example_dags/example_sla_dag.py took 0.306 seconds
[2026-09-25T17:04:13.148+0000] {processor.py:186} INFO - Started process (PID=805) to work on /home/airflow/.local/lib/python3.12/site-packages/airflow/example_dags/example_sla_dag.py
[2026-09-25T17:04:13.151+0000] {processor.py:914} INFO - Processing file /home/airflow/.local/lib/python3.12/site-packages/airflow/example_dags/example_sla_dag.py for tasks to queue
[2026-09-25T17:04:13.155+0000] {logging_mixin.py:190} INFO - [2026-09-25T17:04:13.155+0000] {dagbag.py:588} INFO - Filling up the DagBag from /home/airflow/.local/lib/python3.12/site-packages/airflow/example_dags/example_sla_dag.py
[2026-09-25T17:04:13.174+0000] {processor.py:925} INFO - DAG(s) 'example_sla_dag' retrieved from /home/airflow/.local/lib/python3.12/site-packages/airflow/example_dags/example_sla_dag.py
[2026-09-25T17:04:13.208+0000] {logging_mixin.py:190} INFO - [2026-09-25T17:04:13.208+0000] {dag.py:3239} INFO - Sync 1 DAGs
[2026-09-25T17:04:13.262+0000] {logging_mixin.py:190} INFO - [2026-09-25T17:04:13.261+0000] {dag.py:4180} INFO - Setting next_dagrun for example_sla_dag to 2026-09-25 17:02:00+00:00, run_after=2026-09-25 17:04:00+00:00
[2026-09-25T17:04:13.297+0000] {processor.py:208} INFO - Processing /home/airflow/.local/lib/python3.12/site-packages/airflow/example_dags/example_sla_dag.py took 0.160 seconds
[2026-09-25T17:04:55.828+0000] {processor.py:186} INFO - Started process (PID=866) to work on /home/airflow/.local/lib/python3.12/site-packages/airflow/example_dags/example_sla_dag.py
[2026-09-25T17:04:55.831+0000] {processor.py:914} INFO - Processing file /home/airflow/.local/lib/python3.12/site-packages/airflow/example_dags/example_sla_dag.py for tasks to queue
[2026-09-25T17:04:55.839+0000] {logging_mixin.py:190} INFO - [2026-09-25T17:04:55.838+0000] {dagbag.py:588} INFO - Filling up the DagBag from /home/airflow/.local/lib/python3.12/site-packages/airflow/example_dags/example_sla_dag.py
[2026-09-25T17:04:55.864+0000] {processor.py:925} INFO - DAG(s) 'example_sla_dag' retrieved from /home/airflow/.local/lib/python3.12/site-packages/airflow/example_dags/example_sla_dag.py
[2026-09-25T17:04:55.906+0000] {logging_mixin.py:190} INFO - [2026-09-25T17:04:55.905+0000] {dag.py:3239} INFO - Sync 1 DAGs
[2026-09-25T17:04:55.972+0000] {logging_mixin.py:190} INFO - [2026-09-25T17:04:55.972+0000] {dag.py:4180} INFO - Setting next_dagrun for example_sla_dag to 2026-09-25 17:02:00+00:00, run_after=2026-09-25 17:04:00+00:00
[2026-09-25T17:04:56.025+0000] {processor.py:208} INFO - Processing /home/airflow/.local/lib/python3.12/site-packages/airflow/example_dags/example_sla_dag.py took 0.212 seconds
[2026-09-25T17:05:31.790+0000] {processor.py:186} INFO - Started process (PID=928) to work on /home/airflow/.local/lib/python3.12/site-packages/airflow/example_dags/example_sla_dag.py
[2026-09-25T17:05:31.801+0000] {processor.py:914} INFO - Processing file /home/airflow/.local/lib/python3.12/site-packages/airflow/example_dags/example_sla_dag.py for tasks to queue
[2026-09-25T17:05:31.823+0000] {logging_mixin.py:190} INFO - [2026-09-25T17:05:31.821+0000] {dagbag.py:588} INFO - Filling up the DagBag from /home/airflow/.local/lib/python3.12/site-packages/airflow/example_dags/example_sla_dag.py
[2026-09-25T17:05:31.863+0000] {processor.py:925} INFO - DAG(s) 'example_sla_dag' retrieved from /home/airflow/.local/lib/python3.12/site-packages/airflow/example_dags/example_sla_dag.py
[2026-09-25T17:05:31.923+0000] {logging_mixin.py:190} INFO - [2026-09-25T17:05:31.922+0000] {dag.py:3239} INFO - Sync 1 DAGs
[2026-09-25T17:05:32.240+0000] {logging_mixin.py:190} INFO - [2026-09-25T17:05:32.239+0000] {dag.py:4180} INFO - Setting next_dagrun for example_sla_dag to 2026-09-25 17:02:00+00:00, run_after=2026-09-25 17:04:00+00:00
[2026-09-25T17:05:32.294+0000] {processor.py:208} INFO - Processing /home/airflow/.local/lib/python3.12/site-packages/airflow/example_dags/example_sla_dag.py took 0.551 seconds
[2026-09-25T17:06:05.186+0000] {processor.py:186} INFO - Started process (PID=995) to work on /home/airflow/.local/lib/python3.12/site-packages/airflow/example_dags/example_sla_dag.py
[2026-09-25T17:06:05.191+0000] {processor.py:914} INFO - Processing file /home/airflow/.local/lib/python3.12/site-packages/airflow/example_dags/example_sla_dag.py for tasks to queue
[2026-09-25T17:06:05.199+0000] {logging_mixin.py:190} INFO - [2026-09-25T17:06:05.199+0000] {dagbag.py:588} INFO - Filling up the DagBag from /home/airflow/.local/lib/python3.12/site-packages/airflow/example_dags/example_sla_dag.py
[2026-09-25T17:06:05.227+0000] {processor.py:925} INFO - DAG(s) 'example_sla_dag' retrieved from /home/airflow/.local/lib/python3.12/site-packages/airflow/example_dags/example_sla_dag.py
[2026-09-25T17:06:05.426+0000] {logging_mixin.py:190} INFO - [2026-09-25T17:06:05.425+0000] {dag.py:3239} INFO - Sync 1 DAGs
[2026-09-25T17:06:05.548+0000] {logging_mixin.py:190} INFO - [2026-09-25T17:06:05.547+0000] {dag.py:4180} INFO - Setting next_dagrun for example_sla_dag to 2026-09-25 17:04:00+00:00, run_after=2026-09-25 17:06:00+00:00
[2026-09-25T17:06:05.592+0000] {processor.py:208} INFO - Processing /home/airflow/.local/lib/python3.12/site-packages/airflow/example_dags/example_sla_dag.py took 0.431 seconds
[2026-09-25T17:06:45.795+0000] {processor.py:186} INFO - Started process (PID=1067) to work on /home/airflow/.local/lib/python3.12/site-packages/airflow/example_dags/example_sla_dag.py
[2026-09-25T17:06:45.801+0000] {processor.py:914} INFO - Processing file /home/airflow/.local/lib/python3.12/site-packages/airflow/example_dags/example_sla_dag.py for tasks to queue
[2026-09-25T17:06:45.825+0000] {logging_mixin.py:190} INFO - [2026-09-25T17:06:45.814+0000] {dagbag.py:588} INFO - Filling up the DagBag from /home/airflow/.local/lib/python3.12/site-packages/airflow/example_dags/example_sla_dag.py
[2026-09-25T17:06:45.916+0000] {processor.py:925} INFO - DAG(s) 'example_sla_dag' retrieved from /home/airflow/.local/lib/python3.12/site-packages/airflow/example_dags/example_sla_dag.py
[2026-09-25T17:06:46.117+0000] {logging_mixin.py:190} INFO - [2026-09-25T17:06:46.116+0000] {dag.py:3239} INFO - Sync 1 DAGs
[2026-09-25T17:06:46.255+0000] {logging_mixin.py:190} INFO - [2026-09-25T17:06:46.255+0000] {dag.py:4180} INFO - Setting next_dagrun for example_sla_dag to 2026-09-25 17:04:00+00:00, run_after=2026-09-25 17:06:00+00:00
[2026-09-25T17:06:46.317+0000] {processor.py:208} INFO - Processing /home/airflow/.local/lib/python3.12/site-packages/airflow/example_dags/example_sla_dag.py took 0.589 seconds
[2026-09-25T17:07:16.889+0000] {processor.py:186} INFO - Started process (PID=1128) to work on /home/airflow/.local/lib/python3.12/site-packages/airflow/example_dags/example_sla_dag.py
[2026-09-25T17:07:16.892+0000] {processor.py:914} INFO - Processing file /home/airflow/.local/lib/python3.12/site-packages/airflow/example_dags/example_sla_dag.py for tasks to queue
[2026-09-25T17:07:16.896+0000] {logging_mixin.py:190} INFO - [2026-09-25T17:07:16.896+0000] {dagbag.py:588} INFO - Filling up the DagBag from /home/airflow/.local/lib/python3.12/site-packages/airflow/example_dags/example_sla_dag.py
[2026-09-25T17:07:16.914+0000] {processor.py:925} INFO - DAG(s) 'example_sla_dag' retrieved from /home/airflow/.local/lib/python3.12/site-packages/airflow/example_dags/example_sla_dag.py
[2026-09-25T17:07:16.949+0000] {logging_mixin.py:190} INFO - [2026-09-25T17:07:16.949+0000] {dag.py:3239} INFO - Sync 1 DAGs
[2026-09-25T17:07:16.993+0000] {logging_mixin.py:190} INFO - [2026-09-25T17:07:16.993+0000] {dag.py:4180} INFO - Setting next_dagrun for example_sla_dag to 2026-09-25 17:04:00+00:00, run_after=2026-09-25 17:06:00+00:00
[2026-09-25T17:07:17.030+0000] {processor.py:208} INFO - Processing /home/airflow/.local/lib/python3.12/site-packages/airflow/example_dags/example_sla_dag.py took 0.151 seconds
[2026-09-25T17:07:47.810+0000] {processor.py:186} INFO - Started process (PID=1191) to work on /home/airflow/.local/lib/python3.12/site-packages/airflow/example_dags/example_sla_dag.py
[2026-09-25T17:07:47.813+0000] {processor.py:914} INFO - Processing file /home/airflow/.local/lib/python3.12/site-packages/airflow/example_dags/example_sla_dag.py for tasks to queue
[2026-09-25T17:07:47.818+0000] {logging_mixin.py:190} INFO - [2026-09-25T17:07:47.817+0000] {dagbag.py:588} INFO - Filling up the DagBag from /home/airflow/.local/lib/python3.12/site-packages/airflow/example_dags/example_sla_dag.py
[2026-09-25T17:07:47.843+0000] {processor.py:925} INFO - DAG(s) 'example_sla_dag' retrieved from /home/airflow/.local/lib/python3.12/site-packages/airflow/example_dags/example_sla_dag.py
[2026-09-25T17:07:47.888+0000] {logging_mixin.py:190} INFO - [2026-09-25T17:07:47.887+0000] {dag.py:3239} INFO - Sync 1 DAGs
[2026-09-25T17:07:47.965+0000] {logging_mixin.py:190} INFO - [2026-09-25T17:07:47.965+0000] {dag.py:4180} INFO - Setting next_dagrun for example_sla_dag to 2026-09-25 17:04:00+00:00, run_after=2026-09-25 17:06:00+00:00
[2026-09-25T17:07:48.184+0000] {processor.py:208} INFO - Processing /home/airflow/.local/lib/python3.12/site-packages/airflow/example_dags/example_sla_dag.py took 0.385 seconds
[2026-09-25T17:08:18.930+0000] {processor.py:186} INFO - Started process (PID=1254) to work on /home/airflow/.local/lib/python3.12/site-packages/airflow/example_dags/example_sla_dag.py
[2026-09-25T17:08:18.935+0000] {processor.py:914} INFO - Processing file /home/airflow/.local/lib/python3.12/site-packages/airflow/example_dags/example_sla_dag.py for tasks to queue
[2026-09-25T17:08:18.943+0000] {logging_mixin.py:190} INFO - [2026-09-25T17:08:18.942+0000] {dagbag.py:588} INFO - Filling up the DagBag from /home/airflow/.local/lib/python3.12/site-packages/airflow/example_dags/example_sla_dag.py
[2026-09-25T17:08:19.029+0000] {processor.py:925} INFO - DAG(s) 'example_sla_dag' retrieved from /home/airflow/.local/lib/python3.12/site-packages/airflow/example_dags/example_sla_dag.py
[2026-09-25T17:08:19.163+0000] {logging_mixin.py:190} INFO - [2026-09-25T17:08:19.162+0000] {dag.py:3239} INFO - Sync 1 DAGs
[2026-09-25T17:08:19.281+0000] {logging_mixin.py:190} INFO - [2026-09-25T17:08:19.280+0000] {dag.py:4180} INFO - Setting next_dagrun for example_sla_dag to 2026-09-25 17:06:00+00:00, run_after=2026-09-25 17:08:00+00:00
[2026-09-25T17:08:19.341+0000] {processor.py:208} INFO - Processing /home/airflow/.local/lib/python3.12/site-packages/airflow/example_dags/example_sla_dag.py took 0.429 seconds
[2026-09-25T17:08:56.909+0000] {processor.py:186} INFO - Started process (PID=1322) to work on /home/airflow/.local/lib/python3.12/site-packages/airflow/example_dags/example_sla_dag.py
[2026-09-25T17:08:56.912+0000] {processor.py:914} INFO - Processing file /home/airflow/.local/lib/python3.12/site-packages/airflow/example_dags/example_sla_dag.py for tasks to queue
[2026-09-25T17:08:56.924+0000] {logging_mixin.py:190} INFO - [2026-09-25T17:08:56.923+0000] {dagbag.py:588} INFO - Filling up the DagBag from /home/airflow/.local/lib/python3.12/site-packages/airflow/example_dags/example_sla_dag.py
[2026-09-25T17:08:57.144+0000] {processor.py:925} INFO - DAG(s) 'example_sla_dag' retrieved from /home/airflow/.local/lib/python3.12/site-packages/airflow/example_dags/example_sla_dag.py
[2026-09-25T17:08:57.345+0000] {logging_mixin.py:190} INFO - [2026-09-25T17:08:57.344+0000] {dag.py:3239} INFO - Sync 1 DAGs
[2026-09-25T17:08:57.461+0000] {logging_mixin.py:190} INFO - [2026-09-25T17:08:57.461+0000] {dag.py:4180} INFO - Setting next_dagrun for example_sla_dag to 2026-09-25 17:06:00+00:00, run_after=2026-09-25 17:08:00+00:00
[2026-09-25T17:08:57.513+0000] {processor.py:208} INFO - Processing /home/airflow/.local/lib/python3.12/site-packages/airflow/example_dags/example_sla_dag.py took 0.622 seconds
[2026-09-25T17:09:45.301+0000] {processor.py:186} INFO - Started process (PID=1391) to work on /home/airflow/.local/lib/python3.12/site-packages/airflow/example_dags/example_sla_dag.py
[2026-09-25T17:09:45.321+0000] {processor.py:914} INFO - Processing file /home/airflow/.local/lib/python3.12/site-packages/airflow/example_dags/example_sla_dag.py for tasks to queue
[2026-09-25T17:09:45.359+0000] {logging_mixin.py:190} INFO - [2026-09-25T17:09:45.358+0000] {dagbag.py:588} INFO - Filling up the DagBag from /home/airflow/.local/lib/python3.12/site-packages/airflow/example_dags/example_sla_dag.py
[2026-09-25T17:09:45.425+0000] {processor.py:925} INFO - DAG(s) 'example_sla_dag' retrieved from /home/airflow/.local/lib/python3.12/site-packages/airflow/example_dags/example_sla_dag.py
[2026-09-25T17:09:46.965+0000] {logging_mixin.py:190} INFO - [2026-09-25T17:09:46.964+0000] {dag.py:3239} INFO - Sync 1 DAGs
[2026-09-25T17:09:47.674+0000] {logging_mixin.py:190} INFO - [2026-09-25T17:09:47.670+0000] {dag.py:4180} INFO - Setting next_dagrun for example_sla_dag to 2026-09-25 17:06:00+00:00, run_after=2026-09-25 17:08:00+00:00
[2026-09-25T17:09:47.978+0000] {processor.py:208} INFO - Processing /home/airflow/.local/lib/python3.12/site-packages/airflow/example_dags/example_sla_dag.py took 2.761 seconds
[2026-09-25T17:11:47.619+0000] {processor.py:186} INFO - Started process (PID=1471) to work on /home/airflow/.local/lib/python3.12/site-packages/airflow/example_dags/example_sla_dag.py
[2026-09-25T17:11:47.623+0000] {processor.py:914} INFO - Processing file /home/airflow/.local/lib/python3.12/site-packages/airflow/example_dags/example_sla_dag.py for tasks to queue
[2026-09-25T17:11:47.655+0000] {logging_mixin.py:190} INFO - [2026-09-25T17:11:47.652+0000] {dagbag.py:588} INFO - Filling up the DagBag from /home/airflow/.local/lib/python3.12/site-packages/airflow/example_dags/example_sla_dag.py
[2026-09-25T17:11:47.798+0000] {processor.py:925} INFO - DAG(s) 'example_sla_dag' retrieved from /home/airflow/.local/lib/python3.12/site-packages/airflow/example_dags/example_sla_dag.py
[2026-09-25T17:11:49.292+0000] {logging_mixin.py:190} INFO - [2026-09-25T17:11:49.290+0000] {dag.py:3239} INFO - Sync 1 DAGs
[2026-09-25T17:11:49.902+0000] {logging_mixin.py:190} INFO - [2026-09-25T17:11:49.902+0000] {dag.py:4180} INFO - Setting next_dagrun for example_sla_dag to 2026-09-25 17:08:00+00:00, run_after=2026-09-25 17:10:00+00:00
[2026-09-25T17:11:50.445+0000] {processor.py:208} INFO - Processing /home/airflow/.local/lib/python3.12/site-packages/airflow/example_dags/example_sla_dag.py took 2.866 seconds
[2026-09-25T17:14:50.404+0000] {processor.py:186} INFO - Started process (PID=1579) to work on /home/airflow/.local/lib/python3.12/site-packages/airflow/example_dags/example_sla_dag.py
[2026-09-25T17:14:50.425+0000] {processor.py:914} INFO - Processing file /home/airflow/.local/lib/python3.12/site-packages/airflow/example_dags/example_sla_dag.py for tasks to queue
[2026-09-25T17:14:50.444+0000] {logging_mixin.py:190} INFO - [2026-09-25T17:14:50.442+0000] {dagbag.py:588} INFO - Filling up the DagBag from /home/airflow/.local/lib/python3.12/site-packages/airflow/example_dags/example_sla_dag.py
[2026-09-25T17:14:50.512+0000] {processor.py:925} INFO - DAG(s) 'example_sla_dag' retrieved from /home/airflow/.local/lib/python3.12/site-packages/airflow/example_dags/example_sla_dag.py
[2026-09-25T17:14:50.820+0000] {logging_mixin.py:190} INFO - [2026-09-25T17:14:50.809+0000] {dag.py:3239} INFO - Sync 1 DAGs
[2026-09-25T17:14:51.057+0000] {logging_mixin.py:190} INFO - [2026-09-25T17:14:51.056+0000] {dag.py:4180} INFO - Setting next_dagrun for example_sla_dag to 2026-09-25 17:12:00+00:00, run_after=2026-09-25 17:14:00+00:00
[2026-09-25T17:14:51.263+0000] {processor.py:208} INFO - Processing /home/airflow/.local/lib/python3.12/site-packages/airflow/example_dags/example_sla_dag.py took 0.936 seconds
[2026-09-25T17:15:29.579+0000] {processor.py:186} INFO - Started process (PID=1648) to work on /home/airflow/.local/lib/python3.12/site-packages/airflow/example_dags/example_sla_dag.py
[2026-09-25T17:15:29.586+0000] {processor.py:914} INFO - Processing file /home/airflow/.local/lib/python3.12/site-packages/airflow/example_dags/example_sla_dag.py for tasks to queue
[2026-09-25T17:15:29.597+0000] {logging_mixin.py:190} INFO - [2026-09-25T17:15:29.596+0000] {dagbag.py:588} INFO - Filling up the DagBag from /home/airflow/.local/lib/python3.12/site-packages/airflow/example_dags/example_sla_dag.py
[2026-09-25T17:15:29.699+0000] {processor.py:925} INFO - DAG(s) 'example_sla_dag' retrieved from /home/airflow/.local/lib/python3.12/site-packages/airflow/example_dags/example_sla_dag.py
[2026-09-25T17:15:29.809+0000] {logging_mixin.py:190} INFO - [2026-09-25T17:15:29.808+0000] {dag.py:3239} INFO - Sync 1 DAGs
[2026-09-25T17:15:30.246+0000] {logging_mixin.py:190} INFO - [2026-09-25T17:15:30.245+0000] {dag.py:4180} INFO - Setting next_dagrun for example_sla_dag to 2026-09-25 17:12:00+00:00, run_after=2026-09-25 17:14:00+00:00
[2026-09-25T17:15:30.459+0000] {processor.py:208} INFO - Processing /home/airflow/.local/lib/python3.12/site-packages/airflow/example_dags/example_sla_dag.py took 0.898 seconds
[2026-09-25T17:16:01.774+0000] {processor.py:186} INFO - Started process (PID=1710) to work on /home/airflow/.local/lib/python3.12/site-packages/airflow/example_dags/example_sla_dag.py
[2026-09-25T17:16:01.780+0000] {processor.py:914} INFO - Processing file /home/airflow/.local/lib/python3.12/site-packages/airflow/example_dags/example_sla_dag.py for tasks to queue
[2026-09-25T17:16:01.795+0000] {logging_mixin.py:190} INFO - [2026-09-25T17:16:01.794+0000] {dagbag.py:588} INFO - Filling up the DagBag from /home/airflow/.local/lib/python3.12/site-packages/airflow/example_dags/example_sla_dag.py
[2026-09-25T17:16:01.821+0000] {processor.py:925} INFO - DAG(s) 'example_sla_dag' retrieved from /home/airflow/.local/lib/python3.12/site-packages/airflow/example_dags/example_sla_dag.py
[2026-09-25T17:16:01.887+0000] {logging_mixin.py:190} INFO - [2026-09-25T17:16:01.886+0000] {dag.py:3239} INFO - Sync 1 DAGs
[2026-09-25T17:16:01.983+0000] {logging_mixin.py:190} INFO - [2026-09-25T17:16:01.981+0000] {dag.py:4180} INFO - Setting next_dagrun for example_sla_dag to 2026-09-25 17:14:00+00:00, run_after=2026-09-25 17:16:00+00:00
[2026-09-25T17:16:02.064+0000] {processor.py:208} INFO - Processing /home/airflow/.local/lib/python3.12/site-packages/airflow/example_dags/example_sla_dag.py took 0.310 seconds
[2026-09-25T17:16:48.446+0000] {processor.py:186} INFO - Started process (PID=1757) to work on /home/airflow/.local/lib/python3.12/site-packages/airflow/example_dags/example_sla_dag.py
[2026-09-25T17:16:48.451+0000] {processor.py:914} INFO - Processing file /home/airflow/.local/lib/python3.12/site-packages/airflow/example_dags/example_sla_dag.py for tasks to queue
[2026-09-25T17:16:48.456+0000] {logging_mixin.py:190} INFO - [2026-09-25T17:16:48.455+0000] {dagbag.py:588} INFO - Filling up the DagBag from /home/airflow/.local/lib/python3.12/site-packages/airflow/example_dags/example_sla_dag.py
[2026-09-25T17:16:48.494+0000] {processor.py:925} INFO - DAG(s) 'example_sla_dag' retrieved from /home/airflow/.local/lib/python3.12/site-packages/airflow/example_dags/example_sla_dag.py
[2026-09-25T17:16:48.550+0000] {logging_mixin.py:190} INFO - [2026-09-25T17:16:48.549+0000] {dag.py:3239} INFO - Sync 1 DAGs
[2026-09-25T17:16:48.643+0000] {logging_mixin.py:190} INFO - [2026-09-25T17:16:48.640+0000] {dag.py:4180} INFO - Setting next_dagrun for example_sla_dag to 2026-09-25 17:14:00+00:00, run_after=2026-09-25 17:16:00+00:00
[2026-09-25T17:16:48.703+0000] {processor.py:208} INFO - Processing /home/airflow/.local/lib/python3.12/site-packages/airflow/example_dags/example_sla_dag.py took 0.272 seconds
[2026-09-25T17:17:20.592+0000] {processor.py:186} INFO - Started process (PID=1819) to work on /home/airflow/.local/lib/python3.12/site-packages/airflow/example_dags/example_sla_dag.py
[2026-09-25T17:17:20.596+0000] {processor.py:914} INFO - Processing file /home/airflow/.local/lib/python3.12/site-packages/airflow/example_dags/example_sla_dag.py for tasks to queue
[2026-09-25T17:17:20.605+0000] {logging_mixin.py:190} INFO - [2026-09-25T17:17:20.604+0000] {dagbag.py:588} INFO - Filling up the DagBag from /home/airflow/.local/lib/python3.12/site-packages/airflow/example_dags/example_sla_dag.py
[2026-09-25T17:17:20.644+0000] {processor.py:925} INFO - DAG(s) 'example_sla_dag' retrieved from /home/airflow/.local/lib/python3.12/site-packages/airflow/example_dags/example_sla_dag.py
[2026-09-25T17:17:20.712+0000] {logging_mixin.py:190} INFO - [2026-09-25T17:17:20.712+0000] {dag.py:3239} INFO - Sync 1 DAGs
[2026-09-25T17:17:20.797+0000] {logging_mixin.py:190} INFO - [2026-09-25T17:17:20.797+0000] {dag.py:4180} INFO - Setting next_dagrun for example_sla_dag to 2026-09-25 17:14:00+00:00, run_after=2026-09-25 17:16:00+00:00
[2026-09-25T17:17:20.860+0000] {processor.py:208} INFO - Processing /home/airflow/.local/lib/python3.12/site-packages/airflow/example_dags/example_sla_dag.py took 0.285 seconds
[2026-09-25T17:17:56.358+0000] {processor.py:186} INFO - Started process (PID=1882) to work on /home/airflow/.local/lib/python3.12/site-packages/airflow/example_dags/example_sla_dag.py
[2026-09-25T17:17:56.362+0000] {processor.py:914} INFO - Processing file /home/airflow/.local/lib/python3.12/site-packages/airflow/example_dags/example_sla_dag.py for tasks to queue
[2026-09-25T17:17:56.372+0000] {logging_mixin.py:190} INFO - [2026-09-25T17:17:56.371+0000] {dagbag.py:588} INFO - Filling up the DagBag from /home/airflow/.local/lib/python3.12/site-packages/airflow/example_dags/example_sla_dag.py
[2026-09-25T17:17:56.412+0000] {processor.py:925} INFO - DAG(s) 'example_sla_dag' retrieved from /home/airflow/.local/lib/python3.12/site-packages/airflow/example_dags/example_sla_dag.py
[2026-09-25T17:17:56.503+0000] {logging_mixin.py:190} INFO - [2026-09-25T17:17:56.502+0000] {dag.py:3239} INFO - Sync 1 DAGs
[2026-09-25T17:17:56.580+0000] {logging_mixin.py:190} INFO - [2026-09-25T17:17:56.579+0000] {dag.py:4180} INFO - Setting next_dagrun for example_sla_dag to 2026-09-25 17:14:00+00:00, run_after=2026-09-25 17:16:00+00:00
[2026-09-25T17:17:56.641+0000] {processor.py:208} INFO - Processing /home/airflow/.local/lib/python3.12/site-packages/airflow/example_dags/example_sla_dag.py took 0.313 seconds
[2026-09-25T17:18:33.599+0000] {processor.py:186} INFO - Started process (PID=1954) to work on /home/airflow/.local/lib/python3.12/site-packages/airflow/example_dags/example_sla_dag.py
[2026-09-25T17:18:33.601+0000] {processor.py:914} INFO - Processing file /home/airflow/.local/lib/python3.12/site-packages/airflow/example_dags/example_sla_dag.py for tasks to queue
[2026-09-25T17:18:33.606+0000] {logging_mixin.py:190} INFO - [2026-09-25T17:18:33.605+0000] {dagbag.py:588} INFO - Filling up the DagBag from /home/airflow/.local/lib/python3.12/site-packages/airflow/example_dags/example_sla_dag.py
[2026-09-25T17:18:33.649+0000] {processor.py:925} INFO - DAG(s) 'example_sla_dag' retrieved from /home/airflow/.local/lib/python3.12/site-packages/airflow/example_dags/example_sla_dag.py
[2026-09-25T17:18:33.707+0000] {logging_mixin.py:190} INFO - [2026-09-25T17:18:33.707+0000] {dag.py:3239} INFO - Sync 1 DAGs
[2026-09-25T17:18:33.775+0000] {logging_mixin.py:190} INFO - [2026-09-25T17:18:33.775+0000] {dag.py:4180} INFO - Setting next_dagrun for example_sla_dag to 2026-09-25 17:16:00+00:00, run_after=2026-09-25 17:18:00+00:00
[2026-09-25T17:18:33.815+0000] {processor.py:208} INFO - Processing /home/airflow/.local/lib/python3.12/site-packages/airflow/example_dags/example_sla_dag.py took 0.229 seconds
[2026-09-25T17:19:08.017+0000] {processor.py:186} INFO - Started process (PID=2017) to work on /home/airflow/.local/lib/python3.12/site-packages/airflow/example_dags/example_sla_dag.py
[2026-09-25T17:19:08.019+0000] {processor.py:914} INFO - Processing file /home/airflow/.local/lib/python3.12/site-packages/airflow/example_dags/example_sla_dag.py for tasks to queue
[2026-09-25T17:19:08.024+0000] {logging_mixin.py:190} INFO - [2026-09-25T17:19:08.024+0000] {dagbag.py:588} INFO - Filling up the DagBag from /home/airflow/.local/lib/python3.12/site-packages/airflow/example_dags/example_sla_dag.py
[2026-09-25T17:19:08.066+0000] {processor.py:925} INFO - DAG(s) 'example_sla_dag' retrieved from /home/airflow/.local/lib/python3.12/site-packages/airflow/example_dags/example_sla_dag.py
[2026-09-25T17:19:08.111+0000] {logging_mixin.py:190} INFO - [2026-09-25T17:19:08.111+0000] {dag.py:3239} INFO - Sync 1 DAGs
[2026-09-25T17:19:08.184+0000] {logging_mixin.py:190} INFO - [2026-09-25T17:19:08.183+0000] {dag.py:4180} INFO - Setting next_dagrun for example_sla_dag to 2026-09-25 17:16:00+00:00, run_after=2026-09-25 17:18:00+00:00
[2026-09-25T17:19:08.223+0000] {processor.py:208} INFO - Processing /home/airflow/.local/lib/python3.12/site-packages/airflow/example_dags/example_sla_dag.py took 0.228 seconds
[2026-09-25T17:19:43.711+0000] {processor.py:186} INFO - Started process (PID=2080) to work on /home/airflow/.local/lib/python3.12/site-packages/airflow/example_dags/example_sla_dag.py
[2026-09-25T17:19:43.718+0000] {processor.py:914} INFO - Processing file /home/airflow/.local/lib/python3.12/site-packages/airflow/example_dags/example_sla_dag.py for tasks to queue
[2026-09-25T17:19:43.746+0000] {logging_mixin.py:190} INFO - [2026-09-25T17:19:43.744+0000] {dagbag.py:588} INFO - Filling up the DagBag from /home/airflow/.local/lib/python3.12/site-packages/airflow/example_dags/example_sla_dag.py
[2026-09-25T17:19:43.826+0000] {processor.py:925} INFO - DAG(s) 'example_sla_dag' retrieved from /home/airflow/.local/lib/python3.12/site-packages/airflow/example_dags/example_sla_dag.py
[2026-09-25T17:19:44.245+0000] {logging_mixin.py:190} INFO - [2026-09-25T17:19:44.237+0000] {dag.py:3239} INFO - Sync 1 DAGs
[2026-09-25T17:19:44.405+0000] {logging_mixin.py:190} INFO - [2026-09-25T17:19:44.405+0000] {dag.py:4180} INFO - Setting next_dagrun for example_sla_dag to 2026-09-25 17:16:00+00:00, run_after=2026-09-25 17:18:00+00:00
[2026-09-25T17:19:44.615+0000] {processor.py:208} INFO - Processing /home/airflow/.local/lib/python3.12/site-packages/airflow/example_dags/example_sla_dag.py took 0.927 seconds
[2026-09-25T17:20:25.760+0000] {processor.py:186} INFO - Started process (PID=2143) to work on /home/airflow/.local/lib/python3.12/site-packages/airflow/example_dags/example_sla_dag.py
[2026-09-25T17:20:25.764+0000] {processor.py:914} INFO - Processing file /home/airflow/.local/lib/python3.12/site-packages/airflow/example_dags/example_sla_dag.py for tasks to queue
[2026-09-25T17:20:25.772+0000] {logging_mixin.py:190} INFO - [2026-09-25T17:20:25.771+0000] {dagbag.py:588} INFO - Filling up the DagBag from /home/airflow/.local/lib/python3.12/site-packages/airflow/example_dags/example_sla_dag.py
[2026-09-25T17:20:25.839+0000] {processor.py:925} INFO - DAG(s) 'example_sla_dag' retrieved from /home/airflow/.local/lib/python3.12/site-packages/airflow/example_dags/example_sla_dag.py
[2026-09-25T17:20:25.963+0000] {logging_mixin.py:190} INFO - [2026-09-25T17:20:25.962+0000] {dag.py:3239} INFO - Sync 1 DAGs
[2026-09-25T17:20:26.146+0000] {logging_mixin.py:190} INFO - [2026-09-25T17:20:26.144+0000] {dag.py:4180} INFO - Setting next_dagrun for example_sla_dag to 2026-09-25 17:18:00+00:00, run_after=2026-09-25 17:20:00+00:00
[2026-09-25T17:20:26.216+0000] {processor.py:208} INFO - Processing /home/airflow/.local/lib/python3.12/site-packages/airflow/example_dags/example_sla_dag.py took 0.487 seconds
[2026-09-25T17:21:12.014+0000] {processor.py:186} INFO - Started process (PID=2211) to work on /home/airflow/.local/lib/python3.12/site-packages/airflow/example_dags/example_sla_dag.py
[2026-09-25T17:21:12.043+0000] {processor.py:914} INFO - Processing file /home/airflow/.local/lib/python3.12/site-packages/airflow/example_dags/example_sla_dag.py for tasks to queue
[2026-09-25T17:21:12.109+0000] {logging_mixin.py:190} INFO - [2026-09-25T17:21:12.108+0000] {dagbag.py:588} INFO - Filling up the DagBag from /home/airflow/.local/lib/python3.12/site-packages/airflow/example_dags/example_sla_dag.py
[2026-09-25T17:21:12.294+0000] {processor.py:925} INFO - DAG(s) 'example_sla_dag' retrieved from /home/airflow/.local/lib/python3.12/site-packages/airflow/example_dags/example_sla_dag.py
[2026-09-25T17:21:12.515+0000] {logging_mixin.py:190} INFO - [2026-09-25T17:21:12.514+0000] {dag.py:3239} INFO - Sync 1 DAGs
[2026-09-25T17:21:12.910+0000] {logging_mixin.py:190} INFO - [2026-09-25T17:21:12.908+0000] {dag.py:4180} INFO - Setting next_dagrun for example_sla_dag to 2026-09-25 17:18:00+00:00, run_after=2026-09-25 17:20:00+00:00
[2026-09-25T17:21:13.635+0000] {processor.py:208} INFO - Processing /home/airflow/.local/lib/python3.12/site-packages/airflow/example_dags/example_sla_dag.py took 1.657 seconds
[2026-09-25T17:22:12.113+0000] {processor.py:186} INFO - Started process (PID=2280) to work on /home/airflow/.local/lib/python3.12/site-packages/airflow/example_dags/example_sla_dag.py
[2026-09-25T17:22:12.132+0000] {processor.py:914} INFO - Processing file /home/airflow/.local/lib/python3.12/site-packages/airflow/example_dags/example_sla_dag.py for tasks to queue
[2026-09-25T17:22:12.147+0000] {logging_mixin.py:190} INFO - [2026-09-25T17:22:12.146+0000] {dagbag.py:588} INFO - Filling up the DagBag from /home/airflow/.local/lib/python3.12/site-packages/airflow/example_dags/example_sla_dag.py
[2026-09-25T17:22:12.206+0000] {processor.py:925} INFO - DAG(s) 'example_sla_dag' retrieved from /home/airflow/.local/lib/python3.12/site-packages/airflow/example_dags/example_sla_dag.py
[2026-09-25T17:22:12.348+0000] {logging_mixin.py:190} INFO - [2026-09-25T17:22:12.346+0000] {dag.py:3239} INFO - Sync 1 DAGs
[2026-09-25T17:22:12.662+0000] {logging_mixin.py:190} INFO - [2026-09-25T17:22:12.661+0000] {dag.py:4180} INFO - Setting next_dagrun for example_sla_dag to 2026-09-25 17:20:00+00:00, run_after=2026-09-25 17:22:00+00:00
[2026-09-25T17:22:12.845+0000] {processor.py:208} INFO - Processing /home/airflow/.local/lib/python3.12/site-packages/airflow/example_dags/example_sla_dag.py took 0.797 seconds
[2026-09-25T17:22:50.883+0000] {processor.py:186} INFO - Started process (PID=2347) to work on /home/airflow/.local/lib/python3.12/site-packages/airflow/example_dags/example_sla_dag.py
[2026-09-25T17:22:50.886+0000] {processor.py:914} INFO - Processing file /home/airflow/.local/lib/python3.12/site-packages/airflow/example_dags/example_sla_dag.py for tasks to queue
[2026-09-25T17:22:50.892+0000] {logging_mixin.py:190} INFO - [2026-09-25T17:22:50.891+0000] {dagbag.py:588} INFO - Filling up the DagBag from /home/airflow/.local/lib/python3.12/site-packages/airflow/example_dags/example_sla_dag.py
[2026-09-25T17:22:50.922+0000] {processor.py:925} INFO - DAG(s) 'example_sla_dag' retrieved from /home/airflow/.local/lib/python3.12/site-packages/airflow/example_dags/example_sla_dag.py
[2026-09-25T17:22:51.002+0000] {logging_mixin.py:190} INFO - [2026-09-25T17:22:51.001+0000] {dag.py:3239} INFO - Sync 1 DAGs
[2026-09-25T17:22:51.098+0000] {logging_mixin.py:190} INFO - [2026-09-25T17:22:51.097+0000] {dag.py:4180} INFO - Setting next_dagrun for example_sla_dag to 2026-09-25 17:20:00+00:00, run_after=2026-09-25 17:22:00+00:00
[2026-09-25T17:22:51.173+0000] {processor.py:208} INFO - Processing /home/airflow/.local/lib/python3.12/site-packages/airflow/example_dags/example_sla_dag.py took 0.306 seconds
[2026-09-25T17:23:30.813+0000] {processor.py:186} INFO - Started process (PID=2411) to work on /home/airflow/.local/lib/python3.12/site-packages/airflow/example_dags/example_sla_dag.py
[2026-09-25T17:23:30.817+0000] {processor.py:914} INFO - Processing file /home/airflow/.local/lib/python3.12/site-packages/airflow/example_dags/example_sla_dag.py for tasks to queue
[2026-09-25T17:23:30.824+0000] {logging_mixin.py:190} INFO - [2026-09-25T17:23:30.823+0000] {dagbag.py:588} INFO - Filling up the DagBag from /home/airflow/.local/lib/python3.12/site-packages/airflow/example_dags/example_sla_dag.py
[2026-09-25T17:23:30.854+0000] {processor.py:925} INFO - DAG(s) 'example_sla_dag' retrieved from /home/airflow/.local/lib/python3.12/site-packages/airflow/example_dags/example_sla_dag.py
[2026-09-25T17:23:30.951+0000] {logging_mixin.py:190} INFO - [2026-09-25T17:23:30.950+0000] {dag.py:3239} INFO - Sync 1 DAGs
[2026-09-25T17:23:31.077+0000] {logging_mixin.py:190} INFO - [2026-09-25T17:23:31.075+0000] {dag.py:4180} INFO - Setting next_dagrun for example_sla_dag to 2026-09-25 17:20:00+00:00, run_after=2026-09-25 17:22:00+00:00
[2026-09-25T17:23:31.170+0000] {processor.py:208} INFO - Processing /home/airflow/.local/lib/python3.12/site-packages/airflow/example_dags/example_sla_dag.py took 0.402 seconds
[2026-09-25T17:24:04.966+0000] {processor.py:186} INFO - Started process (PID=2473) to work on /home/airflow/.local/lib/python3.12/site-packages/airflow/example_dags/example_sla_dag.py
[2026-09-25T17:24:04.973+0000] {processor.py:914} INFO - Processing file /home/airflow/.local/lib/python3.12/site-packages/airflow/example_dags/example_sla_dag.py for tasks to queue
[2026-09-25T17:24:04.979+0000] {logging_mixin.py:190} INFO - [2026-09-25T17:24:04.978+0000] {dagbag.py:588} INFO - Filling up the DagBag from /home/airflow/.local/lib/python3.12/site-packages/airflow/example_dags/example_sla_dag.py
[2026-09-25T17:24:05.287+0000] {processor.py:925} INFO - DAG(s) 'example_sla_dag' retrieved from /home/airflow/.local/lib/python3.12/site-packages/airflow/example_dags/example_sla_dag.py
[2026-09-25T17:24:05.578+0000] {logging_mixin.py:190} INFO - [2026-09-25T17:24:05.572+0000] {dag.py:3239} INFO - Sync 1 DAGs
[2026-09-25T17:24:05.771+0000] {logging_mixin.py:190} INFO - [2026-09-25T17:24:05.771+0000] {dag.py:4180} INFO - Setting next_dagrun for example_sla_dag to 2026-09-25 17:22:00+00:00, run_after=2026-09-25 17:24:00+00:00
[2026-09-25T17:24:05.841+0000] {processor.py:208} INFO - Processing /home/airflow/.local/lib/python3.12/site-packages/airflow/example_dags/example_sla_dag.py took 0.896 seconds
[2026-09-25T17:24:40.997+0000] {processor.py:186} INFO - Started process (PID=2536) to work on /home/airflow/.local/lib/python3.12/site-packages/airflow/example_dags/example_sla_dag.py
[2026-09-25T17:24:41.000+0000] {processor.py:914} INFO - Processing file /home/airflow/.local/lib/python3.12/site-packages/airflow/example_dags/example_sla_dag.py for tasks to queue
[2026-09-25T17:24:41.021+0000] {logging_mixin.py:190} INFO - [2026-09-25T17:24:41.020+0000] {dagbag.py:588} INFO - Filling up the DagBag from /home/airflow/.local/lib/python3.12/site-packages/airflow/example_dags/example_sla_dag.py
[2026-09-25T17:24:41.045+0000] {processor.py:925} INFO - DAG(s) 'example_sla_dag' retrieved from /home/airflow/.local/lib/python3.12/site-packages/airflow/example_dags/example_sla_dag.py
[2026-09-25T17:24:41.095+0000] {logging_mixin.py:190} INFO - [2026-09-25T17:24:41.095+0000] {dag.py:3239} INFO - Sync 1 DAGs
[2026-09-25T17:24:41.179+0000] {logging_mixin.py:190} INFO - [2026-09-25T17:24:41.178+0000] {dag.py:4180} INFO - Setting next_dagrun for example_sla_dag to 2026-09-25 17:22:00+00:00, run_after=2026-09-25 17:24:00+00:00
[2026-09-25T17:24:41.230+0000] {processor.py:208} INFO - Processing /home/airflow/.local/lib/python3.12/site-packages/airflow/example_dags/example_sla_dag.py took 0.256 seconds
[2026-09-25T17:25:15.117+0000] {processor.py:186} INFO - Started process (PID=2594) to work on /home/airflow/.local/lib/python3.12/site-packages/airflow/example_dags/example_sla_dag.py
[2026-09-25T17:25:15.121+0000] {processor.py:914} INFO - Processing file /home/airflow/.local/lib/python3.12/site-packages/airflow/example_dags/example_sla_dag.py for tasks to queue
[2026-09-25T17:25:15.130+0000] {logging_mixin.py:190} INFO - [2026-09-25T17:25:15.128+0000] {dagbag.py:588} INFO - Filling up the DagBag from /home/airflow/.local/lib/python3.12/site-packages/airflow/example_dags/example_sla_dag.py
[2026-09-25T17:25:15.221+0000] {processor.py:925} INFO - DAG(s) 'example_sla_dag' retrieved from /home/airflow/.local/lib/python3.12/site-packages/airflow/example_dags/example_sla_dag.py
[2026-09-25T17:25:15.341+0000] {logging_mixin.py:190} INFO - [2026-09-25T17:25:15.335+0000] {dag.py:3239} INFO - Sync 1 DAGs
[2026-09-25T17:25:15.614+0000] {logging_mixin.py:190} INFO - [2026-09-25T17:25:15.562+0000] {dagbag.py:698} ERROR - Failed to write serialized DAG: /home/airflow/.local/lib/python3.12/site-packages/airflow/example_dags/example_sla_dag.py
Traceback (most recent call last):
  File "/home/airflow/.local/lib/python3.12/site-packages/sqlalchemy/engine/base.py", line 1910, in _execute_context
    self.dialect.do_execute(
  File "/home/airflow/.local/lib/python3.12/site-packages/sqlalchemy/engine/default.py", line 736, in do_execute
    cursor.execute(statement, parameters)
psycopg2.errors.InFailedSqlTransaction: current transaction is aborted, commands ignored until end of transaction block


The above exception was the direct cause of the following exception:

Traceback (most recent call last):
  File "/home/airflow/.local/lib/python3.12/site-packages/airflow/models/dagbag.py", line 686, in _serialize_dag_capturing_errors
    dag_was_updated = SerializedDagModel.write_dag(
                      ^^^^^^^^^^^^^^^^^^^^^^^^^^^^^
  File "/home/airflow/.local/lib/python3.12/site-packages/airflow/utils/session.py", line 94, in wrapper
    return func(*args, **kwargs)
           ^^^^^^^^^^^^^^^^^^^^^
  File "/home/airflow/.local/lib/python3.12/site-packages/airflow/models/serialized_dag.py", line 160, in write_dag
    if session.scalar(
       ^^^^^^^^^^^^^^^
  File "/home/airflow/.local/lib/python3.12/site-packages/sqlalchemy/orm/session.py", line 1747, in scalar
    return self.execute(
           ^^^^^^^^^^^^^
  File "/home/airflow/.local/lib/python3.12/site-packages/sqlalchemy/orm/session.py", line 1717, in execute
    result = conn._execute_20(statement, params or {}, execution_options)
             ^^^^^^^^^^^^^^^^^^^^^^^^^^^^^^^^^^^^^^^^^^^^^^^^^^^^^^^^^^^^
  File "/home/airflow/.local/lib/python3.12/site-packages/sqlalchemy/engine/base.py", line 1710, in _execute_20
    return meth(self, args_10style, kwargs_10style, execution_options)
           ^^^^^^^^^^^^^^^^^^^^^^^^^^^^^^^^^^^^^^^^^^^^^^^^^^^^^^^^^^^
  File "/home/airflow/.local/lib/python3.12/site-packages/sqlalchemy/sql/elements.py", line 334, in _execute_on_connection
    return connection._execute_clauseelement(
           ^^^^^^^^^^^^^^^^^^^^^^^^^^^^^^^^^^
  File "/home/airflow/.local/lib/python3.12/site-packages/sqlalchemy/engine/base.py", line 1577, in _execute_clauseelement
    ret = self._execute_context(
          ^^^^^^^^^^^^^^^^^^^^^^
  File "/home/airflow/.local/lib/python3.12/site-packages/sqlalchemy/engine/base.py", line 1953, in _execute_context
    self._handle_dbapi_exception(
  File "/home/airflow/.local/lib/python3.12/site-packages/sqlalchemy/engine/base.py", line 2134, in _handle_dbapi_exception
    util.raise_(
  File "/home/airflow/.local/lib/python3.12/site-packages/sqlalchemy/util/compat.py", line 211, in raise_
    raise exception
  File "/home/airflow/.local/lib/python3.12/site-packages/sqlalchemy/engine/base.py", line 1910, in _execute_context
    self.dialect.do_execute(
  File "/home/airflow/.local/lib/python3.12/site-packages/sqlalchemy/engine/default.py", line 736, in do_execute
    cursor.execute(statement, parameters)
sqlalchemy.exc.InternalError: (psycopg2.errors.InFailedSqlTransaction) current transaction is aborted, commands ignored until end of transaction block

[SQL: SELECT %(param_1)s AS anon_1 
FROM serialized_dag 
WHERE serialized_dag.dag_id = %(dag_id_1)s AND serialized_dag.last_updated > %(last_updated_1)s]
[parameters: {'param_1': True, 'dag_id_1': 'example_sla_dag', 'last_updated_1': datetime.datetime(2026, 9, 25, 17, 24, 45, 556376, tzinfo=Timezone('UTC'))}]
(Background on this error at: https://sqlalche.me/e/14/2j85)
[2026-09-25T17:25:15.620+0000] {logging_mixin.py:190} INFO - [2026-09-25T17:25:15.620+0000] {dag.py:3239} INFO - Sync 1 DAGs
[2026-09-25T17:25:16.020+0000] {logging_mixin.py:190} INFO - [2026-09-25T17:25:16.015+0000] {dagbag.py:698} ERROR - Failed to write serialized DAG: /home/airflow/.local/lib/python3.12/site-packages/airflow/example_dags/example_sla_dag.py
Traceback (most recent call last):
  File "/home/airflow/.local/lib/python3.12/site-packages/sqlalchemy/engine/base.py", line 1910, in _execute_context
    self.dialect.do_execute(
  File "/home/airflow/.local/lib/python3.12/site-packages/sqlalchemy/engine/default.py", line 736, in do_execute
    cursor.execute(statement, parameters)
psycopg2.errors.InFailedSqlTransaction: current transaction is aborted, commands ignored until end of transaction block


The above exception was the direct cause of the following exception:

Traceback (most recent call last):
  File "/home/airflow/.local/lib/python3.12/site-packages/airflow/models/dagbag.py", line 686, in _serialize_dag_capturing_errors
    dag_was_updated = SerializedDagModel.write_dag(
                      ^^^^^^^^^^^^^^^^^^^^^^^^^^^^^
  File "/home/airflow/.local/lib/python3.12/site-packages/airflow/utils/session.py", line 94, in wrapper
    return func(*args, **kwargs)
           ^^^^^^^^^^^^^^^^^^^^^
  File "/home/airflow/.local/lib/python3.12/site-packages/airflow/models/serialized_dag.py", line 160, in write_dag
    if session.scalar(
       ^^^^^^^^^^^^^^^
  File "/home/airflow/.local/lib/python3.12/site-packages/sqlalchemy/orm/session.py", line 1747, in scalar
    return self.execute(
           ^^^^^^^^^^^^^
  File "/home/airflow/.local/lib/python3.12/site-packages/sqlalchemy/orm/session.py", line 1717, in execute
    result = conn._execute_20(statement, params or {}, execution_options)
             ^^^^^^^^^^^^^^^^^^^^^^^^^^^^^^^^^^^^^^^^^^^^^^^^^^^^^^^^^^^^
  File "/home/airflow/.local/lib/python3.12/site-packages/sqlalchemy/engine/base.py", line 1710, in _execute_20
    return meth(self, args_10style, kwargs_10style, execution_options)
           ^^^^^^^^^^^^^^^^^^^^^^^^^^^^^^^^^^^^^^^^^^^^^^^^^^^^^^^^^^^
  File "/home/airflow/.local/lib/python3.12/site-packages/sqlalchemy/sql/elements.py", line 334, in _execute_on_connection
    return connection._execute_clauseelement(
           ^^^^^^^^^^^^^^^^^^^^^^^^^^^^^^^^^^
  File "/home/airflow/.local/lib/python3.12/site-packages/sqlalchemy/engine/base.py", line 1577, in _execute_clauseelement
    ret = self._execute_context(
          ^^^^^^^^^^^^^^^^^^^^^^
  File "/home/airflow/.local/lib/python3.12/site-packages/sqlalchemy/engine/base.py", line 1953, in _execute_context
    self._handle_dbapi_exception(
  File "/home/airflow/.local/lib/python3.12/site-packages/sqlalchemy/engine/base.py", line 2134, in _handle_dbapi_exception
    util.raise_(
  File "/home/airflow/.local/lib/python3.12/site-packages/sqlalchemy/util/compat.py", line 211, in raise_
    raise exception
  File "/home/airflow/.local/lib/python3.12/site-packages/sqlalchemy/engine/base.py", line 1910, in _execute_context
    self.dialect.do_execute(
  File "/home/airflow/.local/lib/python3.12/site-packages/sqlalchemy/engine/default.py", line 736, in do_execute
    cursor.execute(statement, parameters)
sqlalchemy.exc.InternalError: (psycopg2.errors.InFailedSqlTransaction) current transaction is aborted, commands ignored until end of transaction block

[SQL: SELECT %(param_1)s AS anon_1 
FROM serialized_dag 
WHERE serialized_dag.dag_id = %(dag_id_1)s AND serialized_dag.last_updated > %(last_updated_1)s]
[parameters: {'param_1': True, 'dag_id_1': 'example_sla_dag', 'last_updated_1': datetime.datetime(2026, 9, 25, 17, 24, 46, 12376, tzinfo=Timezone('UTC'))}]
(Background on this error at: https://sqlalche.me/e/14/2j85)
[2026-09-25T17:25:16.032+0000] {logging_mixin.py:190} INFO - [2026-09-25T17:25:16.030+0000] {dag.py:3239} INFO - Sync 1 DAGs
[2026-09-25T17:25:16.044+0000] {processor.py:211} ERROR - Got an exception! Propagating...
Traceback (most recent call last):
  File "/home/airflow/.local/lib/python3.12/site-packages/sqlalchemy/engine/base.py", line 1910, in _execute_context
    self.dialect.do_execute(
  File "/home/airflow/.local/lib/python3.12/site-packages/sqlalchemy/engine/default.py", line 736, in do_execute
    cursor.execute(statement, parameters)
psycopg2.errors.InFailedSqlTransaction: current transaction is aborted, commands ignored until end of transaction block


The above exception was the direct cause of the following exception:

Traceback (most recent call last):
  File "/home/airflow/.local/lib/python3.12/site-packages/airflow/dag_processing/processor.py", line 207, in _run_file_processor
    _handle_dag_file_processing()
  File "/home/airflow/.local/lib/python3.12/site-packages/airflow/dag_processing/processor.py", line 188, in _handle_dag_file_processing
    result: tuple[int, int, int] = dag_file_processor.process_file(
                                   ^^^^^^^^^^^^^^^^^^^^^^^^^^^^^^^^
  File "/home/airflow/.local/lib/python3.12/site-packages/airflow/utils/session.py", line 97, in wrapper
    return func(*args, session=session, **kwargs)
           ^^^^^^^^^^^^^^^^^^^^^^^^^^^^^^^^^^^^^^
  File "/home/airflow/.local/lib/python3.12/site-packages/airflow/dag_processing/processor.py", line 942, in process_file
    serialize_errors = DagFileProcessor.save_dag_to_db(
                       ^^^^^^^^^^^^^^^^^^^^^^^^^^^^^^^^
  File "/home/airflow/.local/lib/python3.12/site-packages/airflow/api_internal/internal_api_call.py", line 166, in wrapper
    return func(*args, **kwargs)
           ^^^^^^^^^^^^^^^^^^^^^
  File "/home/airflow/.local/lib/python3.12/site-packages/airflow/utils/session.py", line 97, in wrapper
    return func(*args, session=session, **kwargs)
           ^^^^^^^^^^^^^^^^^^^^^^^^^^^^^^^^^^^^^^
  File "/home/airflow/.local/lib/python3.12/site-packages/airflow/dag_processing/processor.py", line 982, in save_dag_to_db
    import_errors = DagBag._sync_to_db(dags=dags, processor_subdir=dag_directory, session=session)
                    ^^^^^^^^^^^^^^^^^^^^^^^^^^^^^^^^^^^^^^^^^^^^^^^^^^^^^^^^^^^^^^^^^^^^^^^^^^^^^^
  File "/home/airflow/.local/lib/python3.12/site-packages/airflow/utils/session.py", line 94, in wrapper
    return func(*args, **kwargs)
           ^^^^^^^^^^^^^^^^^^^^^
  File "/home/airflow/.local/lib/python3.12/site-packages/airflow/models/dagbag.py", line 708, in _sync_to_db
    for attempt in run_with_db_retries(logger=log):
                   ^^^^^^^^^^^^^^^^^^^^^^^^^^^^^^^
  File "/home/airflow/.local/lib/python3.12/site-packages/tenacity/__init__.py", line 443, in __iter__
    do = self.iter(retry_state=retry_state)
         ^^^^^^^^^^^^^^^^^^^^^^^^^^^^^^^^^^
  File "/home/airflow/.local/lib/python3.12/site-packages/tenacity/__init__.py", line 376, in iter
    result = action(retry_state)
             ^^^^^^^^^^^^^^^^^^^
  File "/home/airflow/.local/lib/python3.12/site-packages/tenacity/__init__.py", line 418, in exc_check
    raise retry_exc.reraise()
          ^^^^^^^^^^^^^^^^^^^
  File "/home/airflow/.local/lib/python3.12/site-packages/tenacity/__init__.py", line 185, in reraise
    raise self.last_attempt.result()
          ^^^^^^^^^^^^^^^^^^^^^^^^^^
  File "/usr/local/lib/python3.12/concurrent/futures/_base.py", line 449, in result
    return self.__get_result()
           ^^^^^^^^^^^^^^^^^^^
  File "/usr/local/lib/python3.12/concurrent/futures/_base.py", line 401, in __get_result
    raise self._exception
  File "/home/airflow/.local/lib/python3.12/site-packages/airflow/models/dagbag.py", line 724, in _sync_to_db
    DAG.bulk_write_to_db(dags.values(), processor_subdir=processor_subdir, session=session)
  File "/home/airflow/.local/lib/python3.12/site-packages/airflow/utils/session.py", line 94, in wrapper
    return func(*args, **kwargs)
           ^^^^^^^^^^^^^^^^^^^^^
  File "/home/airflow/.local/lib/python3.12/site-packages/airflow/models/dag.py", line 3252, in bulk_write_to_db
    orm_dags: list[DagModel] = session.scalars(query).unique().all()
                               ^^^^^^^^^^^^^^^^^^^^^^
  File "/home/airflow/.local/lib/python3.12/site-packages/sqlalchemy/orm/session.py", line 1778, in scalars
    return self.execute(
           ^^^^^^^^^^^^^
  File "/home/airflow/.local/lib/python3.12/site-packages/sqlalchemy/orm/session.py", line 1717, in execute
    result = conn._execute_20(statement, params or {}, execution_options)
             ^^^^^^^^^^^^^^^^^^^^^^^^^^^^^^^^^^^^^^^^^^^^^^^^^^^^^^^^^^^^
  File "/home/airflow/.local/lib/python3.12/site-packages/sqlalchemy/engine/base.py", line 1710, in _execute_20
    return meth(self, args_10style, kwargs_10style, execution_options)
           ^^^^^^^^^^^^^^^^^^^^^^^^^^^^^^^^^^^^^^^^^^^^^^^^^^^^^^^^^^^
  File "/home/airflow/.local/lib/python3.12/site-packages/sqlalchemy/sql/elements.py", line 334, in _execute_on_connection
    return connection._execute_clauseelement(
           ^^^^^^^^^^^^^^^^^^^^^^^^^^^^^^^^^^
  File "/home/airflow/.local/lib/python3.12/site-packages/sqlalchemy/engine/base.py", line 1577, in _execute_clauseelement
    ret = self._execute_context(
          ^^^^^^^^^^^^^^^^^^^^^^
  File "/home/airflow/.local/lib/python3.12/site-packages/sqlalchemy/engine/base.py", line 1953, in _execute_context
    self._handle_dbapi_exception(
  File "/home/airflow/.local/lib/python3.12/site-packages/sqlalchemy/engine/base.py", line 2134, in _handle_dbapi_exception
    util.raise_(
  File "/home/airflow/.local/lib/python3.12/site-packages/sqlalchemy/util/compat.py", line 211, in raise_
    raise exception
  File "/home/airflow/.local/lib/python3.12/site-packages/sqlalchemy/engine/base.py", line 1910, in _execute_context
    self.dialect.do_execute(
  File "/home/airflow/.local/lib/python3.12/site-packages/sqlalchemy/engine/default.py", line 736, in do_execute
    cursor.execute(statement, parameters)
sqlalchemy.exc.InternalError: (psycopg2.errors.InFailedSqlTransaction) current transaction is aborted, commands ignored until end of transaction block

[SQL: SELECT dag.dag_display_name, dag.dag_id, dag.root_dag_id, dag.is_paused, dag.is_subdag, dag.is_active, dag.last_parsed_time, dag.last_pickled, dag.last_expired, dag.scheduler_lock, dag.pickle_id, dag.fileloc, dag.processor_subdir, dag.owners, dag.description, dag.default_view, dag.schedule_interval, dag.timetable_description, dag.dataset_expression, dag.max_active_tasks, dag.max_active_runs, dag.max_consecutive_failed_dag_runs, dag.has_task_concurrency_limits, dag.has_import_errors, dag.next_dagrun, dag.next_dagrun_data_interval_start, dag.next_dagrun_data_interval_end, dag.next_dagrun_create_after, dag_tag_1.name, dag_tag_1.dag_id AS dag_id_1, dag_schedule_dataset_reference_1.dataset_id, dag_schedule_dataset_reference_1.dag_id AS dag_id_2, dag_schedule_dataset_reference_1.created_at, dag_schedule_dataset_reference_1.updated_at, dag_schedule_dataset_alias_reference_1.alias_id, dag_schedule_dataset_alias_reference_1.dag_id AS dag_id_3, dag_schedule_dataset_alias_reference_1.created_at AS created_at_1, dag_schedule_dataset_alias_reference_1.updated_at AS updated_at_1, task_outlet_dataset_reference_1.dataset_id AS dataset_id_1, task_outlet_dataset_reference_1.dag_id AS dag_id_4, task_outlet_dataset_reference_1.task_id, task_outlet_dataset_reference_1.created_at AS created_at_2, task_outlet_dataset_reference_1.updated_at AS updated_at_2 
FROM dag LEFT OUTER JOIN dag_tag AS dag_tag_1 ON dag.dag_id = dag_tag_1.dag_id LEFT OUTER JOIN dag_schedule_dataset_reference AS dag_schedule_dataset_reference_1 ON dag.dag_id = dag_schedule_dataset_reference_1.dag_id LEFT OUTER JOIN dag_schedule_dataset_alias_reference AS dag_schedule_dataset_alias_reference_1 ON dag.dag_id = dag_schedule_dataset_alias_reference_1.dag_id LEFT OUTER JOIN task_outlet_dataset_reference AS task_outlet_dataset_reference_1 ON dag.dag_id = task_outlet_dataset_reference_1.dag_id 
WHERE dag.dag_id IN (%(dag_id_5_1)s) FOR UPDATE OF dag]
[parameters: {'dag_id_5_1': 'example_sla_dag'}]
(Background on this error at: https://sqlalche.me/e/14/2j85)
