[2026-09-24T19:49:34.038+0000] {manager.py:483} INFO - Processing files using up to 2 processes at a time 
[2026-09-24T19:49:34.148+0000] {manager.py:484} INFO - Process each file at most once every 30 seconds
[2026-09-24T19:49:34.703+0000] {manager.py:485} INFO - Checking for new files in /opt/airflow/dags every 300 seconds
[2026-09-24T19:49:34.718+0000] {manager.py:821} INFO - Searching for files in /opt/airflow/dags
[2026-09-24T19:49:35.382+0000] {manager.py:824} INFO - There are 57 files in /opt/airflow/dags
[2026-09-24T19:49:40.009+0000] {manager.py:997} INFO - 
================================================================================
DAG File Processing Stats

File Path                                                                                                                            PID  Runtime      # DAGs    # Errors  Last Runtime    Last Run      Last # of DB Queries
---------------------------------------------------------------------------------------------------------------------------------  -----  ---------  --------  ----------  --------------  ----------  ----------------------
/home/airflow/.local/lib/python3.12/site-packages/airflow/example_dags/example_dynamic_task_mapping_with_no_taskflow_operators.py     54  3.07s             0           0                                                   0
/home/airflow/.local/lib/python3.12/site-packages/airflow/example_dags/example_inlet_event_extra.py                                   55  0.50s             0           0                                                   0
/home/airflow/.local/lib/python3.12/site-packages/airflow/example_dags/example_nested_branch_dag.py                                                         0           0                                                   0
/home/airflow/.local/lib/python3.12/site-packages/airflow/example_dags/tutorial_objectstorage.py                                                            0           0                                                   0
/home/airflow/.local/lib/python3.12/site-packages/airflow/example_dags/example_dynamic_task_mapping.py                                                      0           0                                                   0
/home/airflow/.local/lib/python3.12/site-packages/airflow/example_dags/example_setup_teardown.py                                                            0           0                                                   0
/home/airflow/.local/lib/python3.12/site-packages/airflow/example_dags/example_latest_only.py                                                               0           0                                                   0
/home/airflow/.local/lib/python3.12/site-packages/airflow/example_dags/example_task_group.py                                                                0           0                                                   0
/home/airflow/.local/lib/python3.12/site-packages/airflow/example_dags/tutorial_taskflow_api_virtualenv.py                                                  0           0                                                   0
/home/airflow/.local/lib/python3.12/site-packages/airflow/example_dags/example_branch_operator_decorator.py                                                 0           0                                                   0
/home/airflow/.local/lib/python3.12/site-packages/airflow/example_dags/example_python_decorator.py                                                          0           0                                                   0
/home/airflow/.local/lib/python3.12/site-packages/airflow/example_dags/example_xcom.py                                                                      0           0                                                   0
/home/airflow/.local/lib/python3.12/site-packages/airflow/example_dags/example_params_trigger_ui.py                                                         0           0                                                   0
/home/airflow/.local/lib/python3.12/site-packages/airflow/example_dags/example_bash_decorator.py                                                            0           0                                                   0
/home/airflow/.local/lib/python3.12/site-packages/airflow/example_dags/example_branch_datetime_operator.py                                                  0           0                                                   0
/home/airflow/.local/lib/python3.12/site-packages/airflow/example_dags/example_params_ui_tutorial.py                                                        0           0                                                   0
/home/airflow/.local/lib/python3.12/site-packages/airflow/example_dags/example_bash_operator.py                                                             0           0                                                   0
/home/airflow/.local/lib/python3.12/site-packages/airflow/example_dags/example_dag_decorator.py                                                             0           0                                                   0
/home/airflow/.local/lib/python3.12/site-packages/airflow/example_dags/example_task_group_decorator.py                                                      0           0                                                   0
/home/airflow/.local/lib/python3.12/site-packages/airflow/example_dags/example_display_name.py                                                              0           0                                                   0
/home/airflow/.local/lib/python3.12/site-packages/airflow/example_dags/tutorial_taskflow_templates.py                                                       0           0                                                   0
/home/airflow/.local/lib/python3.12/site-packages/airflow/example_dags/example_sensors.py                                                                   0           0                                                   0
/home/airflow/.local/lib/python3.12/site-packages/airflow/example_dags/example_xcomargs.py                                                                  0           0                                                   0
/home/airflow/.local/lib/python3.12/site-packages/airflow/example_dags/example_outlet_event_extra.py                                                        0           0                                                   0
/home/airflow/.local/lib/python3.12/site-packages/airflow/example_dags/example_kubernetes_executor.py                                                       0           0                                                   0
/home/airflow/.local/lib/python3.12/site-packages/airflow/example_dags/example_sla_dag.py                                                                   0           0                                                   0
/home/airflow/.local/lib/python3.12/site-packages/airflow/example_dags/example_workday_timetable.py                                                         0           0                                                   0
/home/airflow/.local/lib/python3.12/site-packages/airflow/example_dags/example_latest_only_with_trigger.py                                                  0           0                                                   0
/home/airflow/.local/lib/python3.12/site-packages/airflow/example_dags/example_setup_teardown_taskflow.py                                                   0           0                                                   0
/home/airflow/.local/lib/python3.12/site-packages/airflow/example_dags/example_dataset_alias.py                                                             0           0                                                   0
/home/airflow/.local/lib/python3.12/site-packages/airflow/example_dags/example_sensor_decorator.py                                                          0           0                                                   0
/home/airflow/.local/lib/python3.12/site-packages/airflow/example_dags/example_trigger_controller_dag.py                                                    0           0                                                   0
/home/airflow/.local/lib/python3.12/site-packages/airflow/example_dags/example_branch_labels.py                                                             0           0                                                   0
/home/airflow/.local/lib/python3.12/site-packages/airflow/example_dags/tutorial_taskflow_api.py                                                             0           0                                                   0
/home/airflow/.local/lib/python3.12/site-packages/airflow/example_dags/example_short_circuit_decorator.py                                                   0           0                                                   0
/home/airflow/.local/lib/python3.12/site-packages/airflow/example_dags/example_branch_python_dop_operator_3.py                                              0           0                                                   0
/home/airflow/.local/lib/python3.12/site-packages/airflow/example_dags/example_local_kubernetes_executor.py                                                 0           0                                                   0
/home/airflow/.local/lib/python3.12/site-packages/airflow/example_dags/example_passing_params_via_test_command.py                                           0           0                                                   0
/home/airflow/.local/lib/python3.12/site-packages/airflow/example_dags/example_complex.py                                                                   0           0                                                   0
/home/airflow/.local/lib/python3.12/site-packages/airflow/example_dags/example_branch_operator.py                                                           0           0                                                   0
/home/airflow/.local/lib/python3.12/site-packages/airflow/example_dags/example_external_task_marker_dag.py                                                  0           0                                                   0
/home/airflow/.local/lib/python3.12/site-packages/airflow/example_dags/example_skip_dag.py                                                                  0           0                                                   0
/home/airflow/.local/lib/python3.12/site-packages/airflow/example_dags/example_trigger_target_dag.py                                                        0           0                                                   0
/home/airflow/.local/lib/python3.12/site-packages/airflow/example_dags/example_subdag_operator.py                                                           0           0                                                   0
/home/airflow/.local/lib/python3.12/site-packages/airflow/example_dags/example_datasets.py                                                                  0           0                                                   0
/home/airflow/.local/lib/python3.12/site-packages/airflow/example_dags/example_short_circuit_operator.py                                                    0           0                                                   0
/home/airflow/.local/lib/python3.12/site-packages/airflow/example_dags/example_python_operator.py                                                           0           0                                                   0
/home/airflow/.local/lib/python3.12/site-packages/airflow/example_dags/example_dataset_alias_with_no_taskflow.py                                            0           0                                                   0
/home/airflow/.local/lib/python3.12/site-packages/airflow/example_dags/tutorial.py                                                                          0           0                                                   0
/home/airflow/.local/lib/python3.12/site-packages/airflow/example_dags/example_time_delta_sensor_async.py                                                   0           0                                                   0
/home/airflow/.local/lib/python3.12/site-packages/airflow/example_dags/example_branch_day_of_week_operator.py                                               0           0                                                   0
/home/airflow/.local/lib/python3.12/site-packages/airflow/example_dags/tutorial_dag.py                                                                      0           0                                                   0
/home/airflow/.local/lib/python3.12/site-packages/airflow/example_dags/subdags/subdag.py                                                                    0           0                                                   0
/home/airflow/.local/lib/python3.12/site-packages/airflow/example_dags/plugins/event_listener.py                                                            0           0                                                   0
/home/airflow/.local/lib/python3.12/site-packages/airflow/example_dags/plugins/decreasing_priority_weight_strategy.py                                       0           0                                                   0
/home/airflow/.local/lib/python3.12/site-packages/airflow/example_dags/plugins/workday.py                                                                   0           0                                                   0
/home/airflow/.local/lib/python3.12/site-packages/airflow/example_dags/plugins/listener_plugin.py                                                           0           0                                                   0
================================================================================
[2026-09-24T19:50:10.688+0000] {manager.py:997} INFO - 
================================================================================
DAG File Processing Stats

File Path                                                                                                                            PID  Runtime      # DAGs    # Errors  Last Runtime    Last Run               Last # of DB Queries
---------------------------------------------------------------------------------------------------------------------------------  -----  ---------  --------  ----------  --------------  -------------------  ----------------------
/home/airflow/.local/lib/python3.12/site-packages/airflow/example_dags/example_dynamic_task_mapping.py                                                      1           0  12.55s          2026-09-24T19:50:09                      43
/home/airflow/.local/lib/python3.12/site-packages/airflow/example_dags/example_dynamic_task_mapping_with_no_taskflow_operators.py                           1           0  7.99s           2026-09-24T19:49:44                      43
/home/airflow/.local/lib/python3.12/site-packages/airflow/example_dags/tutorial_objectstorage.py                                                            1           0  6.99s           2026-09-24T19:49:56                      43
/home/airflow/.local/lib/python3.12/site-packages/airflow/example_dags/example_nested_branch_dag.py                                                         1           0  5.06s           2026-09-24T19:49:49                      45
/home/airflow/.local/lib/python3.12/site-packages/airflow/example_dags/example_inlet_event_extra.py                                   55  30.88s            0           0                                                            0
/home/airflow/.local/lib/python3.12/site-packages/airflow/example_dags/example_setup_teardown.py                                      65  0.56s             0           0                                                            0
/home/airflow/.local/lib/python3.12/site-packages/airflow/example_dags/example_latest_only.py                                                               0           0                                                            0
/home/airflow/.local/lib/python3.12/site-packages/airflow/example_dags/example_task_group.py                                                                0           0                                                            0
/home/airflow/.local/lib/python3.12/site-packages/airflow/example_dags/tutorial_taskflow_api_virtualenv.py                                                  0           0                                                            0
/home/airflow/.local/lib/python3.12/site-packages/airflow/example_dags/example_branch_operator_decorator.py                                                 0           0                                                            0
/home/airflow/.local/lib/python3.12/site-packages/airflow/example_dags/example_python_decorator.py                                                          0           0                                                            0
/home/airflow/.local/lib/python3.12/site-packages/airflow/example_dags/example_xcom.py                                                                      0           0                                                            0
/home/airflow/.local/lib/python3.12/site-packages/airflow/example_dags/example_params_trigger_ui.py                                                         0           0                                                            0
/home/airflow/.local/lib/python3.12/site-packages/airflow/example_dags/example_bash_decorator.py                                                            0           0                                                            0
/home/airflow/.local/lib/python3.12/site-packages/airflow/example_dags/example_branch_datetime_operator.py                                                  0           0                                                            0
/home/airflow/.local/lib/python3.12/site-packages/airflow/example_dags/example_params_ui_tutorial.py                                                        0           0                                                            0
/home/airflow/.local/lib/python3.12/site-packages/airflow/example_dags/example_bash_operator.py                                                             0           0                                                            0
/home/airflow/.local/lib/python3.12/site-packages/airflow/example_dags/example_dag_decorator.py                                                             0           0                                                            0
/home/airflow/.local/lib/python3.12/site-packages/airflow/example_dags/example_task_group_decorator.py                                                      0           0                                                            0
/home/airflow/.local/lib/python3.12/site-packages/airflow/example_dags/example_display_name.py                                                              0           0                                                            0
/home/airflow/.local/lib/python3.12/site-packages/airflow/example_dags/tutorial_taskflow_templates.py                                                       0           0                                                            0
/home/airflow/.local/lib/python3.12/site-packages/airflow/example_dags/example_sensors.py                                                                   0           0                                                            0
/home/airflow/.local/lib/python3.12/site-packages/airflow/example_dags/example_xcomargs.py                                                                  0           0                                                            0
/home/airflow/.local/lib/python3.12/site-packages/airflow/example_dags/example_outlet_event_extra.py                                                        0           0                                                            0
/home/airflow/.local/lib/python3.12/site-packages/airflow/example_dags/example_kubernetes_executor.py                                                       0           0                                                            0
/home/airflow/.local/lib/python3.12/site-packages/airflow/example_dags/example_sla_dag.py                                                                   0           0                                                            0
/home/airflow/.local/lib/python3.12/site-packages/airflow/example_dags/example_workday_timetable.py                                                         0           0                                                            0
/home/airflow/.local/lib/python3.12/site-packages/airflow/example_dags/example_latest_only_with_trigger.py                                                  0           0                                                            0
/home/airflow/.local/lib/python3.12/site-packages/airflow/example_dags/example_setup_teardown_taskflow.py                                                   0           0                                                            0
/home/airflow/.local/lib/python3.12/site-packages/airflow/example_dags/example_dataset_alias.py                                                             0           0                                                            0
/home/airflow/.local/lib/python3.12/site-packages/airflow/example_dags/example_sensor_decorator.py                                                          0           0                                                            0
/home/airflow/.local/lib/python3.12/site-packages/airflow/example_dags/example_trigger_controller_dag.py                                                    0           0                                                            0
/home/airflow/.local/lib/python3.12/site-packages/airflow/example_dags/example_branch_labels.py                                                             0           0                                                            0
/home/airflow/.local/lib/python3.12/site-packages/airflow/example_dags/tutorial_taskflow_api.py                                                             0           0                                                            0
/home/airflow/.local/lib/python3.12/site-packages/airflow/example_dags/example_short_circuit_decorator.py                                                   0           0                                                            0
/home/airflow/.local/lib/python3.12/site-packages/airflow/example_dags/example_branch_python_dop_operator_3.py                                              0           0                                                            0
/home/airflow/.local/lib/python3.12/site-packages/airflow/example_dags/example_local_kubernetes_executor.py                                                 0           0                                                            0
/home/airflow/.local/lib/python3.12/site-packages/airflow/example_dags/example_passing_params_via_test_command.py                                           0           0                                                            0
/home/airflow/.local/lib/python3.12/site-packages/airflow/example_dags/example_complex.py                                                                   0           0                                                            0
/home/airflow/.local/lib/python3.12/site-packages/airflow/example_dags/example_branch_operator.py                                                           0           0                                                            0
/home/airflow/.local/lib/python3.12/site-packages/airflow/example_dags/example_external_task_marker_dag.py                                                  0           0                                                            0
/home/airflow/.local/lib/python3.12/site-packages/airflow/example_dags/example_skip_dag.py                                                                  0           0                                                            0
/home/airflow/.local/lib/python3.12/site-packages/airflow/example_dags/example_trigger_target_dag.py                                                        0           0                                                            0
/home/airflow/.local/lib/python3.12/site-packages/airflow/example_dags/example_subdag_operator.py                                                           0           0                                                            0
/home/airflow/.local/lib/python3.12/site-packages/airflow/example_dags/example_datasets.py                                                                  0           0                                                            0
/home/airflow/.local/lib/python3.12/site-packages/airflow/example_dags/example_short_circuit_operator.py                                                    0           0                                                            0
/home/airflow/.local/lib/python3.12/site-packages/airflow/example_dags/example_python_operator.py                                                           0           0                                                            0
/home/airflow/.local/lib/python3.12/site-packages/airflow/example_dags/example_dataset_alias_with_no_taskflow.py                                            0           0                                                            0
/home/airflow/.local/lib/python3.12/site-packages/airflow/example_dags/tutorial.py                                                                          0           0                                                            0
/home/airflow/.local/lib/python3.12/site-packages/airflow/example_dags/example_time_delta_sensor_async.py                                                   0           0                                                            0
/home/airflow/.local/lib/python3.12/site-packages/airflow/example_dags/example_branch_day_of_week_operator.py                                               0           0                                                            0
/home/airflow/.local/lib/python3.12/site-packages/airflow/example_dags/tutorial_dag.py                                                                      0           0                                                            0
/home/airflow/.local/lib/python3.12/site-packages/airflow/example_dags/subdags/subdag.py                                                                    0           0                                                            0
/home/airflow/.local/lib/python3.12/site-packages/airflow/example_dags/plugins/event_listener.py                                                            0           0                                                            0
/home/airflow/.local/lib/python3.12/site-packages/airflow/example_dags/plugins/decreasing_priority_weight_strategy.py                                       0           0                                                            0
/home/airflow/.local/lib/python3.12/site-packages/airflow/example_dags/plugins/workday.py                                                                   0           0                                                            0
/home/airflow/.local/lib/python3.12/site-packages/airflow/example_dags/plugins/listener_plugin.py                                                           0           0                                                            0
================================================================================
[2026-09-24T19:50:47.808+0000] {manager.py:997} INFO - 
================================================================================
DAG File Processing Stats

File Path                                                                                                                            PID  Runtime      # DAGs    # Errors  Last Runtime    Last Run               Last # of DB Queries
---------------------------------------------------------------------------------------------------------------------------------  -----  ---------  --------  ----------  --------------  -------------------  ----------------------
/home/airflow/.local/lib/python3.12/site-packages/airflow/example_dags/example_inlet_event_extra.py                                                         0           1  32.02s          2026-09-24T19:50:11                       3
/home/airflow/.local/lib/python3.12/site-packages/airflow/example_dags/example_dynamic_task_mapping.py                                                      1           0  12.55s          2026-09-24T19:50:09                      43
/home/airflow/.local/lib/python3.12/site-packages/airflow/example_dags/example_dynamic_task_mapping_with_no_taskflow_operators.py                           1           0  7.99s           2026-09-24T19:49:44                      43
/home/airflow/.local/lib/python3.12/site-packages/airflow/example_dags/tutorial_objectstorage.py                                                            1           0  6.99s           2026-09-24T19:49:56                      43
/home/airflow/.local/lib/python3.12/site-packages/airflow/example_dags/example_nested_branch_dag.py                                                         1           0  5.06s           2026-09-24T19:49:49                      45
/home/airflow/.local/lib/python3.12/site-packages/airflow/example_dags/example_setup_teardown.py                                      65  32.42s            0           0                                                            0
/home/airflow/.local/lib/python3.12/site-packages/airflow/example_dags/example_latest_only.py                                         66  30.64s            0           0                                                            0
/home/airflow/.local/lib/python3.12/site-packages/airflow/example_dags/example_task_group.py                                                                0           0                                                            0
/home/airflow/.local/lib/python3.12/site-packages/airflow/example_dags/tutorial_taskflow_api_virtualenv.py                                                  0           0                                                            0
/home/airflow/.local/lib/python3.12/site-packages/airflow/example_dags/example_branch_operator_decorator.py                                                 0           0                                                            0
/home/airflow/.local/lib/python3.12/site-packages/airflow/example_dags/example_python_decorator.py                                                          0           0                                                            0
/home/airflow/.local/lib/python3.12/site-packages/airflow/example_dags/example_xcom.py                                                                      0           0                                                            0
/home/airflow/.local/lib/python3.12/site-packages/airflow/example_dags/example_params_trigger_ui.py                                                         0           0                                                            0
/home/airflow/.local/lib/python3.12/site-packages/airflow/example_dags/example_bash_decorator.py                                                            0           0                                                            0
/home/airflow/.local/lib/python3.12/site-packages/airflow/example_dags/example_branch_datetime_operator.py                                                  0           0                                                            0
/home/airflow/.local/lib/python3.12/site-packages/airflow/example_dags/example_params_ui_tutorial.py                                                        0           0                                                            0
/home/airflow/.local/lib/python3.12/site-packages/airflow/example_dags/example_bash_operator.py                                                             0           0                                                            0
/home/airflow/.local/lib/python3.12/site-packages/airflow/example_dags/example_dag_decorator.py                                                             0           0                                                            0
/home/airflow/.local/lib/python3.12/site-packages/airflow/example_dags/example_task_group_decorator.py                                                      0           0                                                            0
/home/airflow/.local/lib/python3.12/site-packages/airflow/example_dags/example_display_name.py                                                              0           0                                                            0
/home/airflow/.local/lib/python3.12/site-packages/airflow/example_dags/tutorial_taskflow_templates.py                                                       0           0                                                            0
/home/airflow/.local/lib/python3.12/site-packages/airflow/example_dags/example_sensors.py                                                                   0           0                                                            0
/home/airflow/.local/lib/python3.12/site-packages/airflow/example_dags/example_xcomargs.py                                                                  0           0                                                            0
/home/airflow/.local/lib/python3.12/site-packages/airflow/example_dags/example_outlet_event_extra.py                                                        0           0                                                            0
/home/airflow/.local/lib/python3.12/site-packages/airflow/example_dags/example_kubernetes_executor.py                                                       0           0                                                            0
/home/airflow/.local/lib/python3.12/site-packages/airflow/example_dags/example_sla_dag.py                                                                   0           0                                                            0
/home/airflow/.local/lib/python3.12/site-packages/airflow/example_dags/example_workday_timetable.py                                                         0           0                                                            0
/home/airflow/.local/lib/python3.12/site-packages/airflow/example_dags/example_latest_only_with_trigger.py                                                  0           0                                                            0
/home/airflow/.local/lib/python3.12/site-packages/airflow/example_dags/example_setup_teardown_taskflow.py                                                   0           0                                                            0
/home/airflow/.local/lib/python3.12/site-packages/airflow/example_dags/example_dataset_alias.py                                                             0           0                                                            0
/home/airflow/.local/lib/python3.12/site-packages/airflow/example_dags/example_sensor_decorator.py                                                          0           0                                                            0
/home/airflow/.local/lib/python3.12/site-packages/airflow/example_dags/example_trigger_controller_dag.py                                                    0           0                                                            0
/home/airflow/.local/lib/python3.12/site-packages/airflow/example_dags/example_branch_labels.py                                                             0           0                                                            0
/home/airflow/.local/lib/python3.12/site-packages/airflow/example_dags/tutorial_taskflow_api.py                                                             0           0                                                            0
/home/airflow/.local/lib/python3.12/site-packages/airflow/example_dags/example_short_circuit_decorator.py                                                   0           0                                                            0
/home/airflow/.local/lib/python3.12/site-packages/airflow/example_dags/example_branch_python_dop_operator_3.py                                              0           0                                                            0
/home/airflow/.local/lib/python3.12/site-packages/airflow/example_dags/example_local_kubernetes_executor.py                                                 0           0                                                            0
/home/airflow/.local/lib/python3.12/site-packages/airflow/example_dags/example_passing_params_via_test_command.py                                           0           0                                                            0
/home/airflow/.local/lib/python3.12/site-packages/airflow/example_dags/example_complex.py                                                                   0           0                                                            0
/home/airflow/.local/lib/python3.12/site-packages/airflow/example_dags/example_branch_operator.py                                                           0           0                                                            0
/home/airflow/.local/lib/python3.12/site-packages/airflow/example_dags/example_external_task_marker_dag.py                                                  0           0                                                            0
/home/airflow/.local/lib/python3.12/site-packages/airflow/example_dags/example_skip_dag.py                                                                  0           0                                                            0
/home/airflow/.local/lib/python3.12/site-packages/airflow/example_dags/example_trigger_target_dag.py                                                        0           0                                                            0
/home/airflow/.local/lib/python3.12/site-packages/airflow/example_dags/example_subdag_operator.py                                                           0           0                                                            0
/home/airflow/.local/lib/python3.12/site-packages/airflow/example_dags/example_datasets.py                                                                  0           0                                                            0
/home/airflow/.local/lib/python3.12/site-packages/airflow/example_dags/example_short_circuit_operator.py                                                    0           0                                                            0
/home/airflow/.local/lib/python3.12/site-packages/airflow/example_dags/example_python_operator.py                                                           0           0                                                            0
/home/airflow/.local/lib/python3.12/site-packages/airflow/example_dags/example_dataset_alias_with_no_taskflow.py                                            0           0                                                            0
/home/airflow/.local/lib/python3.12/site-packages/airflow/example_dags/tutorial.py                                                                          0           0                                                            0
/home/airflow/.local/lib/python3.12/site-packages/airflow/example_dags/example_time_delta_sensor_async.py                                                   0           0                                                            0
/home/airflow/.local/lib/python3.12/site-packages/airflow/example_dags/example_branch_day_of_week_operator.py                                               0           0                                                            0
/home/airflow/.local/lib/python3.12/site-packages/airflow/example_dags/tutorial_dag.py                                                                      0           0                                                            0
/home/airflow/.local/lib/python3.12/site-packages/airflow/example_dags/subdags/subdag.py                                                                    0           0                                                            0
/home/airflow/.local/lib/python3.12/site-packages/airflow/example_dags/plugins/event_listener.py                                                            0           0                                                            0
/home/airflow/.local/lib/python3.12/site-packages/airflow/example_dags/plugins/decreasing_priority_weight_strategy.py                                       0           0                                                            0
/home/airflow/.local/lib/python3.12/site-packages/airflow/example_dags/plugins/workday.py                                                                   0           0                                                            0
/home/airflow/.local/lib/python3.12/site-packages/airflow/example_dags/plugins/listener_plugin.py                                                           0           0                                                            0
================================================================================
[2026-09-24T19:51:00.247+0000] {manager.py:1366} ERROR - Processor for /home/airflow/.local/lib/python3.12/site-packages/airflow/example_dags/example_setup_teardown.py with PID 65 started at 2026-09-24T19:50:09.570093+00:00 has timed out, killing it.
[2026-09-24T19:51:09.148+0000] {manager.py:1366} ERROR - Processor for /home/airflow/.local/lib/python3.12/site-packages/airflow/example_dags/example_latest_only.py with PID 66 started at 2026-09-24T19:50:11.346690+00:00 has timed out, killing it.
[2026-09-24T19:51:18.886+0000] {manager.py:997} INFO - 
================================================================================
DAG File Processing Stats

File Path                                                                                                                            PID  Runtime      # DAGs    # Errors  Last Runtime    Last Run               Last # of DB Queries
---------------------------------------------------------------------------------------------------------------------------------  -----  ---------  --------  ----------  --------------  -------------------  ----------------------
/home/airflow/.local/lib/python3.12/site-packages/airflow/example_dags/example_latest_only.py                                                               0           1  57.80s          2026-09-24T19:51:09                       0
/home/airflow/.local/lib/python3.12/site-packages/airflow/example_dags/example_setup_teardown.py                                                            0           1  50.65s          2026-09-24T19:51:00                       0
/home/airflow/.local/lib/python3.12/site-packages/airflow/example_dags/example_inlet_event_extra.py                                                         0           1  32.02s          2026-09-24T19:50:11                       3
/home/airflow/.local/lib/python3.12/site-packages/airflow/example_dags/example_dynamic_task_mapping.py                                                      1           0  12.55s          2026-09-24T19:50:09                      43
/home/airflow/.local/lib/python3.12/site-packages/airflow/example_dags/example_dynamic_task_mapping_with_no_taskflow_operators.py                           1           0  7.99s           2026-09-24T19:49:44                      43
/home/airflow/.local/lib/python3.12/site-packages/airflow/example_dags/tutorial_objectstorage.py                                                            1           0  6.99s           2026-09-24T19:49:56                      43
/home/airflow/.local/lib/python3.12/site-packages/airflow/example_dags/example_nested_branch_dag.py                                                         1           0  5.06s           2026-09-24T19:49:49                      45
/home/airflow/.local/lib/python3.12/site-packages/airflow/example_dags/example_task_group.py                                          72  14.99s            0           0                                                            0
/home/airflow/.local/lib/python3.12/site-packages/airflow/example_dags/tutorial_taskflow_api_virtualenv.py                            78  8.25s             0           0                                                            0
/home/airflow/.local/lib/python3.12/site-packages/airflow/example_dags/example_branch_operator_decorator.py                                                 0           0                                                            0
/home/airflow/.local/lib/python3.12/site-packages/airflow/example_dags/example_python_decorator.py                                                          0           0                                                            0
/home/airflow/.local/lib/python3.12/site-packages/airflow/example_dags/example_xcom.py                                                                      0           0                                                            0
/home/airflow/.local/lib/python3.12/site-packages/airflow/example_dags/example_params_trigger_ui.py                                                         0           0                                                            0
/home/airflow/.local/lib/python3.12/site-packages/airflow/example_dags/example_bash_decorator.py                                                            0           0                                                            0
/home/airflow/.local/lib/python3.12/site-packages/airflow/example_dags/example_branch_datetime_operator.py                                                  0           0                                                            0
/home/airflow/.local/lib/python3.12/site-packages/airflow/example_dags/example_params_ui_tutorial.py                                                        0           0                                                            0
/home/airflow/.local/lib/python3.12/site-packages/airflow/example_dags/example_bash_operator.py                                                             0           0                                                            0
/home/airflow/.local/lib/python3.12/site-packages/airflow/example_dags/example_dag_decorator.py                                                             0           0                                                            0
/home/airflow/.local/lib/python3.12/site-packages/airflow/example_dags/example_task_group_decorator.py                                                      0           0                                                            0
/home/airflow/.local/lib/python3.12/site-packages/airflow/example_dags/example_display_name.py                                                              0           0                                                            0
/home/airflow/.local/lib/python3.12/site-packages/airflow/example_dags/tutorial_taskflow_templates.py                                                       0           0                                                            0
/home/airflow/.local/lib/python3.12/site-packages/airflow/example_dags/example_sensors.py                                                                   0           0                                                            0
/home/airflow/.local/lib/python3.12/site-packages/airflow/example_dags/example_xcomargs.py                                                                  0           0                                                            0
/home/airflow/.local/lib/python3.12/site-packages/airflow/example_dags/example_outlet_event_extra.py                                                        0           0                                                            0
/home/airflow/.local/lib/python3.12/site-packages/airflow/example_dags/example_kubernetes_executor.py                                                       0           0                                                            0
/home/airflow/.local/lib/python3.12/site-packages/airflow/example_dags/example_sla_dag.py                                                                   0           0                                                            0
/home/airflow/.local/lib/python3.12/site-packages/airflow/example_dags/example_workday_timetable.py                                                         0           0                                                            0
/home/airflow/.local/lib/python3.12/site-packages/airflow/example_dags/example_latest_only_with_trigger.py                                                  0           0                                                            0
/home/airflow/.local/lib/python3.12/site-packages/airflow/example_dags/example_setup_teardown_taskflow.py                                                   0           0                                                            0
/home/airflow/.local/lib/python3.12/site-packages/airflow/example_dags/example_dataset_alias.py                                                             0           0                                                            0
/home/airflow/.local/lib/python3.12/site-packages/airflow/example_dags/example_sensor_decorator.py                                                          0           0                                                            0
/home/airflow/.local/lib/python3.12/site-packages/airflow/example_dags/example_trigger_controller_dag.py                                                    0           0                                                            0
/home/airflow/.local/lib/python3.12/site-packages/airflow/example_dags/example_branch_labels.py                                                             0           0                                                            0
/home/airflow/.local/lib/python3.12/site-packages/airflow/example_dags/tutorial_taskflow_api.py                                                             0           0                                                            0
/home/airflow/.local/lib/python3.12/site-packages/airflow/example_dags/example_short_circuit_decorator.py                                                   0           0                                                            0
/home/airflow/.local/lib/python3.12/site-packages/airflow/example_dags/example_branch_python_dop_operator_3.py                                              0           0                                                            0
/home/airflow/.local/lib/python3.12/site-packages/airflow/example_dags/example_local_kubernetes_executor.py                                                 0           0                                                            0
/home/airflow/.local/lib/python3.12/site-packages/airflow/example_dags/example_passing_params_via_test_command.py                                           0           0                                                            0
/home/airflow/.local/lib/python3.12/site-packages/airflow/example_dags/example_complex.py                                                                   0           0                                                            0
/home/airflow/.local/lib/python3.12/site-packages/airflow/example_dags/example_branch_operator.py                                                           0           0                                                            0
/home/airflow/.local/lib/python3.12/site-packages/airflow/example_dags/example_external_task_marker_dag.py                                                  0           0                                                            0
/home/airflow/.local/lib/python3.12/site-packages/airflow/example_dags/example_skip_dag.py                                                                  0           0                                                            0
/home/airflow/.local/lib/python3.12/site-packages/airflow/example_dags/example_trigger_target_dag.py                                                        0           0                                                            0
/home/airflow/.local/lib/python3.12/site-packages/airflow/example_dags/example_subdag_operator.py                                                           0           0                                                            0
/home/airflow/.local/lib/python3.12/site-packages/airflow/example_dags/example_datasets.py                                                                  0           0                                                            0
/home/airflow/.local/lib/python3.12/site-packages/airflow/example_dags/example_short_circuit_operator.py                                                    0           0                                                            0
/home/airflow/.local/lib/python3.12/site-packages/airflow/example_dags/example_python_operator.py                                                           0           0                                                            0
/home/airflow/.local/lib/python3.12/site-packages/airflow/example_dags/example_dataset_alias_with_no_taskflow.py                                            0           0                                                            0
/home/airflow/.local/lib/python3.12/site-packages/airflow/example_dags/tutorial.py                                                                          0           0                                                            0
/home/airflow/.local/lib/python3.12/site-packages/airflow/example_dags/example_time_delta_sensor_async.py                                                   0           0                                                            0
/home/airflow/.local/lib/python3.12/site-packages/airflow/example_dags/example_branch_day_of_week_operator.py                                               0           0                                                            0
/home/airflow/.local/lib/python3.12/site-packages/airflow/example_dags/tutorial_dag.py                                                                      0           0                                                            0
/home/airflow/.local/lib/python3.12/site-packages/airflow/example_dags/subdags/subdag.py                                                                    0           0                                                            0
/home/airflow/.local/lib/python3.12/site-packages/airflow/example_dags/plugins/event_listener.py                                                            0           0                                                            0
/home/airflow/.local/lib/python3.12/site-packages/airflow/example_dags/plugins/decreasing_priority_weight_strategy.py                                       0           0                                                            0
/home/airflow/.local/lib/python3.12/site-packages/airflow/example_dags/plugins/workday.py                                                                   0           0                                                            0
/home/airflow/.local/lib/python3.12/site-packages/airflow/example_dags/plugins/listener_plugin.py                                                           0           0                                                            0
================================================================================
[2026-09-24T19:51:52.449+0000] {manager.py:997} INFO - 
================================================================================
DAG File Processing Stats

File Path                                                                                                                            PID  Runtime      # DAGs    # Errors  Last Runtime    Last Run               Last # of DB Queries
---------------------------------------------------------------------------------------------------------------------------------  -----  ---------  --------  ----------  --------------  -------------------  ----------------------
/home/airflow/.local/lib/python3.12/site-packages/airflow/example_dags/example_latest_only.py                                                               0           1  57.80s          2026-09-24T19:51:09                       0
/home/airflow/.local/lib/python3.12/site-packages/airflow/example_dags/example_setup_teardown.py                                                            0           1  50.65s          2026-09-24T19:51:00                       0
/home/airflow/.local/lib/python3.12/site-packages/airflow/example_dags/example_inlet_event_extra.py                                                         0           1  32.02s          2026-09-24T19:50:11                       3
/home/airflow/.local/lib/python3.12/site-packages/airflow/example_dags/example_task_group.py                                                                1           0  23.09s          2026-09-24T19:51:26                      43
/home/airflow/.local/lib/python3.12/site-packages/airflow/example_dags/example_branch_operator_decorator.py                                                 1           0  20.51s          2026-09-24T19:51:47                      45
/home/airflow/.local/lib/python3.12/site-packages/airflow/example_dags/tutorial_taskflow_api_virtualenv.py                                                  1           0  18.12s          2026-09-24T19:51:28                      43
/home/airflow/.local/lib/python3.12/site-packages/airflow/example_dags/example_dynamic_task_mapping.py                                                      1           0  12.55s          2026-09-24T19:50:09                      43
/home/airflow/.local/lib/python3.12/site-packages/airflow/example_dags/example_dynamic_task_mapping_with_no_taskflow_operators.py                           1           0  7.99s           2026-09-24T19:49:44                      43
/home/airflow/.local/lib/python3.12/site-packages/airflow/example_dags/tutorial_objectstorage.py                                                            1           0  6.99s           2026-09-24T19:49:56                      43
/home/airflow/.local/lib/python3.12/site-packages/airflow/example_dags/example_nested_branch_dag.py                                                         1           0  5.06s           2026-09-24T19:49:49                      45
/home/airflow/.local/lib/python3.12/site-packages/airflow/example_dags/example_python_decorator.py                                    80  20.65s            0           0                                                            0
/home/airflow/.local/lib/python3.12/site-packages/airflow/example_dags/example_xcom.py                                                87  0.92s             0           0                                                            0
/home/airflow/.local/lib/python3.12/site-packages/airflow/example_dags/example_params_trigger_ui.py                                                         0           0                                                            0
/home/airflow/.local/lib/python3.12/site-packages/airflow/example_dags/example_bash_decorator.py                                                            0           0                                                            0
/home/airflow/.local/lib/python3.12/site-packages/airflow/example_dags/example_branch_datetime_operator.py                                                  0           0                                                            0
/home/airflow/.local/lib/python3.12/site-packages/airflow/example_dags/example_params_ui_tutorial.py                                                        0           0                                                            0
/home/airflow/.local/lib/python3.12/site-packages/airflow/example_dags/example_bash_operator.py                                                             0           0                                                            0
/home/airflow/.local/lib/python3.12/site-packages/airflow/example_dags/example_dag_decorator.py                                                             0           0                                                            0
/home/airflow/.local/lib/python3.12/site-packages/airflow/example_dags/example_task_group_decorator.py                                                      0           0                                                            0
/home/airflow/.local/lib/python3.12/site-packages/airflow/example_dags/example_display_name.py                                                              0           0                                                            0
/home/airflow/.local/lib/python3.12/site-packages/airflow/example_dags/tutorial_taskflow_templates.py                                                       0           0                                                            0
/home/airflow/.local/lib/python3.12/site-packages/airflow/example_dags/example_sensors.py                                                                   0           0                                                            0
/home/airflow/.local/lib/python3.12/site-packages/airflow/example_dags/example_xcomargs.py                                                                  0           0                                                            0
/home/airflow/.local/lib/python3.12/site-packages/airflow/example_dags/example_outlet_event_extra.py                                                        0           0                                                            0
/home/airflow/.local/lib/python3.12/site-packages/airflow/example_dags/example_kubernetes_executor.py                                                       0           0                                                            0
/home/airflow/.local/lib/python3.12/site-packages/airflow/example_dags/example_sla_dag.py                                                                   0           0                                                            0
/home/airflow/.local/lib/python3.12/site-packages/airflow/example_dags/example_workday_timetable.py                                                         0           0                                                            0
/home/airflow/.local/lib/python3.12/site-packages/airflow/example_dags/example_latest_only_with_trigger.py                                                  0           0                                                            0
/home/airflow/.local/lib/python3.12/site-packages/airflow/example_dags/example_setup_teardown_taskflow.py                                                   0           0                                                            0
/home/airflow/.local/lib/python3.12/site-packages/airflow/example_dags/example_dataset_alias.py                                                             0           0                                                            0
/home/airflow/.local/lib/python3.12/site-packages/airflow/example_dags/example_sensor_decorator.py                                                          0           0                                                            0
/home/airflow/.local/lib/python3.12/site-packages/airflow/example_dags/example_trigger_controller_dag.py                                                    0           0                                                            0
/home/airflow/.local/lib/python3.12/site-packages/airflow/example_dags/example_branch_labels.py                                                             0           0                                                            0
/home/airflow/.local/lib/python3.12/site-packages/airflow/example_dags/tutorial_taskflow_api.py                                                             0           0                                                            0
/home/airflow/.local/lib/python3.12/site-packages/airflow/example_dags/example_short_circuit_decorator.py                                                   0           0                                                            0
/home/airflow/.local/lib/python3.12/site-packages/airflow/example_dags/example_branch_python_dop_operator_3.py                                              0           0                                                            0
/home/airflow/.local/lib/python3.12/site-packages/airflow/example_dags/example_local_kubernetes_executor.py                                                 0           0                                                            0
/home/airflow/.local/lib/python3.12/site-packages/airflow/example_dags/example_passing_params_via_test_command.py                                           0           0                                                            0
/home/airflow/.local/lib/python3.12/site-packages/airflow/example_dags/example_complex.py                                                                   0           0                                                            0
/home/airflow/.local/lib/python3.12/site-packages/airflow/example_dags/example_branch_operator.py                                                           0           0                                                            0
/home/airflow/.local/lib/python3.12/site-packages/airflow/example_dags/example_external_task_marker_dag.py                                                  0           0                                                            0
/home/airflow/.local/lib/python3.12/site-packages/airflow/example_dags/example_skip_dag.py                                                                  0           0                                                            0
/home/airflow/.local/lib/python3.12/site-packages/airflow/example_dags/example_trigger_target_dag.py                                                        0           0                                                            0
/home/airflow/.local/lib/python3.12/site-packages/airflow/example_dags/example_subdag_operator.py                                                           0           0                                                            0
/home/airflow/.local/lib/python3.12/site-packages/airflow/example_dags/example_datasets.py                                                                  0           0                                                            0
/home/airflow/.local/lib/python3.12/site-packages/airflow/example_dags/example_short_circuit_operator.py                                                    0           0                                                            0
/home/airflow/.local/lib/python3.12/site-packages/airflow/example_dags/example_python_operator.py                                                           0           0                                                            0
/home/airflow/.local/lib/python3.12/site-packages/airflow/example_dags/example_dataset_alias_with_no_taskflow.py                                            0           0                                                            0
/home/airflow/.local/lib/python3.12/site-packages/airflow/example_dags/tutorial.py                                                                          0           0                                                            0
/home/airflow/.local/lib/python3.12/site-packages/airflow/example_dags/example_time_delta_sensor_async.py                                                   0           0                                                            0
/home/airflow/.local/lib/python3.12/site-packages/airflow/example_dags/example_branch_day_of_week_operator.py                                               0           0                                                            0
/home/airflow/.local/lib/python3.12/site-packages/airflow/example_dags/tutorial_dag.py                                                                      0           0                                                            0
/home/airflow/.local/lib/python3.12/site-packages/airflow/example_dags/subdags/subdag.py                                                                    0           0                                                            0
/home/airflow/.local/lib/python3.12/site-packages/airflow/example_dags/plugins/event_listener.py                                                            0           0                                                            0
/home/airflow/.local/lib/python3.12/site-packages/airflow/example_dags/plugins/decreasing_priority_weight_strategy.py                                       0           0                                                            0
/home/airflow/.local/lib/python3.12/site-packages/airflow/example_dags/plugins/workday.py                                                                   0           0                                                            0
/home/airflow/.local/lib/python3.12/site-packages/airflow/example_dags/plugins/listener_plugin.py                                                           0           0                                                            0
================================================================================
[2026-09-24T19:52:23.876+0000] {manager.py:997} INFO - 
================================================================================
DAG File Processing Stats

File Path                                                                                                                            PID  Runtime      # DAGs    # Errors  Last Runtime    Last Run               Last # of DB Queries
---------------------------------------------------------------------------------------------------------------------------------  -----  ---------  --------  ----------  --------------  -------------------  ----------------------
/home/airflow/.local/lib/python3.12/site-packages/airflow/example_dags/example_latest_only.py                                                               0           1  57.80s          2026-09-24T19:51:09                       0
/home/airflow/.local/lib/python3.12/site-packages/airflow/example_dags/example_setup_teardown.py                                                            0           1  50.65s          2026-09-24T19:51:00                       0
/home/airflow/.local/lib/python3.12/site-packages/airflow/example_dags/example_inlet_event_extra.py                                                         0           1  32.02s          2026-09-24T19:50:11                       3
/home/airflow/.local/lib/python3.12/site-packages/airflow/example_dags/example_params_trigger_ui.py                                                         1           0  29.12s          2026-09-24T19:52:22                      43
/home/airflow/.local/lib/python3.12/site-packages/airflow/example_dags/example_python_decorator.py                                                          1           0  24.53s          2026-09-24T19:51:53                      43
/home/airflow/.local/lib/python3.12/site-packages/airflow/example_dags/example_task_group.py                                                                1           0  23.09s          2026-09-24T19:51:26                      43
/home/airflow/.local/lib/python3.12/site-packages/airflow/example_dags/example_xcom.py                                                                      1           0  21.68s          2026-09-24T19:52:09                      45
/home/airflow/.local/lib/python3.12/site-packages/airflow/example_dags/example_branch_operator_decorator.py                                                 1           0  20.51s          2026-09-24T19:51:47                      45
/home/airflow/.local/lib/python3.12/site-packages/airflow/example_dags/tutorial_taskflow_api_virtualenv.py                                                  1           0  18.12s          2026-09-24T19:51:28                      43
/home/airflow/.local/lib/python3.12/site-packages/airflow/example_dags/example_dynamic_task_mapping.py                                                      1           0  12.55s          2026-09-24T19:50:09                      43
/home/airflow/.local/lib/python3.12/site-packages/airflow/example_dags/example_dynamic_task_mapping_with_no_taskflow_operators.py                           1           0  7.99s           2026-09-24T19:49:44                      43
/home/airflow/.local/lib/python3.12/site-packages/airflow/example_dags/tutorial_objectstorage.py                                                            1           0  6.99s           2026-09-24T19:49:56                      43
/home/airflow/.local/lib/python3.12/site-packages/airflow/example_dags/example_nested_branch_dag.py                                                         1           0  5.06s           2026-09-24T19:49:49                      45
/home/airflow/.local/lib/python3.12/site-packages/airflow/example_dags/example_bash_decorator.py                                      89  12.55s            0           0                                                            0
/home/airflow/.local/lib/python3.12/site-packages/airflow/example_dags/example_branch_datetime_operator.py                            96  0.23s             0           0                                                            0
/home/airflow/.local/lib/python3.12/site-packages/airflow/example_dags/example_params_ui_tutorial.py                                                        0           0                                                            0
/home/airflow/.local/lib/python3.12/site-packages/airflow/example_dags/example_bash_operator.py                                                             0           0                                                            0
/home/airflow/.local/lib/python3.12/site-packages/airflow/example_dags/example_dag_decorator.py                                                             0           0                                                            0
/home/airflow/.local/lib/python3.12/site-packages/airflow/example_dags/example_task_group_decorator.py                                                      0           0                                                            0
/home/airflow/.local/lib/python3.12/site-packages/airflow/example_dags/example_display_name.py                                                              0           0                                                            0
/home/airflow/.local/lib/python3.12/site-packages/airflow/example_dags/tutorial_taskflow_templates.py                                                       0           0                                                            0
/home/airflow/.local/lib/python3.12/site-packages/airflow/example_dags/example_sensors.py                                                                   0           0                                                            0
/home/airflow/.local/lib/python3.12/site-packages/airflow/example_dags/example_xcomargs.py                                                                  0           0                                                            0
/home/airflow/.local/lib/python3.12/site-packages/airflow/example_dags/example_outlet_event_extra.py                                                        0           0                                                            0
/home/airflow/.local/lib/python3.12/site-packages/airflow/example_dags/example_kubernetes_executor.py                                                       0           0                                                            0
/home/airflow/.local/lib/python3.12/site-packages/airflow/example_dags/example_sla_dag.py                                                                   0           0                                                            0
/home/airflow/.local/lib/python3.12/site-packages/airflow/example_dags/example_workday_timetable.py                                                         0           0                                                            0
/home/airflow/.local/lib/python3.12/site-packages/airflow/example_dags/example_latest_only_with_trigger.py                                                  0           0                                                            0
/home/airflow/.local/lib/python3.12/site-packages/airflow/example_dags/example_setup_teardown_taskflow.py                                                   0           0                                                            0
/home/airflow/.local/lib/python3.12/site-packages/airflow/example_dags/example_dataset_alias.py                                                             0           0                                                            0
/home/airflow/.local/lib/python3.12/site-packages/airflow/example_dags/example_sensor_decorator.py                                                          0           0                                                            0
/home/airflow/.local/lib/python3.12/site-packages/airflow/example_dags/example_trigger_controller_dag.py                                                    0           0                                                            0
/home/airflow/.local/lib/python3.12/site-packages/airflow/example_dags/example_branch_labels.py                                                             0           0                                                            0
/home/airflow/.local/lib/python3.12/site-packages/airflow/example_dags/tutorial_taskflow_api.py                                                             0           0                                                            0
/home/airflow/.local/lib/python3.12/site-packages/airflow/example_dags/example_short_circuit_decorator.py                                                   0           0                                                            0
/home/airflow/.local/lib/python3.12/site-packages/airflow/example_dags/example_branch_python_dop_operator_3.py                                              0           0                                                            0
/home/airflow/.local/lib/python3.12/site-packages/airflow/example_dags/example_local_kubernetes_executor.py                                                 0           0                                                            0
/home/airflow/.local/lib/python3.12/site-packages/airflow/example_dags/example_passing_params_via_test_command.py                                           0           0                                                            0
/home/airflow/.local/lib/python3.12/site-packages/airflow/example_dags/example_complex.py                                                                   0           0                                                            0
/home/airflow/.local/lib/python3.12/site-packages/airflow/example_dags/example_branch_operator.py                                                           0           0                                                            0
/home/airflow/.local/lib/python3.12/site-packages/airflow/example_dags/example_external_task_marker_dag.py                                                  0           0                                                            0
/home/airflow/.local/lib/python3.12/site-packages/airflow/example_dags/example_skip_dag.py                                                                  0           0                                                            0
/home/airflow/.local/lib/python3.12/site-packages/airflow/example_dags/example_trigger_target_dag.py                                                        0           0                                                            0
/home/airflow/.local/lib/python3.12/site-packages/airflow/example_dags/example_subdag_operator.py                                                           0           0                                                            0
/home/airflow/.local/lib/python3.12/site-packages/airflow/example_dags/example_datasets.py                                                                  0           0                                                            0
/home/airflow/.local/lib/python3.12/site-packages/airflow/example_dags/example_short_circuit_operator.py                                                    0           0                                                            0
/home/airflow/.local/lib/python3.12/site-packages/airflow/example_dags/example_python_operator.py                                                           0           0                                                            0
/home/airflow/.local/lib/python3.12/site-packages/airflow/example_dags/example_dataset_alias_with_no_taskflow.py                                            0           0                                                            0
/home/airflow/.local/lib/python3.12/site-packages/airflow/example_dags/tutorial.py                                                                          0           0                                                            0
/home/airflow/.local/lib/python3.12/site-packages/airflow/example_dags/example_time_delta_sensor_async.py                                                   0           0                                                            0
/home/airflow/.local/lib/python3.12/site-packages/airflow/example_dags/example_branch_day_of_week_operator.py                                               0           0                                                            0
/home/airflow/.local/lib/python3.12/site-packages/airflow/example_dags/tutorial_dag.py                                                                      0           0                                                            0
/home/airflow/.local/lib/python3.12/site-packages/airflow/example_dags/subdags/subdag.py                                                                    0           0                                                            0
/home/airflow/.local/lib/python3.12/site-packages/airflow/example_dags/plugins/event_listener.py                                                            0           0                                                            0
/home/airflow/.local/lib/python3.12/site-packages/airflow/example_dags/plugins/decreasing_priority_weight_strategy.py                                       0           0                                                            0
/home/airflow/.local/lib/python3.12/site-packages/airflow/example_dags/plugins/workday.py                                                                   0           0                                                            0
/home/airflow/.local/lib/python3.12/site-packages/airflow/example_dags/plugins/listener_plugin.py                                                           0           0                                                            0
================================================================================
[2026-09-24T19:52:54.829+0000] {manager.py:997} INFO - 
================================================================================
DAG File Processing Stats

File Path                                                                                                                            PID  Runtime      # DAGs    # Errors  Last Runtime    Last Run               Last # of DB Queries
---------------------------------------------------------------------------------------------------------------------------------  -----  ---------  --------  ----------  --------------  -------------------  ----------------------
/home/airflow/.local/lib/python3.12/site-packages/airflow/example_dags/example_latest_only.py                                                               0           1  57.80s          2026-09-24T19:51:09                       0
/home/airflow/.local/lib/python3.12/site-packages/airflow/example_dags/example_setup_teardown.py                                                            0           1  50.65s          2026-09-24T19:51:00                       0
/home/airflow/.local/lib/python3.12/site-packages/airflow/example_dags/example_inlet_event_extra.py                                                         0           1  32.02s          2026-09-24T19:50:11                       3
/home/airflow/.local/lib/python3.12/site-packages/airflow/example_dags/example_params_trigger_ui.py                                                         1           0  29.12s          2026-09-24T19:52:22                      43
/home/airflow/.local/lib/python3.12/site-packages/airflow/example_dags/example_params_ui_tutorial.py                                                        1           0  26.41s          2026-09-24T19:52:51                      43
/home/airflow/.local/lib/python3.12/site-packages/airflow/example_dags/example_python_decorator.py                                                          1           0  24.53s          2026-09-24T19:51:53                      43
/home/airflow/.local/lib/python3.12/site-packages/airflow/example_dags/example_task_group.py                                                                1           0  23.09s          2026-09-24T19:51:26                      43
/home/airflow/.local/lib/python3.12/site-packages/airflow/example_dags/example_xcom.py                                                                      1           0  21.68s          2026-09-24T19:52:09                      45
/home/airflow/.local/lib/python3.12/site-packages/airflow/example_dags/example_branch_operator_decorator.py                                                 1           0  20.51s          2026-09-24T19:51:47                      45
/home/airflow/.local/lib/python3.12/site-packages/airflow/example_dags/tutorial_taskflow_api_virtualenv.py                                                  1           0  18.12s          2026-09-24T19:51:28                      43
/home/airflow/.local/lib/python3.12/site-packages/airflow/example_dags/example_bash_decorator.py                                                            1           0  14.44s          2026-09-24T19:52:25                      43
/home/airflow/.local/lib/python3.12/site-packages/airflow/example_dags/example_branch_datetime_operator.py                                                  3           0  13.38s          2026-09-24T19:52:36                     117
/home/airflow/.local/lib/python3.12/site-packages/airflow/example_dags/example_dynamic_task_mapping.py                                                      1           0  12.55s          2026-09-24T19:50:09                      43
/home/airflow/.local/lib/python3.12/site-packages/airflow/example_dags/example_dynamic_task_mapping_with_no_taskflow_operators.py                           1           0  7.99s           2026-09-24T19:49:44                      43
/home/airflow/.local/lib/python3.12/site-packages/airflow/example_dags/tutorial_objectstorage.py                                                            1           0  6.99s           2026-09-24T19:49:56                      43
/home/airflow/.local/lib/python3.12/site-packages/airflow/example_dags/example_nested_branch_dag.py                                                         1           0  5.06s           2026-09-24T19:49:49                      45
/home/airflow/.local/lib/python3.12/site-packages/airflow/example_dags/example_bash_operator.py                                       98  18.06s            0           0                                                            0
/home/airflow/.local/lib/python3.12/site-packages/airflow/example_dags/example_dag_decorator.py                                      105  1.94s             0           0                                                            0
/home/airflow/.local/lib/python3.12/site-packages/airflow/example_dags/example_task_group_decorator.py                                                      0           0                                                            0
/home/airflow/.local/lib/python3.12/site-packages/airflow/example_dags/example_display_name.py                                                              0           0                                                            0
/home/airflow/.local/lib/python3.12/site-packages/airflow/example_dags/tutorial_taskflow_templates.py                                                       0           0                                                            0
/home/airflow/.local/lib/python3.12/site-packages/airflow/example_dags/example_sensors.py                                                                   0           0                                                            0
/home/airflow/.local/lib/python3.12/site-packages/airflow/example_dags/example_xcomargs.py                                                                  0           0                                                            0
/home/airflow/.local/lib/python3.12/site-packages/airflow/example_dags/example_outlet_event_extra.py                                                        0           0                                                            0
/home/airflow/.local/lib/python3.12/site-packages/airflow/example_dags/example_kubernetes_executor.py                                                       0           0                                                            0
/home/airflow/.local/lib/python3.12/site-packages/airflow/example_dags/example_sla_dag.py                                                                   0           0                                                            0
/home/airflow/.local/lib/python3.12/site-packages/airflow/example_dags/example_workday_timetable.py                                                         0           0                                                            0
/home/airflow/.local/lib/python3.12/site-packages/airflow/example_dags/example_latest_only_with_trigger.py                                                  0           0                                                            0
/home/airflow/.local/lib/python3.12/site-packages/airflow/example_dags/example_setup_teardown_taskflow.py                                                   0           0                                                            0
/home/airflow/.local/lib/python3.12/site-packages/airflow/example_dags/example_dataset_alias.py                                                             0           0                                                            0
/home/airflow/.local/lib/python3.12/site-packages/airflow/example_dags/example_sensor_decorator.py                                                          0           0                                                            0
/home/airflow/.local/lib/python3.12/site-packages/airflow/example_dags/example_trigger_controller_dag.py                                                    0           0                                                            0
/home/airflow/.local/lib/python3.12/site-packages/airflow/example_dags/example_branch_labels.py                                                             0           0                                                            0
/home/airflow/.local/lib/python3.12/site-packages/airflow/example_dags/tutorial_taskflow_api.py                                                             0           0                                                            0
/home/airflow/.local/lib/python3.12/site-packages/airflow/example_dags/example_short_circuit_decorator.py                                                   0           0                                                            0
/home/airflow/.local/lib/python3.12/site-packages/airflow/example_dags/example_branch_python_dop_operator_3.py                                              0           0                                                            0
/home/airflow/.local/lib/python3.12/site-packages/airflow/example_dags/example_local_kubernetes_executor.py                                                 0           0                                                            0
/home/airflow/.local/lib/python3.12/site-packages/airflow/example_dags/example_passing_params_via_test_command.py                                           0           0                                                            0
/home/airflow/.local/lib/python3.12/site-packages/airflow/example_dags/example_complex.py                                                                   0           0                                                            0
/home/airflow/.local/lib/python3.12/site-packages/airflow/example_dags/example_branch_operator.py                                                           0           0                                                            0
/home/airflow/.local/lib/python3.12/site-packages/airflow/example_dags/example_external_task_marker_dag.py                                                  0           0                                                            0
/home/airflow/.local/lib/python3.12/site-packages/airflow/example_dags/example_skip_dag.py                                                                  0           0                                                            0
/home/airflow/.local/lib/python3.12/site-packages/airflow/example_dags/example_trigger_target_dag.py                                                        0           0                                                            0
/home/airflow/.local/lib/python3.12/site-packages/airflow/example_dags/example_subdag_operator.py                                                           0           0                                                            0
/home/airflow/.local/lib/python3.12/site-packages/airflow/example_dags/example_datasets.py                                                                  0           0                                                            0
/home/airflow/.local/lib/python3.12/site-packages/airflow/example_dags/example_short_circuit_operator.py                                                    0           0                                                            0
/home/airflow/.local/lib/python3.12/site-packages/airflow/example_dags/example_python_operator.py                                                           0           0                                                            0
/home/airflow/.local/lib/python3.12/site-packages/airflow/example_dags/example_dataset_alias_with_no_taskflow.py                                            0           0                                                            0
/home/airflow/.local/lib/python3.12/site-packages/airflow/example_dags/tutorial.py                                                                          0           0                                                            0
/home/airflow/.local/lib/python3.12/site-packages/airflow/example_dags/example_time_delta_sensor_async.py                                                   0           0                                                            0
/home/airflow/.local/lib/python3.12/site-packages/airflow/example_dags/example_branch_day_of_week_operator.py                                               0           0                                                            0
/home/airflow/.local/lib/python3.12/site-packages/airflow/example_dags/tutorial_dag.py                                                                      0           0                                                            0
/home/airflow/.local/lib/python3.12/site-packages/airflow/example_dags/subdags/subdag.py                                                                    0           0                                                            0
/home/airflow/.local/lib/python3.12/site-packages/airflow/example_dags/plugins/event_listener.py                                                            0           0                                                            0
/home/airflow/.local/lib/python3.12/site-packages/airflow/example_dags/plugins/decreasing_priority_weight_strategy.py                                       0           0                                                            0
/home/airflow/.local/lib/python3.12/site-packages/airflow/example_dags/plugins/workday.py                                                                   0           0                                                            0
/home/airflow/.local/lib/python3.12/site-packages/airflow/example_dags/plugins/listener_plugin.py                                                           0           0                                                            0
================================================================================
[2026-09-24T19:53:25.660+0000] {manager.py:997} INFO - 
================================================================================
DAG File Processing Stats

File Path                                                                                                                            PID  Runtime      # DAGs    # Errors  Last Runtime    Last Run               Last # of DB Queries
---------------------------------------------------------------------------------------------------------------------------------  -----  ---------  --------  ----------  --------------  -------------------  ----------------------
/home/airflow/.local/lib/python3.12/site-packages/airflow/example_dags/example_latest_only.py                                                               0           1  57.80s          2026-09-24T19:51:09                       0
/home/airflow/.local/lib/python3.12/site-packages/airflow/example_dags/example_setup_teardown.py                                                            0           1  50.65s          2026-09-24T19:51:00                       0
/home/airflow/.local/lib/python3.12/site-packages/airflow/example_dags/example_inlet_event_extra.py                                                         0           1  32.02s          2026-09-24T19:50:11                       3
/home/airflow/.local/lib/python3.12/site-packages/airflow/example_dags/example_params_trigger_ui.py                                                         1           0  29.12s          2026-09-24T19:52:22                      43
/home/airflow/.local/lib/python3.12/site-packages/airflow/example_dags/example_bash_operator.py                                                             1           0  27.17s          2026-09-24T19:53:03                      45
/home/airflow/.local/lib/python3.12/site-packages/airflow/example_dags/example_params_ui_tutorial.py                                                        1           0  26.41s          2026-09-24T19:52:51                      43
/home/airflow/.local/lib/python3.12/site-packages/airflow/example_dags/example_python_decorator.py                                                          1           0  24.53s          2026-09-24T19:51:53                      43
/home/airflow/.local/lib/python3.12/site-packages/airflow/example_dags/example_task_group.py                                                                1           0  23.09s          2026-09-24T19:51:26                      43
/home/airflow/.local/lib/python3.12/site-packages/airflow/example_dags/example_xcom.py                                                                      1           0  21.68s          2026-09-24T19:52:09                      45
/home/airflow/.local/lib/python3.12/site-packages/airflow/example_dags/example_branch_operator_decorator.py                                                 1           0  20.51s          2026-09-24T19:51:47                      45
/home/airflow/.local/lib/python3.12/site-packages/airflow/example_dags/tutorial_taskflow_api_virtualenv.py                                                  1           0  18.12s          2026-09-24T19:51:28                      43
/home/airflow/.local/lib/python3.12/site-packages/airflow/example_dags/example_task_group_decorator.py                                                      1           0  18.06s          2026-09-24T19:53:22                      43
/home/airflow/.local/lib/python3.12/site-packages/airflow/example_dags/example_bash_decorator.py                                                            1           0  14.44s          2026-09-24T19:52:25                      43
/home/airflow/.local/lib/python3.12/site-packages/airflow/example_dags/example_branch_datetime_operator.py                                                  3           0  13.38s          2026-09-24T19:52:36                     117
/home/airflow/.local/lib/python3.12/site-packages/airflow/example_dags/example_dynamic_task_mapping.py                                                      1           0  12.55s          2026-09-24T19:50:09                      43
/home/airflow/.local/lib/python3.12/site-packages/airflow/example_dags/example_dynamic_task_mapping_with_no_taskflow_operators.py                           1           0  7.99s           2026-09-24T19:49:44                      43
/home/airflow/.local/lib/python3.12/site-packages/airflow/example_dags/tutorial_objectstorage.py                                                            1           0  6.99s           2026-09-24T19:49:56                      43
/home/airflow/.local/lib/python3.12/site-packages/airflow/example_dags/example_nested_branch_dag.py                                                         1           0  5.06s           2026-09-24T19:49:49                      45
/home/airflow/.local/lib/python3.12/site-packages/airflow/example_dags/example_dag_decorator.py                                      105  32.54s            0           0                                                            0
/home/airflow/.local/lib/python3.12/site-packages/airflow/example_dags/example_display_name.py                                       107  2.73s             0           0                                                            0
/home/airflow/.local/lib/python3.12/site-packages/airflow/example_dags/tutorial_taskflow_templates.py                                                       0           0                                                            0
/home/airflow/.local/lib/python3.12/site-packages/airflow/example_dags/example_sensors.py                                                                   0           0                                                            0
/home/airflow/.local/lib/python3.12/site-packages/airflow/example_dags/example_xcomargs.py                                                                  0           0                                                            0
/home/airflow/.local/lib/python3.12/site-packages/airflow/example_dags/example_outlet_event_extra.py                                                        0           0                                                            0
/home/airflow/.local/lib/python3.12/site-packages/airflow/example_dags/example_kubernetes_executor.py                                                       0           0                                                            0
/home/airflow/.local/lib/python3.12/site-packages/airflow/example_dags/example_sla_dag.py                                                                   0           0                                                            0
/home/airflow/.local/lib/python3.12/site-packages/airflow/example_dags/example_workday_timetable.py                                                         0           0                                                            0
/home/airflow/.local/lib/python3.12/site-packages/airflow/example_dags/example_latest_only_with_trigger.py                                                  0           0                                                            0
/home/airflow/.local/lib/python3.12/site-packages/airflow/example_dags/example_setup_teardown_taskflow.py                                                   0           0                                                            0
/home/airflow/.local/lib/python3.12/site-packages/airflow/example_dags/example_dataset_alias.py                                                             0           0                                                            0
/home/airflow/.local/lib/python3.12/site-packages/airflow/example_dags/example_sensor_decorator.py                                                          0           0                                                            0
/home/airflow/.local/lib/python3.12/site-packages/airflow/example_dags/example_trigger_controller_dag.py                                                    0           0                                                            0
/home/airflow/.local/lib/python3.12/site-packages/airflow/example_dags/example_branch_labels.py                                                             0           0                                                            0
/home/airflow/.local/lib/python3.12/site-packages/airflow/example_dags/tutorial_taskflow_api.py                                                             0           0                                                            0
/home/airflow/.local/lib/python3.12/site-packages/airflow/example_dags/example_short_circuit_decorator.py                                                   0           0                                                            0
/home/airflow/.local/lib/python3.12/site-packages/airflow/example_dags/example_branch_python_dop_operator_3.py                                              0           0                                                            0
/home/airflow/.local/lib/python3.12/site-packages/airflow/example_dags/example_local_kubernetes_executor.py                                                 0           0                                                            0
/home/airflow/.local/lib/python3.12/site-packages/airflow/example_dags/example_passing_params_via_test_command.py                                           0           0                                                            0
/home/airflow/.local/lib/python3.12/site-packages/airflow/example_dags/example_complex.py                                                                   0           0                                                            0
/home/airflow/.local/lib/python3.12/site-packages/airflow/example_dags/example_branch_operator.py                                                           0           0                                                            0
/home/airflow/.local/lib/python3.12/site-packages/airflow/example_dags/example_external_task_marker_dag.py                                                  0           0                                                            0
/home/airflow/.local/lib/python3.12/site-packages/airflow/example_dags/example_skip_dag.py                                                                  0           0                                                            0
/home/airflow/.local/lib/python3.12/site-packages/airflow/example_dags/example_trigger_target_dag.py                                                        0           0                                                            0
/home/airflow/.local/lib/python3.12/site-packages/airflow/example_dags/example_subdag_operator.py                                                           0           0                                                            0
/home/airflow/.local/lib/python3.12/site-packages/airflow/example_dags/example_datasets.py                                                                  0           0                                                            0
/home/airflow/.local/lib/python3.12/site-packages/airflow/example_dags/example_short_circuit_operator.py                                                    0           0                                                            0
/home/airflow/.local/lib/python3.12/site-packages/airflow/example_dags/example_python_operator.py                                                           0           0                                                            0
/home/airflow/.local/lib/python3.12/site-packages/airflow/example_dags/example_dataset_alias_with_no_taskflow.py                                            0           0                                                            0
/home/airflow/.local/lib/python3.12/site-packages/airflow/example_dags/tutorial.py                                                                          0           0                                                            0
/home/airflow/.local/lib/python3.12/site-packages/airflow/example_dags/example_time_delta_sensor_async.py                                                   0           0                                                            0
/home/airflow/.local/lib/python3.12/site-packages/airflow/example_dags/example_branch_day_of_week_operator.py                                               0           0                                                            0
/home/airflow/.local/lib/python3.12/site-packages/airflow/example_dags/tutorial_dag.py                                                                      0           0                                                            0
/home/airflow/.local/lib/python3.12/site-packages/airflow/example_dags/subdags/subdag.py                                                                    0           0                                                            0
/home/airflow/.local/lib/python3.12/site-packages/airflow/example_dags/plugins/event_listener.py                                                            0           0                                                            0
/home/airflow/.local/lib/python3.12/site-packages/airflow/example_dags/plugins/decreasing_priority_weight_strategy.py                                       0           0                                                            0
/home/airflow/.local/lib/python3.12/site-packages/airflow/example_dags/plugins/workday.py                                                                   0           0                                                            0
/home/airflow/.local/lib/python3.12/site-packages/airflow/example_dags/plugins/listener_plugin.py                                                           0           0                                                            0
================================================================================
[2026-09-24T19:53:57.677+0000] {manager.py:997} INFO - 
================================================================================
DAG File Processing Stats

File Path                                                                                                                            PID  Runtime      # DAGs    # Errors  Last Runtime    Last Run               Last # of DB Queries
---------------------------------------------------------------------------------------------------------------------------------  -----  ---------  --------  ----------  --------------  -------------------  ----------------------
/home/airflow/.local/lib/python3.12/site-packages/airflow/example_dags/example_latest_only.py                                                               0           1  57.80s          2026-09-24T19:51:09                       0
/home/airflow/.local/lib/python3.12/site-packages/airflow/example_dags/example_setup_teardown.py                                                            0           1  50.65s          2026-09-24T19:51:00                       0
/home/airflow/.local/lib/python3.12/site-packages/airflow/example_dags/example_dag_decorator.py                                                             1           0  33.54s          2026-09-24T19:53:26                      43
/home/airflow/.local/lib/python3.12/site-packages/airflow/example_dags/example_inlet_event_extra.py                                                         0           1  32.02s          2026-09-24T19:50:11                       3
/home/airflow/.local/lib/python3.12/site-packages/airflow/example_dags/example_params_trigger_ui.py                                                         1           0  29.12s          2026-09-24T19:52:22                      43
/home/airflow/.local/lib/python3.12/site-packages/airflow/example_dags/example_bash_operator.py                                                             1           0  27.17s          2026-09-24T19:53:03                      45
/home/airflow/.local/lib/python3.12/site-packages/airflow/example_dags/example_params_ui_tutorial.py                                                        1           0  26.41s          2026-09-24T19:52:51                      43
/home/airflow/.local/lib/python3.12/site-packages/airflow/example_dags/tutorial_taskflow_templates.py                                                       1           0  25.18s          2026-09-24T19:53:52                      45
/home/airflow/.local/lib/python3.12/site-packages/airflow/example_dags/example_python_decorator.py                                                          1           0  24.53s          2026-09-24T19:51:53                      43
/home/airflow/.local/lib/python3.12/site-packages/airflow/example_dags/example_task_group.py                                                                1           0  23.09s          2026-09-24T19:51:26                      43
/home/airflow/.local/lib/python3.12/site-packages/airflow/example_dags/example_xcom.py                                                                      1           0  21.68s          2026-09-24T19:52:09                      45
/home/airflow/.local/lib/python3.12/site-packages/airflow/example_dags/example_display_name.py                                                              1           0  20.93s          2026-09-24T19:53:43                      43
/home/airflow/.local/lib/python3.12/site-packages/airflow/example_dags/example_branch_operator_decorator.py                                                 1           0  20.51s          2026-09-24T19:51:47                      45
/home/airflow/.local/lib/python3.12/site-packages/airflow/example_dags/tutorial_taskflow_api_virtualenv.py                                                  1           0  18.12s          2026-09-24T19:51:28                      43
/home/airflow/.local/lib/python3.12/site-packages/airflow/example_dags/example_task_group_decorator.py                                                      1           0  18.06s          2026-09-24T19:53:22                      43
/home/airflow/.local/lib/python3.12/site-packages/airflow/example_dags/example_bash_decorator.py                                                            1           0  14.44s          2026-09-24T19:52:25                      43
/home/airflow/.local/lib/python3.12/site-packages/airflow/example_dags/example_branch_datetime_operator.py                                                  3           0  13.38s          2026-09-24T19:52:36                     117
/home/airflow/.local/lib/python3.12/site-packages/airflow/example_dags/example_dynamic_task_mapping.py                                                      1           0  12.55s          2026-09-24T19:50:09                      43
/home/airflow/.local/lib/python3.12/site-packages/airflow/example_dags/example_dynamic_task_mapping_with_no_taskflow_operators.py                           1           0  7.99s           2026-09-24T19:49:44                      43
/home/airflow/.local/lib/python3.12/site-packages/airflow/example_dags/tutorial_objectstorage.py                                                            1           0  6.99s           2026-09-24T19:49:56                      43
/home/airflow/.local/lib/python3.12/site-packages/airflow/example_dags/example_nested_branch_dag.py                                                         1           0  5.06s           2026-09-24T19:49:49                      45
/home/airflow/.local/lib/python3.12/site-packages/airflow/example_dags/example_sensors.py                                            115  12.86s            0           0                                                            0
/home/airflow/.local/lib/python3.12/site-packages/airflow/example_dags/example_xcomargs.py                                           116  2.29s             0           0                                                            0
/home/airflow/.local/lib/python3.12/site-packages/airflow/example_dags/example_outlet_event_extra.py                                                        0           0                                                            0
/home/airflow/.local/lib/python3.12/site-packages/airflow/example_dags/example_kubernetes_executor.py                                                       0           0                                                            0
/home/airflow/.local/lib/python3.12/site-packages/airflow/example_dags/example_sla_dag.py                                                                   0           0                                                            0
/home/airflow/.local/lib/python3.12/site-packages/airflow/example_dags/example_workday_timetable.py                                                         0           0                                                            0
/home/airflow/.local/lib/python3.12/site-packages/airflow/example_dags/example_latest_only_with_trigger.py                                                  0           0                                                            0
/home/airflow/.local/lib/python3.12/site-packages/airflow/example_dags/example_setup_teardown_taskflow.py                                                   0           0                                                            0
/home/airflow/.local/lib/python3.12/site-packages/airflow/example_dags/example_dataset_alias.py                                                             0           0                                                            0
/home/airflow/.local/lib/python3.12/site-packages/airflow/example_dags/example_sensor_decorator.py                                                          0           0                                                            0
/home/airflow/.local/lib/python3.12/site-packages/airflow/example_dags/example_trigger_controller_dag.py                                                    0           0                                                            0
/home/airflow/.local/lib/python3.12/site-packages/airflow/example_dags/example_branch_labels.py                                                             0           0                                                            0
/home/airflow/.local/lib/python3.12/site-packages/airflow/example_dags/tutorial_taskflow_api.py                                                             0           0                                                            0
/home/airflow/.local/lib/python3.12/site-packages/airflow/example_dags/example_short_circuit_decorator.py                                                   0           0                                                            0
/home/airflow/.local/lib/python3.12/site-packages/airflow/example_dags/example_branch_python_dop_operator_3.py                                              0           0                                                            0
/home/airflow/.local/lib/python3.12/site-packages/airflow/example_dags/example_local_kubernetes_executor.py                                                 0           0                                                            0
/home/airflow/.local/lib/python3.12/site-packages/airflow/example_dags/example_passing_params_via_test_command.py                                           0           0                                                            0
/home/airflow/.local/lib/python3.12/site-packages/airflow/example_dags/example_complex.py                                                                   0           0                                                            0
/home/airflow/.local/lib/python3.12/site-packages/airflow/example_dags/example_branch_operator.py                                                           0           0                                                            0
/home/airflow/.local/lib/python3.12/site-packages/airflow/example_dags/example_external_task_marker_dag.py                                                  0           0                                                            0
/home/airflow/.local/lib/python3.12/site-packages/airflow/example_dags/example_skip_dag.py                                                                  0           0                                                            0
/home/airflow/.local/lib/python3.12/site-packages/airflow/example_dags/example_trigger_target_dag.py                                                        0           0                                                            0
/home/airflow/.local/lib/python3.12/site-packages/airflow/example_dags/example_subdag_operator.py                                                           0           0                                                            0
/home/airflow/.local/lib/python3.12/site-packages/airflow/example_dags/example_datasets.py                                                                  0           0                                                            0
/home/airflow/.local/lib/python3.12/site-packages/airflow/example_dags/example_short_circuit_operator.py                                                    0           0                                                            0
/home/airflow/.local/lib/python3.12/site-packages/airflow/example_dags/example_python_operator.py                                                           0           0                                                            0
/home/airflow/.local/lib/python3.12/site-packages/airflow/example_dags/example_dataset_alias_with_no_taskflow.py                                            0           0                                                            0
/home/airflow/.local/lib/python3.12/site-packages/airflow/example_dags/tutorial.py                                                                          0           0                                                            0
/home/airflow/.local/lib/python3.12/site-packages/airflow/example_dags/example_time_delta_sensor_async.py                                                   0           0                                                            0
/home/airflow/.local/lib/python3.12/site-packages/airflow/example_dags/example_branch_day_of_week_operator.py                                               0           0                                                            0
/home/airflow/.local/lib/python3.12/site-packages/airflow/example_dags/tutorial_dag.py                                                                      0           0                                                            0
/home/airflow/.local/lib/python3.12/site-packages/airflow/example_dags/subdags/subdag.py                                                                    0           0                                                            0
/home/airflow/.local/lib/python3.12/site-packages/airflow/example_dags/plugins/event_listener.py                                                            0           0                                                            0
/home/airflow/.local/lib/python3.12/site-packages/airflow/example_dags/plugins/decreasing_priority_weight_strategy.py                                       0           0                                                            0
/home/airflow/.local/lib/python3.12/site-packages/airflow/example_dags/plugins/workday.py                                                                   0           0                                                            0
/home/airflow/.local/lib/python3.12/site-packages/airflow/example_dags/plugins/listener_plugin.py                                                           0           0                                                            0
================================================================================
[2026-09-24T19:54:44.058+0000] {manager.py:997} INFO - 
================================================================================
DAG File Processing Stats

File Path                                                                                                                            PID  Runtime      # DAGs    # Errors  Last Runtime    Last Run               Last # of DB Queries
---------------------------------------------------------------------------------------------------------------------------------  -----  ---------  --------  ----------  --------------  -------------------  ----------------------
/home/airflow/.local/lib/python3.12/site-packages/airflow/example_dags/example_latest_only.py                                                               0           1  57.80s          2026-09-24T19:51:09                       0
/home/airflow/.local/lib/python3.12/site-packages/airflow/example_dags/example_setup_teardown.py                                                            0           1  50.65s          2026-09-24T19:51:00                       0
/home/airflow/.local/lib/python3.12/site-packages/airflow/example_dags/example_dag_decorator.py                                                             1           0  33.54s          2026-09-24T19:53:26                      43
/home/airflow/.local/lib/python3.12/site-packages/airflow/example_dags/example_inlet_event_extra.py                                                         0           1  32.02s          2026-09-24T19:50:11                       3
/home/airflow/.local/lib/python3.12/site-packages/airflow/example_dags/example_params_trigger_ui.py                                                         1           0  29.12s          2026-09-24T19:52:22                      43
/home/airflow/.local/lib/python3.12/site-packages/airflow/example_dags/example_bash_operator.py                                                             1           0  27.17s          2026-09-24T19:53:03                      45
/home/airflow/.local/lib/python3.12/site-packages/airflow/example_dags/example_params_ui_tutorial.py                                                        1           0  26.41s          2026-09-24T19:52:51                      43
/home/airflow/.local/lib/python3.12/site-packages/airflow/example_dags/tutorial_taskflow_templates.py                                                       1           0  25.18s          2026-09-24T19:53:52                      45
/home/airflow/.local/lib/python3.12/site-packages/airflow/example_dags/example_python_decorator.py                                                          1           0  24.53s          2026-09-24T19:51:53                      43
/home/airflow/.local/lib/python3.12/site-packages/airflow/example_dags/example_task_group.py                                                                1           0  23.09s          2026-09-24T19:51:26                      43
/home/airflow/.local/lib/python3.12/site-packages/airflow/example_dags/example_xcom.py                                                                      1           0  21.68s          2026-09-24T19:52:09                      45
/home/airflow/.local/lib/python3.12/site-packages/airflow/example_dags/example_display_name.py                                                              1           0  20.93s          2026-09-24T19:53:43                      43
/home/airflow/.local/lib/python3.12/site-packages/airflow/example_dags/example_branch_operator_decorator.py                                                 1           0  20.51s          2026-09-24T19:51:47                      45
/home/airflow/.local/lib/python3.12/site-packages/airflow/example_dags/tutorial_taskflow_api_virtualenv.py                                                  1           0  18.12s          2026-09-24T19:51:28                      43
/home/airflow/.local/lib/python3.12/site-packages/airflow/example_dags/example_task_group_decorator.py                                                      1           0  18.06s          2026-09-24T19:53:22                      43
/home/airflow/.local/lib/python3.12/site-packages/airflow/example_dags/example_bash_decorator.py                                                            1           0  14.44s          2026-09-24T19:52:25                      43
/home/airflow/.local/lib/python3.12/site-packages/airflow/example_dags/example_branch_datetime_operator.py                                                  3           0  13.38s          2026-09-24T19:52:36                     117
/home/airflow/.local/lib/python3.12/site-packages/airflow/example_dags/example_dynamic_task_mapping.py                                                      1           0  12.55s          2026-09-24T19:50:09                      43
/home/airflow/.local/lib/python3.12/site-packages/airflow/example_dags/example_dynamic_task_mapping_with_no_taskflow_operators.py                           1           0  7.99s           2026-09-24T19:49:44                      43
/home/airflow/.local/lib/python3.12/site-packages/airflow/example_dags/tutorial_objectstorage.py                                                            1           0  6.99s           2026-09-24T19:49:56                      43
/home/airflow/.local/lib/python3.12/site-packages/airflow/example_dags/example_nested_branch_dag.py                                                         1           0  5.06s           2026-09-24T19:49:49                      45
/home/airflow/.local/lib/python3.12/site-packages/airflow/example_dags/example_sensors.py                                            115  47.44s            0           0                                                            0
/home/airflow/.local/lib/python3.12/site-packages/airflow/example_dags/example_xcomargs.py                                           116  36.87s            0           0                                                            0
/home/airflow/.local/lib/python3.12/site-packages/airflow/example_dags/example_outlet_event_extra.py                                                        0           0                                                            0
/home/airflow/.local/lib/python3.12/site-packages/airflow/example_dags/example_kubernetes_executor.py                                                       0           0                                                            0
/home/airflow/.local/lib/python3.12/site-packages/airflow/example_dags/example_sla_dag.py                                                                   0           0                                                            0
/home/airflow/.local/lib/python3.12/site-packages/airflow/example_dags/example_workday_timetable.py                                                         0           0                                                            0
/home/airflow/.local/lib/python3.12/site-packages/airflow/example_dags/example_latest_only_with_trigger.py                                                  0           0                                                            0
/home/airflow/.local/lib/python3.12/site-packages/airflow/example_dags/example_setup_teardown_taskflow.py                                                   0           0                                                            0
/home/airflow/.local/lib/python3.12/site-packages/airflow/example_dags/example_dataset_alias.py                                                             0           0                                                            0
/home/airflow/.local/lib/python3.12/site-packages/airflow/example_dags/example_sensor_decorator.py                                                          0           0                                                            0
/home/airflow/.local/lib/python3.12/site-packages/airflow/example_dags/example_trigger_controller_dag.py                                                    0           0                                                            0
/home/airflow/.local/lib/python3.12/site-packages/airflow/example_dags/example_branch_labels.py                                                             0           0                                                            0
/home/airflow/.local/lib/python3.12/site-packages/airflow/example_dags/tutorial_taskflow_api.py                                                             0           0                                                            0
/home/airflow/.local/lib/python3.12/site-packages/airflow/example_dags/example_short_circuit_decorator.py                                                   0           0                                                            0
/home/airflow/.local/lib/python3.12/site-packages/airflow/example_dags/example_branch_python_dop_operator_3.py                                              0           0                                                            0
/home/airflow/.local/lib/python3.12/site-packages/airflow/example_dags/example_local_kubernetes_executor.py                                                 0           0                                                            0
/home/airflow/.local/lib/python3.12/site-packages/airflow/example_dags/example_passing_params_via_test_command.py                                           0           0                                                            0
/home/airflow/.local/lib/python3.12/site-packages/airflow/example_dags/example_complex.py                                                                   0           0                                                            0
/home/airflow/.local/lib/python3.12/site-packages/airflow/example_dags/example_branch_operator.py                                                           0           0                                                            0
/home/airflow/.local/lib/python3.12/site-packages/airflow/example_dags/example_external_task_marker_dag.py                                                  0           0                                                            0
/home/airflow/.local/lib/python3.12/site-packages/airflow/example_dags/example_skip_dag.py                                                                  0           0                                                            0
/home/airflow/.local/lib/python3.12/site-packages/airflow/example_dags/example_trigger_target_dag.py                                                        0           0                                                            0
/home/airflow/.local/lib/python3.12/site-packages/airflow/example_dags/example_subdag_operator.py                                                           0           0                                                            0
/home/airflow/.local/lib/python3.12/site-packages/airflow/example_dags/example_datasets.py                                                                  0           0                                                            0
/home/airflow/.local/lib/python3.12/site-packages/airflow/example_dags/example_short_circuit_operator.py                                                    0           0                                                            0
/home/airflow/.local/lib/python3.12/site-packages/airflow/example_dags/example_python_operator.py                                                           0           0                                                            0
/home/airflow/.local/lib/python3.12/site-packages/airflow/example_dags/example_dataset_alias_with_no_taskflow.py                                            0           0                                                            0
/home/airflow/.local/lib/python3.12/site-packages/airflow/example_dags/tutorial.py                                                                          0           0                                                            0
/home/airflow/.local/lib/python3.12/site-packages/airflow/example_dags/example_time_delta_sensor_async.py                                                   0           0                                                            0
/home/airflow/.local/lib/python3.12/site-packages/airflow/example_dags/example_branch_day_of_week_operator.py                                               0           0                                                            0
/home/airflow/.local/lib/python3.12/site-packages/airflow/example_dags/tutorial_dag.py                                                                      0           0                                                            0
/home/airflow/.local/lib/python3.12/site-packages/airflow/example_dags/subdags/subdag.py                                                                    0           0                                                            0
/home/airflow/.local/lib/python3.12/site-packages/airflow/example_dags/plugins/event_listener.py                                                            0           0                                                            0
/home/airflow/.local/lib/python3.12/site-packages/airflow/example_dags/plugins/decreasing_priority_weight_strategy.py                                       0           0                                                            0
/home/airflow/.local/lib/python3.12/site-packages/airflow/example_dags/plugins/workday.py                                                                   0           0                                                            0
/home/airflow/.local/lib/python3.12/site-packages/airflow/example_dags/plugins/listener_plugin.py                                                           0           0                                                            0
================================================================================
[2026-09-24T19:55:09.281+0000] {manager.py:465} INFO - Exiting gracefully upon receiving signal 15
[2026-09-24T19:55:09.443+0000] {manager.py:465} INFO - Exiting gracefully upon receiving signal 15
[2026-09-24T20:19:50.103+0000] {manager.py:483} INFO - Processing files using up to 2 processes at a time 
[2026-09-24T20:19:50.171+0000] {manager.py:484} INFO - Process each file at most once every 30 seconds
[2026-09-24T20:19:50.188+0000] {manager.py:485} INFO - Checking for new files in /opt/airflow/dags every 300 seconds
[2026-09-24T20:19:50.195+0000] {manager.py:821} INFO - Searching for files in /opt/airflow/dags
[2026-09-24T20:19:53.852+0000] {manager.py:824} INFO - There are 57 files in /opt/airflow/dags
[2026-09-24T20:21:28.135+0000] {manager.py:1366} ERROR - Processor for /home/airflow/.local/lib/python3.12/site-packages/airflow/example_dags/example_dynamic_task_mapping_with_no_taskflow_operators.py with PID 263 started at 2026-09-24T20:19:54.956090+00:00 has timed out, killing it.
[2026-09-24T20:21:34.210+0000] {manager.py:465} INFO - Exiting gracefully upon receiving signal 15
[2026-09-24T20:21:50.783+0000] {manager.py:465} INFO - Exiting gracefully upon receiving signal 15
[2026-09-24T20:23:00.286+0000] {manager.py:483} INFO - Processing files using up to 2 processes at a time 
[2026-09-24T20:23:00.364+0000] {manager.py:484} INFO - Process each file at most once every 30 seconds
[2026-09-24T20:23:00.365+0000] {manager.py:485} INFO - Checking for new files in /opt/airflow/dags every 300 seconds
[2026-09-24T20:23:00.367+0000] {manager.py:821} INFO - Searching for files in /opt/airflow/dags
[2026-09-24T20:23:02.242+0000] {manager.py:824} INFO - There are 57 files in /opt/airflow/dags
[2026-09-24T20:23:07.975+0000] {manager.py:997} INFO - 
================================================================================
DAG File Processing Stats

File Path                                                                                                                            PID  Runtime      # DAGs    # Errors  Last Runtime    Last Run      Last # of DB Queries
---------------------------------------------------------------------------------------------------------------------------------  -----  ---------  --------  ----------  --------------  ----------  ----------------------
/home/airflow/.local/lib/python3.12/site-packages/airflow/example_dags/example_dynamic_task_mapping_with_no_taskflow_operators.py    289  2.51s             0           0                                                   0
/home/airflow/.local/lib/python3.12/site-packages/airflow/example_dags/example_inlet_event_extra.py                                  290  0.84s             0           0                                                   0
/home/airflow/.local/lib/python3.12/site-packages/airflow/example_dags/example_nested_branch_dag.py                                                         0           0                                                   0
/home/airflow/.local/lib/python3.12/site-packages/airflow/example_dags/tutorial_objectstorage.py                                                            0           0                                                   0
/home/airflow/.local/lib/python3.12/site-packages/airflow/example_dags/example_dynamic_task_mapping.py                                                      0           0                                                   0
/home/airflow/.local/lib/python3.12/site-packages/airflow/example_dags/example_setup_teardown.py                                                            0           0                                                   0
/home/airflow/.local/lib/python3.12/site-packages/airflow/example_dags/example_latest_only.py                                                               0           0                                                   0
/home/airflow/.local/lib/python3.12/site-packages/airflow/example_dags/example_task_group.py                                                                0           0                                                   0
/home/airflow/.local/lib/python3.12/site-packages/airflow/example_dags/tutorial_taskflow_api_virtualenv.py                                                  0           0                                                   0
/home/airflow/.local/lib/python3.12/site-packages/airflow/example_dags/example_branch_operator_decorator.py                                                 0           0                                                   0
/home/airflow/.local/lib/python3.12/site-packages/airflow/example_dags/example_python_decorator.py                                                          0           0                                                   0
/home/airflow/.local/lib/python3.12/site-packages/airflow/example_dags/example_xcom.py                                                                      0           0                                                   0
/home/airflow/.local/lib/python3.12/site-packages/airflow/example_dags/example_params_trigger_ui.py                                                         0           0                                                   0
/home/airflow/.local/lib/python3.12/site-packages/airflow/example_dags/example_bash_decorator.py                                                            0           0                                                   0
/home/airflow/.local/lib/python3.12/site-packages/airflow/example_dags/example_branch_datetime_operator.py                                                  0           0                                                   0
/home/airflow/.local/lib/python3.12/site-packages/airflow/example_dags/example_params_ui_tutorial.py                                                        0           0                                                   0
/home/airflow/.local/lib/python3.12/site-packages/airflow/example_dags/example_bash_operator.py                                                             0           0                                                   0
/home/airflow/.local/lib/python3.12/site-packages/airflow/example_dags/example_dag_decorator.py                                                             0           0                                                   0
/home/airflow/.local/lib/python3.12/site-packages/airflow/example_dags/example_task_group_decorator.py                                                      0           0                                                   0
/home/airflow/.local/lib/python3.12/site-packages/airflow/example_dags/example_display_name.py                                                              0           0                                                   0
/home/airflow/.local/lib/python3.12/site-packages/airflow/example_dags/tutorial_taskflow_templates.py                                                       0           0                                                   0
/home/airflow/.local/lib/python3.12/site-packages/airflow/example_dags/example_sensors.py                                                                   0           0                                                   0
/home/airflow/.local/lib/python3.12/site-packages/airflow/example_dags/example_xcomargs.py                                                                  0           0                                                   0
/home/airflow/.local/lib/python3.12/site-packages/airflow/example_dags/example_outlet_event_extra.py                                                        0           0                                                   0
/home/airflow/.local/lib/python3.12/site-packages/airflow/example_dags/example_kubernetes_executor.py                                                       0           0                                                   0
/home/airflow/.local/lib/python3.12/site-packages/airflow/example_dags/example_sla_dag.py                                                                   0           0                                                   0
/home/airflow/.local/lib/python3.12/site-packages/airflow/example_dags/example_workday_timetable.py                                                         0           0                                                   0
/home/airflow/.local/lib/python3.12/site-packages/airflow/example_dags/example_latest_only_with_trigger.py                                                  0           0                                                   0
/home/airflow/.local/lib/python3.12/site-packages/airflow/example_dags/example_setup_teardown_taskflow.py                                                   0           0                                                   0
/home/airflow/.local/lib/python3.12/site-packages/airflow/example_dags/example_dataset_alias.py                                                             0           0                                                   0
/home/airflow/.local/lib/python3.12/site-packages/airflow/example_dags/example_sensor_decorator.py                                                          0           0                                                   0
/home/airflow/.local/lib/python3.12/site-packages/airflow/example_dags/example_trigger_controller_dag.py                                                    0           0                                                   0
/home/airflow/.local/lib/python3.12/site-packages/airflow/example_dags/example_branch_labels.py                                                             0           0                                                   0
/home/airflow/.local/lib/python3.12/site-packages/airflow/example_dags/tutorial_taskflow_api.py                                                             0           0                                                   0
/home/airflow/.local/lib/python3.12/site-packages/airflow/example_dags/example_short_circuit_decorator.py                                                   0           0                                                   0
/home/airflow/.local/lib/python3.12/site-packages/airflow/example_dags/example_branch_python_dop_operator_3.py                                              0           0                                                   0
/home/airflow/.local/lib/python3.12/site-packages/airflow/example_dags/example_local_kubernetes_executor.py                                                 0           0                                                   0
/home/airflow/.local/lib/python3.12/site-packages/airflow/example_dags/example_passing_params_via_test_command.py                                           0           0                                                   0
/home/airflow/.local/lib/python3.12/site-packages/airflow/example_dags/example_complex.py                                                                   0           0                                                   0
/home/airflow/.local/lib/python3.12/site-packages/airflow/example_dags/example_branch_operator.py                                                           0           0                                                   0
/home/airflow/.local/lib/python3.12/site-packages/airflow/example_dags/example_external_task_marker_dag.py                                                  0           0                                                   0
/home/airflow/.local/lib/python3.12/site-packages/airflow/example_dags/example_skip_dag.py                                                                  0           0                                                   0
/home/airflow/.local/lib/python3.12/site-packages/airflow/example_dags/example_trigger_target_dag.py                                                        0           0                                                   0
/home/airflow/.local/lib/python3.12/site-packages/airflow/example_dags/example_subdag_operator.py                                                           0           0                                                   0
/home/airflow/.local/lib/python3.12/site-packages/airflow/example_dags/example_datasets.py                                                                  0           0                                                   0
/home/airflow/.local/lib/python3.12/site-packages/airflow/example_dags/example_short_circuit_operator.py                                                    0           0                                                   0
/home/airflow/.local/lib/python3.12/site-packages/airflow/example_dags/example_python_operator.py                                                           0           0                                                   0
/home/airflow/.local/lib/python3.12/site-packages/airflow/example_dags/example_dataset_alias_with_no_taskflow.py                                            0           0                                                   0
/home/airflow/.local/lib/python3.12/site-packages/airflow/example_dags/tutorial.py                                                                          0           0                                                   0
/home/airflow/.local/lib/python3.12/site-packages/airflow/example_dags/example_time_delta_sensor_async.py                                                   0           0                                                   0
/home/airflow/.local/lib/python3.12/site-packages/airflow/example_dags/example_branch_day_of_week_operator.py                                               0           0                                                   0
/home/airflow/.local/lib/python3.12/site-packages/airflow/example_dags/tutorial_dag.py                                                                      0           0                                                   0
/home/airflow/.local/lib/python3.12/site-packages/airflow/example_dags/subdags/subdag.py                                                                    0           0                                                   0
/home/airflow/.local/lib/python3.12/site-packages/airflow/example_dags/plugins/event_listener.py                                                            0           0                                                   0
/home/airflow/.local/lib/python3.12/site-packages/airflow/example_dags/plugins/decreasing_priority_weight_strategy.py                                       0           0                                                   0
/home/airflow/.local/lib/python3.12/site-packages/airflow/example_dags/plugins/workday.py                                                                   0           0                                                   0
/home/airflow/.local/lib/python3.12/site-packages/airflow/example_dags/plugins/listener_plugin.py                                                           0           0                                                   0
================================================================================
[2026-09-24T20:23:39.354+0000] {manager.py:997} INFO - 
================================================================================
DAG File Processing Stats

File Path                                                                                                                            PID  Runtime      # DAGs    # Errors  Last Runtime    Last Run               Last # of DB Queries
---------------------------------------------------------------------------------------------------------------------------------  -----  ---------  --------  ----------  --------------  -------------------  ----------------------
/home/airflow/.local/lib/python3.12/site-packages/airflow/example_dags/example_dynamic_task_mapping_with_no_taskflow_operators.py                           1           0  21.36s          2026-09-24T20:23:26                      10
/home/airflow/.local/lib/python3.12/site-packages/airflow/example_dags/example_inlet_event_extra.py                                  290  31.36s            0           0                                                            0
/home/airflow/.local/lib/python3.12/site-packages/airflow/example_dags/example_nested_branch_dag.py                                  297  11.20s            0           0                                                            0
/home/airflow/.local/lib/python3.12/site-packages/airflow/example_dags/tutorial_objectstorage.py                                                            0           0                                                            0
/home/airflow/.local/lib/python3.12/site-packages/airflow/example_dags/example_dynamic_task_mapping.py                                                      0           0                                                            0
/home/airflow/.local/lib/python3.12/site-packages/airflow/example_dags/example_setup_teardown.py                                                            0           0                                                            0
/home/airflow/.local/lib/python3.12/site-packages/airflow/example_dags/example_latest_only.py                                                               0           0                                                            0
/home/airflow/.local/lib/python3.12/site-packages/airflow/example_dags/example_task_group.py                                                                0           0                                                            0
/home/airflow/.local/lib/python3.12/site-packages/airflow/example_dags/tutorial_taskflow_api_virtualenv.py                                                  0           0                                                            0
/home/airflow/.local/lib/python3.12/site-packages/airflow/example_dags/example_branch_operator_decorator.py                                                 0           0                                                            0
/home/airflow/.local/lib/python3.12/site-packages/airflow/example_dags/example_python_decorator.py                                                          0           0                                                            0
/home/airflow/.local/lib/python3.12/site-packages/airflow/example_dags/example_xcom.py                                                                      0           0                                                            0
/home/airflow/.local/lib/python3.12/site-packages/airflow/example_dags/example_params_trigger_ui.py                                                         0           0                                                            0
/home/airflow/.local/lib/python3.12/site-packages/airflow/example_dags/example_bash_decorator.py                                                            0           0                                                            0
/home/airflow/.local/lib/python3.12/site-packages/airflow/example_dags/example_branch_datetime_operator.py                                                  0           0                                                            0
/home/airflow/.local/lib/python3.12/site-packages/airflow/example_dags/example_params_ui_tutorial.py                                                        0           0                                                            0
/home/airflow/.local/lib/python3.12/site-packages/airflow/example_dags/example_bash_operator.py                                                             0           0                                                            0
/home/airflow/.local/lib/python3.12/site-packages/airflow/example_dags/example_dag_decorator.py                                                             0           0                                                            0
/home/airflow/.local/lib/python3.12/site-packages/airflow/example_dags/example_task_group_decorator.py                                                      0           0                                                            0
/home/airflow/.local/lib/python3.12/site-packages/airflow/example_dags/example_display_name.py                                                              0           0                                                            0
/home/airflow/.local/lib/python3.12/site-packages/airflow/example_dags/tutorial_taskflow_templates.py                                                       0           0                                                            0
/home/airflow/.local/lib/python3.12/site-packages/airflow/example_dags/example_sensors.py                                                                   0           0                                                            0
/home/airflow/.local/lib/python3.12/site-packages/airflow/example_dags/example_xcomargs.py                                                                  0           0                                                            0
/home/airflow/.local/lib/python3.12/site-packages/airflow/example_dags/example_outlet_event_extra.py                                                        0           0                                                            0
/home/airflow/.local/lib/python3.12/site-packages/airflow/example_dags/example_kubernetes_executor.py                                                       0           0                                                            0
/home/airflow/.local/lib/python3.12/site-packages/airflow/example_dags/example_sla_dag.py                                                                   0           0                                                            0
/home/airflow/.local/lib/python3.12/site-packages/airflow/example_dags/example_workday_timetable.py                                                         0           0                                                            0
/home/airflow/.local/lib/python3.12/site-packages/airflow/example_dags/example_latest_only_with_trigger.py                                                  0           0                                                            0
/home/airflow/.local/lib/python3.12/site-packages/airflow/example_dags/example_setup_teardown_taskflow.py                                                   0           0                                                            0
/home/airflow/.local/lib/python3.12/site-packages/airflow/example_dags/example_dataset_alias.py                                                             0           0                                                            0
/home/airflow/.local/lib/python3.12/site-packages/airflow/example_dags/example_sensor_decorator.py                                                          0           0                                                            0
/home/airflow/.local/lib/python3.12/site-packages/airflow/example_dags/example_trigger_controller_dag.py                                                    0           0                                                            0
/home/airflow/.local/lib/python3.12/site-packages/airflow/example_dags/example_branch_labels.py                                                             0           0                                                            0
/home/airflow/.local/lib/python3.12/site-packages/airflow/example_dags/tutorial_taskflow_api.py                                                             0           0                                                            0
/home/airflow/.local/lib/python3.12/site-packages/airflow/example_dags/example_short_circuit_decorator.py                                                   0           0                                                            0
/home/airflow/.local/lib/python3.12/site-packages/airflow/example_dags/example_branch_python_dop_operator_3.py                                              0           0                                                            0
/home/airflow/.local/lib/python3.12/site-packages/airflow/example_dags/example_local_kubernetes_executor.py                                                 0           0                                                            0
/home/airflow/.local/lib/python3.12/site-packages/airflow/example_dags/example_passing_params_via_test_command.py                                           0           0                                                            0
/home/airflow/.local/lib/python3.12/site-packages/airflow/example_dags/example_complex.py                                                                   0           0                                                            0
/home/airflow/.local/lib/python3.12/site-packages/airflow/example_dags/example_branch_operator.py                                                           0           0                                                            0
/home/airflow/.local/lib/python3.12/site-packages/airflow/example_dags/example_external_task_marker_dag.py                                                  0           0                                                            0
/home/airflow/.local/lib/python3.12/site-packages/airflow/example_dags/example_skip_dag.py                                                                  0           0                                                            0
/home/airflow/.local/lib/python3.12/site-packages/airflow/example_dags/example_trigger_target_dag.py                                                        0           0                                                            0
/home/airflow/.local/lib/python3.12/site-packages/airflow/example_dags/example_subdag_operator.py                                                           0           0                                                            0
/home/airflow/.local/lib/python3.12/site-packages/airflow/example_dags/example_datasets.py                                                                  0           0                                                            0
/home/airflow/.local/lib/python3.12/site-packages/airflow/example_dags/example_short_circuit_operator.py                                                    0           0                                                            0
/home/airflow/.local/lib/python3.12/site-packages/airflow/example_dags/example_python_operator.py                                                           0           0                                                            0
/home/airflow/.local/lib/python3.12/site-packages/airflow/example_dags/example_dataset_alias_with_no_taskflow.py                                            0           0                                                            0
/home/airflow/.local/lib/python3.12/site-packages/airflow/example_dags/tutorial.py                                                                          0           0                                                            0
/home/airflow/.local/lib/python3.12/site-packages/airflow/example_dags/example_time_delta_sensor_async.py                                                   0           0                                                            0
/home/airflow/.local/lib/python3.12/site-packages/airflow/example_dags/example_branch_day_of_week_operator.py                                               0           0                                                            0
/home/airflow/.local/lib/python3.12/site-packages/airflow/example_dags/tutorial_dag.py                                                                      0           0                                                            0
/home/airflow/.local/lib/python3.12/site-packages/airflow/example_dags/subdags/subdag.py                                                                    0           0                                                            0
/home/airflow/.local/lib/python3.12/site-packages/airflow/example_dags/plugins/event_listener.py                                                            0           0                                                            0
/home/airflow/.local/lib/python3.12/site-packages/airflow/example_dags/plugins/decreasing_priority_weight_strategy.py                                       0           0                                                            0
/home/airflow/.local/lib/python3.12/site-packages/airflow/example_dags/plugins/workday.py                                                                   0           0                                                            0
/home/airflow/.local/lib/python3.12/site-packages/airflow/example_dags/plugins/listener_plugin.py                                                           0           0                                                            0
================================================================================
[2026-09-24T20:24:13.301+0000] {manager.py:997} INFO - 
================================================================================
DAG File Processing Stats

File Path                                                                                                                            PID  Runtime      # DAGs    # Errors  Last Runtime    Last Run               Last # of DB Queries
---------------------------------------------------------------------------------------------------------------------------------  -----  ---------  --------  ----------  --------------  -------------------  ----------------------
/home/airflow/.local/lib/python3.12/site-packages/airflow/example_dags/example_inlet_event_extra.py                                                         0           1  33.65s          2026-09-24T20:23:40                       5
/home/airflow/.local/lib/python3.12/site-packages/airflow/example_dags/example_dynamic_task_mapping_with_no_taskflow_operators.py                           1           0  21.36s          2026-09-24T20:23:26                      10
/home/airflow/.local/lib/python3.12/site-packages/airflow/example_dags/tutorial_objectstorage.py                                                            1           0  18.60s          2026-09-24T20:23:58                      10
/home/airflow/.local/lib/python3.12/site-packages/airflow/example_dags/example_nested_branch_dag.py                                                         1           0  13.02s          2026-09-24T20:23:40                      12
/home/airflow/.local/lib/python3.12/site-packages/airflow/example_dags/example_dynamic_task_mapping.py                                                      1           0  12.46s          2026-09-24T20:23:53                      10
/home/airflow/.local/lib/python3.12/site-packages/airflow/example_dags/example_setup_teardown.py                                     300  17.09s            0           0                                                            0
/home/airflow/.local/lib/python3.12/site-packages/airflow/example_dags/example_latest_only.py                                        307  12.35s            0           0                                                            0
/home/airflow/.local/lib/python3.12/site-packages/airflow/example_dags/example_task_group.py                                                                0           0                                                            0
/home/airflow/.local/lib/python3.12/site-packages/airflow/example_dags/tutorial_taskflow_api_virtualenv.py                                                  0           0                                                            0
/home/airflow/.local/lib/python3.12/site-packages/airflow/example_dags/example_branch_operator_decorator.py                                                 0           0                                                            0
/home/airflow/.local/lib/python3.12/site-packages/airflow/example_dags/example_python_decorator.py                                                          0           0                                                            0
/home/airflow/.local/lib/python3.12/site-packages/airflow/example_dags/example_xcom.py                                                                      0           0                                                            0
/home/airflow/.local/lib/python3.12/site-packages/airflow/example_dags/example_params_trigger_ui.py                                                         0           0                                                            0
/home/airflow/.local/lib/python3.12/site-packages/airflow/example_dags/example_bash_decorator.py                                                            0           0                                                            0
/home/airflow/.local/lib/python3.12/site-packages/airflow/example_dags/example_branch_datetime_operator.py                                                  0           0                                                            0
/home/airflow/.local/lib/python3.12/site-packages/airflow/example_dags/example_params_ui_tutorial.py                                                        0           0                                                            0
/home/airflow/.local/lib/python3.12/site-packages/airflow/example_dags/example_bash_operator.py                                                             0           0                                                            0
/home/airflow/.local/lib/python3.12/site-packages/airflow/example_dags/example_dag_decorator.py                                                             0           0                                                            0
/home/airflow/.local/lib/python3.12/site-packages/airflow/example_dags/example_task_group_decorator.py                                                      0           0                                                            0
/home/airflow/.local/lib/python3.12/site-packages/airflow/example_dags/example_display_name.py                                                              0           0                                                            0
/home/airflow/.local/lib/python3.12/site-packages/airflow/example_dags/tutorial_taskflow_templates.py                                                       0           0                                                            0
/home/airflow/.local/lib/python3.12/site-packages/airflow/example_dags/example_sensors.py                                                                   0           0                                                            0
/home/airflow/.local/lib/python3.12/site-packages/airflow/example_dags/example_xcomargs.py                                                                  0           0                                                            0
/home/airflow/.local/lib/python3.12/site-packages/airflow/example_dags/example_outlet_event_extra.py                                                        0           0                                                            0
/home/airflow/.local/lib/python3.12/site-packages/airflow/example_dags/example_kubernetes_executor.py                                                       0           0                                                            0
/home/airflow/.local/lib/python3.12/site-packages/airflow/example_dags/example_sla_dag.py                                                                   0           0                                                            0
/home/airflow/.local/lib/python3.12/site-packages/airflow/example_dags/example_workday_timetable.py                                                         0           0                                                            0
/home/airflow/.local/lib/python3.12/site-packages/airflow/example_dags/example_latest_only_with_trigger.py                                                  0           0                                                            0
/home/airflow/.local/lib/python3.12/site-packages/airflow/example_dags/example_setup_teardown_taskflow.py                                                   0           0                                                            0
/home/airflow/.local/lib/python3.12/site-packages/airflow/example_dags/example_dataset_alias.py                                                             0           0                                                            0
/home/airflow/.local/lib/python3.12/site-packages/airflow/example_dags/example_sensor_decorator.py                                                          0           0                                                            0
/home/airflow/.local/lib/python3.12/site-packages/airflow/example_dags/example_trigger_controller_dag.py                                                    0           0                                                            0
/home/airflow/.local/lib/python3.12/site-packages/airflow/example_dags/example_branch_labels.py                                                             0           0                                                            0
/home/airflow/.local/lib/python3.12/site-packages/airflow/example_dags/tutorial_taskflow_api.py                                                             0           0                                                            0
/home/airflow/.local/lib/python3.12/site-packages/airflow/example_dags/example_short_circuit_decorator.py                                                   0           0                                                            0
/home/airflow/.local/lib/python3.12/site-packages/airflow/example_dags/example_branch_python_dop_operator_3.py                                              0           0                                                            0
/home/airflow/.local/lib/python3.12/site-packages/airflow/example_dags/example_local_kubernetes_executor.py                                                 0           0                                                            0
/home/airflow/.local/lib/python3.12/site-packages/airflow/example_dags/example_passing_params_via_test_command.py                                           0           0                                                            0
/home/airflow/.local/lib/python3.12/site-packages/airflow/example_dags/example_complex.py                                                                   0           0                                                            0
/home/airflow/.local/lib/python3.12/site-packages/airflow/example_dags/example_branch_operator.py                                                           0           0                                                            0
/home/airflow/.local/lib/python3.12/site-packages/airflow/example_dags/example_external_task_marker_dag.py                                                  0           0                                                            0
/home/airflow/.local/lib/python3.12/site-packages/airflow/example_dags/example_skip_dag.py                                                                  0           0                                                            0
/home/airflow/.local/lib/python3.12/site-packages/airflow/example_dags/example_trigger_target_dag.py                                                        0           0                                                            0
/home/airflow/.local/lib/python3.12/site-packages/airflow/example_dags/example_subdag_operator.py                                                           0           0                                                            0
/home/airflow/.local/lib/python3.12/site-packages/airflow/example_dags/example_datasets.py                                                                  0           0                                                            0
/home/airflow/.local/lib/python3.12/site-packages/airflow/example_dags/example_short_circuit_operator.py                                                    0           0                                                            0
/home/airflow/.local/lib/python3.12/site-packages/airflow/example_dags/example_python_operator.py                                                           0           0                                                            0
/home/airflow/.local/lib/python3.12/site-packages/airflow/example_dags/example_dataset_alias_with_no_taskflow.py                                            0           0                                                            0
/home/airflow/.local/lib/python3.12/site-packages/airflow/example_dags/tutorial.py                                                                          0           0                                                            0
/home/airflow/.local/lib/python3.12/site-packages/airflow/example_dags/example_time_delta_sensor_async.py                                                   0           0                                                            0
/home/airflow/.local/lib/python3.12/site-packages/airflow/example_dags/example_branch_day_of_week_operator.py                                               0           0                                                            0
/home/airflow/.local/lib/python3.12/site-packages/airflow/example_dags/tutorial_dag.py                                                                      0           0                                                            0
/home/airflow/.local/lib/python3.12/site-packages/airflow/example_dags/subdags/subdag.py                                                                    0           0                                                            0
/home/airflow/.local/lib/python3.12/site-packages/airflow/example_dags/plugins/event_listener.py                                                            0           0                                                            0
/home/airflow/.local/lib/python3.12/site-packages/airflow/example_dags/plugins/decreasing_priority_weight_strategy.py                                       0           0                                                            0
/home/airflow/.local/lib/python3.12/site-packages/airflow/example_dags/plugins/workday.py                                                                   0           0                                                            0
/home/airflow/.local/lib/python3.12/site-packages/airflow/example_dags/plugins/listener_plugin.py                                                           0           0                                                            0
================================================================================
[2026-09-24T20:24:44.855+0000] {manager.py:997} INFO - 
================================================================================
DAG File Processing Stats

File Path                                                                                                                            PID  Runtime      # DAGs    # Errors  Last Runtime    Last Run               Last # of DB Queries
---------------------------------------------------------------------------------------------------------------------------------  -----  ---------  --------  ----------  --------------  -------------------  ----------------------
/home/airflow/.local/lib/python3.12/site-packages/airflow/example_dags/example_inlet_event_extra.py                                                         0           1  33.65s          2026-09-24T20:23:40                       5
/home/airflow/.local/lib/python3.12/site-packages/airflow/example_dags/example_dynamic_task_mapping_with_no_taskflow_operators.py                           1           0  21.36s          2026-09-24T20:23:26                      10
/home/airflow/.local/lib/python3.12/site-packages/airflow/example_dags/example_setup_teardown.py                                                            1           0  21.22s          2026-09-24T20:24:15                       9
/home/airflow/.local/lib/python3.12/site-packages/airflow/example_dags/tutorial_objectstorage.py                                                            1           0  18.60s          2026-09-24T20:23:58                      10
/home/airflow/.local/lib/python3.12/site-packages/airflow/example_dags/example_latest_only.py                                                               1           0  16.48s          2026-09-24T20:24:15                      11
/home/airflow/.local/lib/python3.12/site-packages/airflow/example_dags/example_nested_branch_dag.py                                                         1           0  13.02s          2026-09-24T20:23:40                      12
/home/airflow/.local/lib/python3.12/site-packages/airflow/example_dags/example_dynamic_task_mapping.py                                                      1           0  12.46s          2026-09-24T20:23:53                      10
/home/airflow/.local/lib/python3.12/site-packages/airflow/example_dags/example_task_group.py                                                                1           0  11.36s          2026-09-24T20:24:27                      10
/home/airflow/.local/lib/python3.12/site-packages/airflow/example_dags/tutorial_taskflow_api_virtualenv.py                           309  28.13s            0           0                                                            0
/home/airflow/.local/lib/python3.12/site-packages/airflow/example_dags/example_branch_operator_decorator.py                          310  16.46s            0           0                                                            0
/home/airflow/.local/lib/python3.12/site-packages/airflow/example_dags/example_python_decorator.py                                                          0           0                                                            0
/home/airflow/.local/lib/python3.12/site-packages/airflow/example_dags/example_xcom.py                                                                      0           0                                                            0
/home/airflow/.local/lib/python3.12/site-packages/airflow/example_dags/example_params_trigger_ui.py                                                         0           0                                                            0
/home/airflow/.local/lib/python3.12/site-packages/airflow/example_dags/example_bash_decorator.py                                                            0           0                                                            0
/home/airflow/.local/lib/python3.12/site-packages/airflow/example_dags/example_branch_datetime_operator.py                                                  0           0                                                            0
/home/airflow/.local/lib/python3.12/site-packages/airflow/example_dags/example_params_ui_tutorial.py                                                        0           0                                                            0
/home/airflow/.local/lib/python3.12/site-packages/airflow/example_dags/example_bash_operator.py                                                             0           0                                                            0
/home/airflow/.local/lib/python3.12/site-packages/airflow/example_dags/example_dag_decorator.py                                                             0           0                                                            0
/home/airflow/.local/lib/python3.12/site-packages/airflow/example_dags/example_task_group_decorator.py                                                      0           0                                                            0
/home/airflow/.local/lib/python3.12/site-packages/airflow/example_dags/example_display_name.py                                                              0           0                                                            0
/home/airflow/.local/lib/python3.12/site-packages/airflow/example_dags/tutorial_taskflow_templates.py                                                       0           0                                                            0
/home/airflow/.local/lib/python3.12/site-packages/airflow/example_dags/example_sensors.py                                                                   0           0                                                            0
/home/airflow/.local/lib/python3.12/site-packages/airflow/example_dags/example_xcomargs.py                                                                  0           0                                                            0
/home/airflow/.local/lib/python3.12/site-packages/airflow/example_dags/example_outlet_event_extra.py                                                        0           0                                                            0
/home/airflow/.local/lib/python3.12/site-packages/airflow/example_dags/example_kubernetes_executor.py                                                       0           0                                                            0
/home/airflow/.local/lib/python3.12/site-packages/airflow/example_dags/example_sla_dag.py                                                                   0           0                                                            0
/home/airflow/.local/lib/python3.12/site-packages/airflow/example_dags/example_workday_timetable.py                                                         0           0                                                            0
/home/airflow/.local/lib/python3.12/site-packages/airflow/example_dags/example_latest_only_with_trigger.py                                                  0           0                                                            0
/home/airflow/.local/lib/python3.12/site-packages/airflow/example_dags/example_setup_teardown_taskflow.py                                                   0           0                                                            0
/home/airflow/.local/lib/python3.12/site-packages/airflow/example_dags/example_dataset_alias.py                                                             0           0                                                            0
/home/airflow/.local/lib/python3.12/site-packages/airflow/example_dags/example_sensor_decorator.py                                                          0           0                                                            0
/home/airflow/.local/lib/python3.12/site-packages/airflow/example_dags/example_trigger_controller_dag.py                                                    0           0                                                            0
/home/airflow/.local/lib/python3.12/site-packages/airflow/example_dags/example_branch_labels.py                                                             0           0                                                            0
/home/airflow/.local/lib/python3.12/site-packages/airflow/example_dags/tutorial_taskflow_api.py                                                             0           0                                                            0
/home/airflow/.local/lib/python3.12/site-packages/airflow/example_dags/example_short_circuit_decorator.py                                                   0           0                                                            0
/home/airflow/.local/lib/python3.12/site-packages/airflow/example_dags/example_branch_python_dop_operator_3.py                                              0           0                                                            0
/home/airflow/.local/lib/python3.12/site-packages/airflow/example_dags/example_local_kubernetes_executor.py                                                 0           0                                                            0
/home/airflow/.local/lib/python3.12/site-packages/airflow/example_dags/example_passing_params_via_test_command.py                                           0           0                                                            0
/home/airflow/.local/lib/python3.12/site-packages/airflow/example_dags/example_complex.py                                                                   0           0                                                            0
/home/airflow/.local/lib/python3.12/site-packages/airflow/example_dags/example_branch_operator.py                                                           0           0                                                            0
/home/airflow/.local/lib/python3.12/site-packages/airflow/example_dags/example_external_task_marker_dag.py                                                  0           0                                                            0
/home/airflow/.local/lib/python3.12/site-packages/airflow/example_dags/example_skip_dag.py                                                                  0           0                                                            0
/home/airflow/.local/lib/python3.12/site-packages/airflow/example_dags/example_trigger_target_dag.py                                                        0           0                                                            0
/home/airflow/.local/lib/python3.12/site-packages/airflow/example_dags/example_subdag_operator.py                                                           0           0                                                            0
/home/airflow/.local/lib/python3.12/site-packages/airflow/example_dags/example_datasets.py                                                                  0           0                                                            0
/home/airflow/.local/lib/python3.12/site-packages/airflow/example_dags/example_short_circuit_operator.py                                                    0           0                                                            0
/home/airflow/.local/lib/python3.12/site-packages/airflow/example_dags/example_python_operator.py                                                           0           0                                                            0
/home/airflow/.local/lib/python3.12/site-packages/airflow/example_dags/example_dataset_alias_with_no_taskflow.py                                            0           0                                                            0
/home/airflow/.local/lib/python3.12/site-packages/airflow/example_dags/tutorial.py                                                                          0           0                                                            0
/home/airflow/.local/lib/python3.12/site-packages/airflow/example_dags/example_time_delta_sensor_async.py                                                   0           0                                                            0
/home/airflow/.local/lib/python3.12/site-packages/airflow/example_dags/example_branch_day_of_week_operator.py                                               0           0                                                            0
/home/airflow/.local/lib/python3.12/site-packages/airflow/example_dags/tutorial_dag.py                                                                      0           0                                                            0
/home/airflow/.local/lib/python3.12/site-packages/airflow/example_dags/subdags/subdag.py                                                                    0           0                                                            0
/home/airflow/.local/lib/python3.12/site-packages/airflow/example_dags/plugins/event_listener.py                                                            0           0                                                            0
/home/airflow/.local/lib/python3.12/site-packages/airflow/example_dags/plugins/decreasing_priority_weight_strategy.py                                       0           0                                                            0
/home/airflow/.local/lib/python3.12/site-packages/airflow/example_dags/plugins/workday.py                                                                   0           0                                                            0
/home/airflow/.local/lib/python3.12/site-packages/airflow/example_dags/plugins/listener_plugin.py                                                           0           0                                                            0
================================================================================
[2026-09-24T20:25:16.769+0000] {manager.py:997} INFO - 
================================================================================
DAG File Processing Stats

File Path                                                                                                                            PID  Runtime      # DAGs    # Errors  Last Runtime    Last Run               Last # of DB Queries
---------------------------------------------------------------------------------------------------------------------------------  -----  ---------  --------  ----------  --------------  -------------------  ----------------------
/home/airflow/.local/lib/python3.12/site-packages/airflow/example_dags/example_branch_operator_decorator.py                                                 1           0  35.05s          2026-09-24T20:25:03                      34
/home/airflow/.local/lib/python3.12/site-packages/airflow/example_dags/example_inlet_event_extra.py                                                         0           1  33.65s          2026-09-24T20:23:40                       5
/home/airflow/.local/lib/python3.12/site-packages/airflow/example_dags/tutorial_taskflow_api_virtualenv.py                                                  1           0  31.50s          2026-09-24T20:24:47                      32
/home/airflow/.local/lib/python3.12/site-packages/airflow/example_dags/example_python_decorator.py                                                          1           0  22.97s          2026-09-24T20:25:11                      32
/home/airflow/.local/lib/python3.12/site-packages/airflow/example_dags/example_dynamic_task_mapping_with_no_taskflow_operators.py                           1           0  21.36s          2026-09-24T20:23:26                      10
/home/airflow/.local/lib/python3.12/site-packages/airflow/example_dags/example_setup_teardown.py                                                            1           0  21.22s          2026-09-24T20:24:15                       9
/home/airflow/.local/lib/python3.12/site-packages/airflow/example_dags/tutorial_objectstorage.py                                                            1           0  18.60s          2026-09-24T20:23:58                      10
/home/airflow/.local/lib/python3.12/site-packages/airflow/example_dags/example_latest_only.py                                                               1           0  16.48s          2026-09-24T20:24:15                      11
/home/airflow/.local/lib/python3.12/site-packages/airflow/example_dags/example_nested_branch_dag.py                                                         1           0  13.02s          2026-09-24T20:23:40                      12
/home/airflow/.local/lib/python3.12/site-packages/airflow/example_dags/example_dynamic_task_mapping.py                                                      1           0  12.46s          2026-09-24T20:23:53                      10
/home/airflow/.local/lib/python3.12/site-packages/airflow/example_dags/example_task_group.py                                                                1           0  11.36s          2026-09-24T20:24:27                      10
/home/airflow/.local/lib/python3.12/site-packages/airflow/example_dags/example_xcom.py                                                                      1           0  7.62s           2026-09-24T20:25:11                      12
/home/airflow/.local/lib/python3.12/site-packages/airflow/example_dags/example_params_trigger_ui.py                                  325  3.44s             0           0                                                            0
/home/airflow/.local/lib/python3.12/site-packages/airflow/example_dags/example_bash_decorator.py                                     326  2.88s             0           0                                                            0
/home/airflow/.local/lib/python3.12/site-packages/airflow/example_dags/example_branch_datetime_operator.py                                                  0           0                                                            0
/home/airflow/.local/lib/python3.12/site-packages/airflow/example_dags/example_params_ui_tutorial.py                                                        0           0                                                            0
/home/airflow/.local/lib/python3.12/site-packages/airflow/example_dags/example_bash_operator.py                                                             0           0                                                            0
/home/airflow/.local/lib/python3.12/site-packages/airflow/example_dags/example_dag_decorator.py                                                             0           0                                                            0
/home/airflow/.local/lib/python3.12/site-packages/airflow/example_dags/example_task_group_decorator.py                                                      0           0                                                            0
/home/airflow/.local/lib/python3.12/site-packages/airflow/example_dags/example_display_name.py                                                              0           0                                                            0
/home/airflow/.local/lib/python3.12/site-packages/airflow/example_dags/tutorial_taskflow_templates.py                                                       0           0                                                            0
/home/airflow/.local/lib/python3.12/site-packages/airflow/example_dags/example_sensors.py                                                                   0           0                                                            0
/home/airflow/.local/lib/python3.12/site-packages/airflow/example_dags/example_xcomargs.py                                                                  0           0                                                            0
/home/airflow/.local/lib/python3.12/site-packages/airflow/example_dags/example_outlet_event_extra.py                                                        0           0                                                            0
/home/airflow/.local/lib/python3.12/site-packages/airflow/example_dags/example_kubernetes_executor.py                                                       0           0                                                            0
/home/airflow/.local/lib/python3.12/site-packages/airflow/example_dags/example_sla_dag.py                                                                   0           0                                                            0
/home/airflow/.local/lib/python3.12/site-packages/airflow/example_dags/example_workday_timetable.py                                                         0           0                                                            0
/home/airflow/.local/lib/python3.12/site-packages/airflow/example_dags/example_latest_only_with_trigger.py                                                  0           0                                                            0
/home/airflow/.local/lib/python3.12/site-packages/airflow/example_dags/example_setup_teardown_taskflow.py                                                   0           0                                                            0
/home/airflow/.local/lib/python3.12/site-packages/airflow/example_dags/example_dataset_alias.py                                                             0           0                                                            0
/home/airflow/.local/lib/python3.12/site-packages/airflow/example_dags/example_sensor_decorator.py                                                          0           0                                                            0
/home/airflow/.local/lib/python3.12/site-packages/airflow/example_dags/example_trigger_controller_dag.py                                                    0           0                                                            0
/home/airflow/.local/lib/python3.12/site-packages/airflow/example_dags/example_branch_labels.py                                                             0           0                                                            0
/home/airflow/.local/lib/python3.12/site-packages/airflow/example_dags/tutorial_taskflow_api.py                                                             0           0                                                            0
/home/airflow/.local/lib/python3.12/site-packages/airflow/example_dags/example_short_circuit_decorator.py                                                   0           0                                                            0
/home/airflow/.local/lib/python3.12/site-packages/airflow/example_dags/example_branch_python_dop_operator_3.py                                              0           0                                                            0
/home/airflow/.local/lib/python3.12/site-packages/airflow/example_dags/example_local_kubernetes_executor.py                                                 0           0                                                            0
/home/airflow/.local/lib/python3.12/site-packages/airflow/example_dags/example_passing_params_via_test_command.py                                           0           0                                                            0
/home/airflow/.local/lib/python3.12/site-packages/airflow/example_dags/example_complex.py                                                                   0           0                                                            0
/home/airflow/.local/lib/python3.12/site-packages/airflow/example_dags/example_branch_operator.py                                                           0           0                                                            0
/home/airflow/.local/lib/python3.12/site-packages/airflow/example_dags/example_external_task_marker_dag.py                                                  0           0                                                            0
/home/airflow/.local/lib/python3.12/site-packages/airflow/example_dags/example_skip_dag.py                                                                  0           0                                                            0
/home/airflow/.local/lib/python3.12/site-packages/airflow/example_dags/example_trigger_target_dag.py                                                        0           0                                                            0
/home/airflow/.local/lib/python3.12/site-packages/airflow/example_dags/example_subdag_operator.py                                                           0           0                                                            0
/home/airflow/.local/lib/python3.12/site-packages/airflow/example_dags/example_datasets.py                                                                  0           0                                                            0
/home/airflow/.local/lib/python3.12/site-packages/airflow/example_dags/example_short_circuit_operator.py                                                    0           0                                                            0
/home/airflow/.local/lib/python3.12/site-packages/airflow/example_dags/example_python_operator.py                                                           0           0                                                            0
/home/airflow/.local/lib/python3.12/site-packages/airflow/example_dags/example_dataset_alias_with_no_taskflow.py                                            0           0                                                            0
/home/airflow/.local/lib/python3.12/site-packages/airflow/example_dags/tutorial.py                                                                          0           0                                                            0
/home/airflow/.local/lib/python3.12/site-packages/airflow/example_dags/example_time_delta_sensor_async.py                                                   0           0                                                            0
/home/airflow/.local/lib/python3.12/site-packages/airflow/example_dags/example_branch_day_of_week_operator.py                                               0           0                                                            0
/home/airflow/.local/lib/python3.12/site-packages/airflow/example_dags/tutorial_dag.py                                                                      0           0                                                            0
/home/airflow/.local/lib/python3.12/site-packages/airflow/example_dags/subdags/subdag.py                                                                    0           0                                                            0
/home/airflow/.local/lib/python3.12/site-packages/airflow/example_dags/plugins/event_listener.py                                                            0           0                                                            0
/home/airflow/.local/lib/python3.12/site-packages/airflow/example_dags/plugins/decreasing_priority_weight_strategy.py                                       0           0                                                            0
/home/airflow/.local/lib/python3.12/site-packages/airflow/example_dags/plugins/workday.py                                                                   0           0                                                            0
/home/airflow/.local/lib/python3.12/site-packages/airflow/example_dags/plugins/listener_plugin.py                                                           0           0                                                            0
================================================================================
[2026-09-24T20:25:47.684+0000] {manager.py:997} INFO - 
================================================================================
DAG File Processing Stats

File Path                                                                                                                            PID  Runtime      # DAGs    # Errors  Last Runtime    Last Run               Last # of DB Queries
---------------------------------------------------------------------------------------------------------------------------------  -----  ---------  --------  ----------  --------------  -------------------  ----------------------
/home/airflow/.local/lib/python3.12/site-packages/airflow/example_dags/example_branch_operator_decorator.py                                                 1           0  35.05s          2026-09-24T20:25:03                      34
/home/airflow/.local/lib/python3.12/site-packages/airflow/example_dags/example_inlet_event_extra.py                                                         0           1  33.65s          2026-09-24T20:23:40                       5
/home/airflow/.local/lib/python3.12/site-packages/airflow/example_dags/tutorial_taskflow_api_virtualenv.py                                                  1           0  31.50s          2026-09-24T20:24:47                      32
/home/airflow/.local/lib/python3.12/site-packages/airflow/example_dags/example_python_decorator.py                                                          1           0  22.97s          2026-09-24T20:25:11                      32
/home/airflow/.local/lib/python3.12/site-packages/airflow/example_dags/example_dynamic_task_mapping_with_no_taskflow_operators.py                           1           0  21.36s          2026-09-24T20:23:26                      10
/home/airflow/.local/lib/python3.12/site-packages/airflow/example_dags/example_setup_teardown.py                                                            1           0  21.22s          2026-09-24T20:24:15                       9
/home/airflow/.local/lib/python3.12/site-packages/airflow/example_dags/tutorial_objectstorage.py                                                            1           0  18.60s          2026-09-24T20:23:58                      10
/home/airflow/.local/lib/python3.12/site-packages/airflow/example_dags/example_latest_only.py                                                               1           0  16.48s          2026-09-24T20:24:15                      11
/home/airflow/.local/lib/python3.12/site-packages/airflow/example_dags/example_params_ui_tutorial.py                                                        1           0  15.82s          2026-09-24T20:25:42                      10
/home/airflow/.local/lib/python3.12/site-packages/airflow/example_dags/example_bash_decorator.py                                                            1           0  14.72s          2026-09-24T20:25:26                      32
/home/airflow/.local/lib/python3.12/site-packages/airflow/example_dags/example_params_trigger_ui.py                                                         1           0  13.32s          2026-09-24T20:25:24                      10
/home/airflow/.local/lib/python3.12/site-packages/airflow/example_dags/example_nested_branch_dag.py                                                         1           0  13.02s          2026-09-24T20:23:40                      12
/home/airflow/.local/lib/python3.12/site-packages/airflow/example_dags/example_dynamic_task_mapping.py                                                      1           0  12.46s          2026-09-24T20:23:53                      10
/home/airflow/.local/lib/python3.12/site-packages/airflow/example_dags/example_branch_datetime_operator.py                                                  3           0  11.93s          2026-09-24T20:25:37                      18
/home/airflow/.local/lib/python3.12/site-packages/airflow/example_dags/example_task_group.py                                                                1           0  11.36s          2026-09-24T20:24:27                      10
/home/airflow/.local/lib/python3.12/site-packages/airflow/example_dags/example_bash_operator.py                                                             1           0  8.93s           2026-09-24T20:25:46                      12
/home/airflow/.local/lib/python3.12/site-packages/airflow/example_dags/example_xcom.py                                                                      1           0  7.62s           2026-09-24T20:25:11                      12
/home/airflow/.local/lib/python3.12/site-packages/airflow/example_dags/example_dag_decorator.py                                      336  3.81s             0           0                                                            0
/home/airflow/.local/lib/python3.12/site-packages/airflow/example_dags/example_task_group_decorator.py                               337  0.19s             0           0                                                            0
/home/airflow/.local/lib/python3.12/site-packages/airflow/example_dags/example_display_name.py                                                              0           0                                                            0
/home/airflow/.local/lib/python3.12/site-packages/airflow/example_dags/tutorial_taskflow_templates.py                                                       0           0                                                            0
/home/airflow/.local/lib/python3.12/site-packages/airflow/example_dags/example_sensors.py                                                                   0           0                                                            0
/home/airflow/.local/lib/python3.12/site-packages/airflow/example_dags/example_xcomargs.py                                                                  0           0                                                            0
/home/airflow/.local/lib/python3.12/site-packages/airflow/example_dags/example_outlet_event_extra.py                                                        0           0                                                            0
/home/airflow/.local/lib/python3.12/site-packages/airflow/example_dags/example_kubernetes_executor.py                                                       0           0                                                            0
/home/airflow/.local/lib/python3.12/site-packages/airflow/example_dags/example_sla_dag.py                                                                   0           0                                                            0
/home/airflow/.local/lib/python3.12/site-packages/airflow/example_dags/example_workday_timetable.py                                                         0           0                                                            0
/home/airflow/.local/lib/python3.12/site-packages/airflow/example_dags/example_latest_only_with_trigger.py                                                  0           0                                                            0
/home/airflow/.local/lib/python3.12/site-packages/airflow/example_dags/example_setup_teardown_taskflow.py                                                   0           0                                                            0
/home/airflow/.local/lib/python3.12/site-packages/airflow/example_dags/example_dataset_alias.py                                                             0           0                                                            0
/home/airflow/.local/lib/python3.12/site-packages/airflow/example_dags/example_sensor_decorator.py                                                          0           0                                                            0
/home/airflow/.local/lib/python3.12/site-packages/airflow/example_dags/example_trigger_controller_dag.py                                                    0           0                                                            0
/home/airflow/.local/lib/python3.12/site-packages/airflow/example_dags/example_branch_labels.py                                                             0           0                                                            0
/home/airflow/.local/lib/python3.12/site-packages/airflow/example_dags/tutorial_taskflow_api.py                                                             0           0                                                            0
/home/airflow/.local/lib/python3.12/site-packages/airflow/example_dags/example_short_circuit_decorator.py                                                   0           0                                                            0
/home/airflow/.local/lib/python3.12/site-packages/airflow/example_dags/example_branch_python_dop_operator_3.py                                              0           0                                                            0
/home/airflow/.local/lib/python3.12/site-packages/airflow/example_dags/example_local_kubernetes_executor.py                                                 0           0                                                            0
/home/airflow/.local/lib/python3.12/site-packages/airflow/example_dags/example_passing_params_via_test_command.py                                           0           0                                                            0
/home/airflow/.local/lib/python3.12/site-packages/airflow/example_dags/example_complex.py                                                                   0           0                                                            0
/home/airflow/.local/lib/python3.12/site-packages/airflow/example_dags/example_branch_operator.py                                                           0           0                                                            0
/home/airflow/.local/lib/python3.12/site-packages/airflow/example_dags/example_external_task_marker_dag.py                                                  0           0                                                            0
/home/airflow/.local/lib/python3.12/site-packages/airflow/example_dags/example_skip_dag.py                                                                  0           0                                                            0
/home/airflow/.local/lib/python3.12/site-packages/airflow/example_dags/example_trigger_target_dag.py                                                        0           0                                                            0
/home/airflow/.local/lib/python3.12/site-packages/airflow/example_dags/example_subdag_operator.py                                                           0           0                                                            0
/home/airflow/.local/lib/python3.12/site-packages/airflow/example_dags/example_datasets.py                                                                  0           0                                                            0
/home/airflow/.local/lib/python3.12/site-packages/airflow/example_dags/example_short_circuit_operator.py                                                    0           0                                                            0
/home/airflow/.local/lib/python3.12/site-packages/airflow/example_dags/example_python_operator.py                                                           0           0                                                            0
/home/airflow/.local/lib/python3.12/site-packages/airflow/example_dags/example_dataset_alias_with_no_taskflow.py                                            0           0                                                            0
/home/airflow/.local/lib/python3.12/site-packages/airflow/example_dags/tutorial.py                                                                          0           0                                                            0
/home/airflow/.local/lib/python3.12/site-packages/airflow/example_dags/example_time_delta_sensor_async.py                                                   0           0                                                            0
/home/airflow/.local/lib/python3.12/site-packages/airflow/example_dags/example_branch_day_of_week_operator.py                                               0           0                                                            0
/home/airflow/.local/lib/python3.12/site-packages/airflow/example_dags/tutorial_dag.py                                                                      0           0                                                            0
/home/airflow/.local/lib/python3.12/site-packages/airflow/example_dags/subdags/subdag.py                                                                    0           0                                                            0
/home/airflow/.local/lib/python3.12/site-packages/airflow/example_dags/plugins/event_listener.py                                                            0           0                                                            0
/home/airflow/.local/lib/python3.12/site-packages/airflow/example_dags/plugins/decreasing_priority_weight_strategy.py                                       0           0                                                            0
/home/airflow/.local/lib/python3.12/site-packages/airflow/example_dags/plugins/workday.py                                                                   0           0                                                            0
/home/airflow/.local/lib/python3.12/site-packages/airflow/example_dags/plugins/listener_plugin.py                                                           0           0                                                            0
================================================================================
[2026-09-24T20:26:18.631+0000] {manager.py:997} INFO - 
================================================================================
DAG File Processing Stats

File Path                                                                                                                            PID  Runtime      # DAGs    # Errors  Last Runtime    Last Run               Last # of DB Queries
---------------------------------------------------------------------------------------------------------------------------------  -----  ---------  --------  ----------  --------------  -------------------  ----------------------
/home/airflow/.local/lib/python3.12/site-packages/airflow/example_dags/example_branch_operator_decorator.py                                                 1           0  35.05s          2026-09-24T20:25:03                      34
/home/airflow/.local/lib/python3.12/site-packages/airflow/example_dags/example_inlet_event_extra.py                                                         0           1  33.65s          2026-09-24T20:23:40                       5
/home/airflow/.local/lib/python3.12/site-packages/airflow/example_dags/tutorial_taskflow_api_virtualenv.py                                                  1           0  31.50s          2026-09-24T20:24:47                      32
/home/airflow/.local/lib/python3.12/site-packages/airflow/example_dags/example_dag_decorator.py                                                             1           0  26.56s          2026-09-24T20:26:09                      32
/home/airflow/.local/lib/python3.12/site-packages/airflow/example_dags/example_python_decorator.py                                                          1           0  22.97s          2026-09-24T20:25:11                      32
/home/airflow/.local/lib/python3.12/site-packages/airflow/example_dags/example_dynamic_task_mapping_with_no_taskflow_operators.py                           1           0  21.36s          2026-09-24T20:23:26                      10
/home/airflow/.local/lib/python3.12/site-packages/airflow/example_dags/example_setup_teardown.py                                                            1           0  21.22s          2026-09-24T20:24:15                       9
/home/airflow/.local/lib/python3.12/site-packages/airflow/example_dags/tutorial_objectstorage.py                                                            1           0  18.60s          2026-09-24T20:23:58                      10
/home/airflow/.local/lib/python3.12/site-packages/airflow/example_dags/example_latest_only.py                                                               1           0  16.48s          2026-09-24T20:24:15                      11
/home/airflow/.local/lib/python3.12/site-packages/airflow/example_dags/example_params_ui_tutorial.py                                                        1           0  15.82s          2026-09-24T20:25:42                      10
/home/airflow/.local/lib/python3.12/site-packages/airflow/example_dags/example_bash_decorator.py                                                            1           0  14.72s          2026-09-24T20:25:26                      32
/home/airflow/.local/lib/python3.12/site-packages/airflow/example_dags/example_params_trigger_ui.py                                                         1           0  13.32s          2026-09-24T20:25:24                      10
/home/airflow/.local/lib/python3.12/site-packages/airflow/example_dags/example_nested_branch_dag.py                                                         1           0  13.02s          2026-09-24T20:23:40                      12
/home/airflow/.local/lib/python3.12/site-packages/airflow/example_dags/example_dynamic_task_mapping.py                                                      1           0  12.46s          2026-09-24T20:23:53                      10
/home/airflow/.local/lib/python3.12/site-packages/airflow/example_dags/example_branch_datetime_operator.py                                                  3           0  11.93s          2026-09-24T20:25:37                      18
/home/airflow/.local/lib/python3.12/site-packages/airflow/example_dags/example_task_group.py                                                                1           0  11.36s          2026-09-24T20:24:27                      10
/home/airflow/.local/lib/python3.12/site-packages/airflow/example_dags/tutorial_taskflow_templates.py                                                       1           0  10.44s          2026-09-24T20:26:17                      12
/home/airflow/.local/lib/python3.12/site-packages/airflow/example_dags/example_task_group_decorator.py                                                      1           0  10.01s          2026-09-24T20:25:56                      10
/home/airflow/.local/lib/python3.12/site-packages/airflow/example_dags/example_bash_operator.py                                                             1           0  8.93s           2026-09-24T20:25:46                      12
/home/airflow/.local/lib/python3.12/site-packages/airflow/example_dags/example_xcom.py                                                                      1           0  7.62s           2026-09-24T20:25:11                      12
/home/airflow/.local/lib/python3.12/site-packages/airflow/example_dags/example_display_name.py                                                              1           0  6.71s           2026-09-24T20:26:05                      10
/home/airflow/.local/lib/python3.12/site-packages/airflow/example_dags/example_sensors.py                                            340  7.13s             0           0                                                            0
/home/airflow/.local/lib/python3.12/site-packages/airflow/example_dags/example_xcomargs.py                                           347  0.29s             0           0                                                            0
/home/airflow/.local/lib/python3.12/site-packages/airflow/example_dags/example_outlet_event_extra.py                                                        0           0                                                            0
/home/airflow/.local/lib/python3.12/site-packages/airflow/example_dags/example_kubernetes_executor.py                                                       0           0                                                            0
/home/airflow/.local/lib/python3.12/site-packages/airflow/example_dags/example_sla_dag.py                                                                   0           0                                                            0
/home/airflow/.local/lib/python3.12/site-packages/airflow/example_dags/example_workday_timetable.py                                                         0           0                                                            0
/home/airflow/.local/lib/python3.12/site-packages/airflow/example_dags/example_latest_only_with_trigger.py                                                  0           0                                                            0
/home/airflow/.local/lib/python3.12/site-packages/airflow/example_dags/example_setup_teardown_taskflow.py                                                   0           0                                                            0
/home/airflow/.local/lib/python3.12/site-packages/airflow/example_dags/example_dataset_alias.py                                                             0           0                                                            0
/home/airflow/.local/lib/python3.12/site-packages/airflow/example_dags/example_sensor_decorator.py                                                          0           0                                                            0
/home/airflow/.local/lib/python3.12/site-packages/airflow/example_dags/example_trigger_controller_dag.py                                                    0           0                                                            0
/home/airflow/.local/lib/python3.12/site-packages/airflow/example_dags/example_branch_labels.py                                                             0           0                                                            0
/home/airflow/.local/lib/python3.12/site-packages/airflow/example_dags/tutorial_taskflow_api.py                                                             0           0                                                            0
/home/airflow/.local/lib/python3.12/site-packages/airflow/example_dags/example_short_circuit_decorator.py                                                   0           0                                                            0
/home/airflow/.local/lib/python3.12/site-packages/airflow/example_dags/example_branch_python_dop_operator_3.py                                              0           0                                                            0
/home/airflow/.local/lib/python3.12/site-packages/airflow/example_dags/example_local_kubernetes_executor.py                                                 0           0                                                            0
/home/airflow/.local/lib/python3.12/site-packages/airflow/example_dags/example_passing_params_via_test_command.py                                           0           0                                                            0
/home/airflow/.local/lib/python3.12/site-packages/airflow/example_dags/example_complex.py                                                                   0           0                                                            0
/home/airflow/.local/lib/python3.12/site-packages/airflow/example_dags/example_branch_operator.py                                                           0           0                                                            0
/home/airflow/.local/lib/python3.12/site-packages/airflow/example_dags/example_external_task_marker_dag.py                                                  0           0                                                            0
/home/airflow/.local/lib/python3.12/site-packages/airflow/example_dags/example_skip_dag.py                                                                  0           0                                                            0
/home/airflow/.local/lib/python3.12/site-packages/airflow/example_dags/example_trigger_target_dag.py                                                        0           0                                                            0
/home/airflow/.local/lib/python3.12/site-packages/airflow/example_dags/example_subdag_operator.py                                                           0           0                                                            0
/home/airflow/.local/lib/python3.12/site-packages/airflow/example_dags/example_datasets.py                                                                  0           0                                                            0
/home/airflow/.local/lib/python3.12/site-packages/airflow/example_dags/example_short_circuit_operator.py                                                    0           0                                                            0
/home/airflow/.local/lib/python3.12/site-packages/airflow/example_dags/example_python_operator.py                                                           0           0                                                            0
/home/airflow/.local/lib/python3.12/site-packages/airflow/example_dags/example_dataset_alias_with_no_taskflow.py                                            0           0                                                            0
/home/airflow/.local/lib/python3.12/site-packages/airflow/example_dags/tutorial.py                                                                          0           0                                                            0
/home/airflow/.local/lib/python3.12/site-packages/airflow/example_dags/example_time_delta_sensor_async.py                                                   0           0                                                            0
/home/airflow/.local/lib/python3.12/site-packages/airflow/example_dags/example_branch_day_of_week_operator.py                                               0           0                                                            0
/home/airflow/.local/lib/python3.12/site-packages/airflow/example_dags/tutorial_dag.py                                                                      0           0                                                            0
/home/airflow/.local/lib/python3.12/site-packages/airflow/example_dags/subdags/subdag.py                                                                    0           0                                                            0
/home/airflow/.local/lib/python3.12/site-packages/airflow/example_dags/plugins/event_listener.py                                                            0           0                                                            0
/home/airflow/.local/lib/python3.12/site-packages/airflow/example_dags/plugins/decreasing_priority_weight_strategy.py                                       0           0                                                            0
/home/airflow/.local/lib/python3.12/site-packages/airflow/example_dags/plugins/workday.py                                                                   0           0                                                            0
/home/airflow/.local/lib/python3.12/site-packages/airflow/example_dags/plugins/listener_plugin.py                                                           0           0                                                            0
================================================================================
[2026-09-24T20:26:50.158+0000] {manager.py:997} INFO - 
================================================================================
DAG File Processing Stats

File Path                                                                                                                            PID  Runtime      # DAGs    # Errors  Last Runtime    Last Run               Last # of DB Queries
---------------------------------------------------------------------------------------------------------------------------------  -----  ---------  --------  ----------  --------------  -------------------  ----------------------
/home/airflow/.local/lib/python3.12/site-packages/airflow/example_dags/example_branch_operator_decorator.py                                                 1           0  35.05s          2026-09-24T20:25:03                      34
/home/airflow/.local/lib/python3.12/site-packages/airflow/example_dags/example_inlet_event_extra.py                                                         0           1  33.65s          2026-09-24T20:23:40                       5
/home/airflow/.local/lib/python3.12/site-packages/airflow/example_dags/tutorial_taskflow_api_virtualenv.py                                                  1           0  31.50s          2026-09-24T20:24:47                      32
/home/airflow/.local/lib/python3.12/site-packages/airflow/example_dags/example_dag_decorator.py                                                             1           0  26.56s          2026-09-24T20:26:09                      32
/home/airflow/.local/lib/python3.12/site-packages/airflow/example_dags/example_python_decorator.py                                                          1           0  22.97s          2026-09-24T20:25:11                      32
/home/airflow/.local/lib/python3.12/site-packages/airflow/example_dags/example_dynamic_task_mapping_with_no_taskflow_operators.py                           1           0  21.36s          2026-09-24T20:23:26                      10
/home/airflow/.local/lib/python3.12/site-packages/airflow/example_dags/example_setup_teardown.py                                                            1           0  21.22s          2026-09-24T20:24:15                       9
/home/airflow/.local/lib/python3.12/site-packages/airflow/example_dags/example_xcomargs.py                                                                  2           0  20.84s          2026-09-24T20:26:38                      45
/home/airflow/.local/lib/python3.12/site-packages/airflow/example_dags/tutorial_objectstorage.py                                                            1           0  18.60s          2026-09-24T20:23:58                      10
/home/airflow/.local/lib/python3.12/site-packages/airflow/example_dags/example_latest_only.py                                                               1           0  16.48s          2026-09-24T20:24:15                      11
/home/airflow/.local/lib/python3.12/site-packages/airflow/example_dags/example_params_ui_tutorial.py                                                        1           0  15.82s          2026-09-24T20:25:42                      10
/home/airflow/.local/lib/python3.12/site-packages/airflow/example_dags/example_bash_decorator.py                                                            1           0  14.72s          2026-09-24T20:25:26                      32
/home/airflow/.local/lib/python3.12/site-packages/airflow/example_dags/example_sensors.py                                                                   1           0  13.43s          2026-09-24T20:26:24                       9
/home/airflow/.local/lib/python3.12/site-packages/airflow/example_dags/example_params_trigger_ui.py                                                         1           0  13.32s          2026-09-24T20:25:24                      10
/home/airflow/.local/lib/python3.12/site-packages/airflow/example_dags/example_nested_branch_dag.py                                                         1           0  13.02s          2026-09-24T20:23:40                      12
/home/airflow/.local/lib/python3.12/site-packages/airflow/example_dags/example_dynamic_task_mapping.py                                                      1           0  12.46s          2026-09-24T20:23:53                      10
/home/airflow/.local/lib/python3.12/site-packages/airflow/example_dags/example_branch_datetime_operator.py                                                  3           0  11.93s          2026-09-24T20:25:37                      18
/home/airflow/.local/lib/python3.12/site-packages/airflow/example_dags/example_task_group.py                                                                1           0  11.36s          2026-09-24T20:24:27                      10
/home/airflow/.local/lib/python3.12/site-packages/airflow/example_dags/tutorial_taskflow_templates.py                                                       1           0  10.44s          2026-09-24T20:26:17                      12
/home/airflow/.local/lib/python3.12/site-packages/airflow/example_dags/example_task_group_decorator.py                                                      1           0  10.01s          2026-09-24T20:25:56                      10
/home/airflow/.local/lib/python3.12/site-packages/airflow/example_dags/example_bash_operator.py                                                             1           0  8.93s           2026-09-24T20:25:46                      12
/home/airflow/.local/lib/python3.12/site-packages/airflow/example_dags/example_xcom.py                                                                      1           0  7.62s           2026-09-24T20:25:11                      12
/home/airflow/.local/lib/python3.12/site-packages/airflow/example_dags/example_display_name.py                                                              1           0  6.71s           2026-09-24T20:26:05                      10
/home/airflow/.local/lib/python3.12/site-packages/airflow/example_dags/example_outlet_event_extra.py                                 348  24.66s            0           0                                                            0
/home/airflow/.local/lib/python3.12/site-packages/airflow/example_dags/example_kubernetes_executor.py                                349  11.04s            0           0                                                            0
/home/airflow/.local/lib/python3.12/site-packages/airflow/example_dags/example_sla_dag.py                                                                   0           0                                                            0
/home/airflow/.local/lib/python3.12/site-packages/airflow/example_dags/example_workday_timetable.py                                                         0           0                                                            0
/home/airflow/.local/lib/python3.12/site-packages/airflow/example_dags/example_latest_only_with_trigger.py                                                  0           0                                                            0
/home/airflow/.local/lib/python3.12/site-packages/airflow/example_dags/example_setup_teardown_taskflow.py                                                   0           0                                                            0
/home/airflow/.local/lib/python3.12/site-packages/airflow/example_dags/example_dataset_alias.py                                                             0           0                                                            0
/home/airflow/.local/lib/python3.12/site-packages/airflow/example_dags/example_sensor_decorator.py                                                          0           0                                                            0
/home/airflow/.local/lib/python3.12/site-packages/airflow/example_dags/example_trigger_controller_dag.py                                                    0           0                                                            0
/home/airflow/.local/lib/python3.12/site-packages/airflow/example_dags/example_branch_labels.py                                                             0           0                                                            0
/home/airflow/.local/lib/python3.12/site-packages/airflow/example_dags/tutorial_taskflow_api.py                                                             0           0                                                            0
/home/airflow/.local/lib/python3.12/site-packages/airflow/example_dags/example_short_circuit_decorator.py                                                   0           0                                                            0
/home/airflow/.local/lib/python3.12/site-packages/airflow/example_dags/example_branch_python_dop_operator_3.py                                              0           0                                                            0
/home/airflow/.local/lib/python3.12/site-packages/airflow/example_dags/example_local_kubernetes_executor.py                                                 0           0                                                            0
/home/airflow/.local/lib/python3.12/site-packages/airflow/example_dags/example_passing_params_via_test_command.py                                           0           0                                                            0
/home/airflow/.local/lib/python3.12/site-packages/airflow/example_dags/example_complex.py                                                                   0           0                                                            0
/home/airflow/.local/lib/python3.12/site-packages/airflow/example_dags/example_branch_operator.py                                                           0           0                                                            0
/home/airflow/.local/lib/python3.12/site-packages/airflow/example_dags/example_external_task_marker_dag.py                                                  0           0                                                            0
/home/airflow/.local/lib/python3.12/site-packages/airflow/example_dags/example_skip_dag.py                                                                  0           0                                                            0
/home/airflow/.local/lib/python3.12/site-packages/airflow/example_dags/example_trigger_target_dag.py                                                        0           0                                                            0
/home/airflow/.local/lib/python3.12/site-packages/airflow/example_dags/example_subdag_operator.py                                                           0           0                                                            0
/home/airflow/.local/lib/python3.12/site-packages/airflow/example_dags/example_datasets.py                                                                  0           0                                                            0
/home/airflow/.local/lib/python3.12/site-packages/airflow/example_dags/example_short_circuit_operator.py                                                    0           0                                                            0
/home/airflow/.local/lib/python3.12/site-packages/airflow/example_dags/example_python_operator.py                                                           0           0                                                            0
/home/airflow/.local/lib/python3.12/site-packages/airflow/example_dags/example_dataset_alias_with_no_taskflow.py                                            0           0                                                            0
/home/airflow/.local/lib/python3.12/site-packages/airflow/example_dags/tutorial.py                                                                          0           0                                                            0
/home/airflow/.local/lib/python3.12/site-packages/airflow/example_dags/example_time_delta_sensor_async.py                                                   0           0                                                            0
/home/airflow/.local/lib/python3.12/site-packages/airflow/example_dags/example_branch_day_of_week_operator.py                                               0           0                                                            0
/home/airflow/.local/lib/python3.12/site-packages/airflow/example_dags/tutorial_dag.py                                                                      0           0                                                            0
/home/airflow/.local/lib/python3.12/site-packages/airflow/example_dags/subdags/subdag.py                                                                    0           0                                                            0
/home/airflow/.local/lib/python3.12/site-packages/airflow/example_dags/plugins/event_listener.py                                                            0           0                                                            0
/home/airflow/.local/lib/python3.12/site-packages/airflow/example_dags/plugins/decreasing_priority_weight_strategy.py                                       0           0                                                            0
/home/airflow/.local/lib/python3.12/site-packages/airflow/example_dags/plugins/workday.py                                                                   0           0                                                            0
/home/airflow/.local/lib/python3.12/site-packages/airflow/example_dags/plugins/listener_plugin.py                                                           0           0                                                            0
================================================================================
[2026-09-24T20:27:22.360+0000] {manager.py:997} INFO - 
================================================================================
DAG File Processing Stats

File Path                                                                                                                            PID  Runtime      # DAGs    # Errors  Last Runtime    Last Run               Last # of DB Queries
---------------------------------------------------------------------------------------------------------------------------------  -----  ---------  --------  ----------  --------------  -------------------  ----------------------
/home/airflow/.local/lib/python3.12/site-packages/airflow/example_dags/example_outlet_event_extra.py                                                        0           1  46.69s          2026-09-24T20:27:11                       3
/home/airflow/.local/lib/python3.12/site-packages/airflow/example_dags/example_branch_operator_decorator.py                                                 1           0  35.05s          2026-09-24T20:25:03                      34
/home/airflow/.local/lib/python3.12/site-packages/airflow/example_dags/example_inlet_event_extra.py                                                         0           1  33.65s          2026-09-24T20:23:40                       5
/home/airflow/.local/lib/python3.12/site-packages/airflow/example_dags/tutorial_taskflow_api_virtualenv.py                                                  1           0  31.50s          2026-09-24T20:24:47                      32
/home/airflow/.local/lib/python3.12/site-packages/airflow/example_dags/example_kubernetes_executor.py                                                       1           0  31.02s          2026-09-24T20:27:09                      43
/home/airflow/.local/lib/python3.12/site-packages/airflow/example_dags/example_dag_decorator.py                                                             1           0  26.56s          2026-09-24T20:26:09                      32
/home/airflow/.local/lib/python3.12/site-packages/airflow/example_dags/example_python_decorator.py                                                          1           0  22.97s          2026-09-24T20:25:11                      32
/home/airflow/.local/lib/python3.12/site-packages/airflow/example_dags/example_dynamic_task_mapping_with_no_taskflow_operators.py                           1           0  21.36s          2026-09-24T20:23:26                      10
/home/airflow/.local/lib/python3.12/site-packages/airflow/example_dags/example_setup_teardown.py                                                            1           0  21.22s          2026-09-24T20:24:15                       9
/home/airflow/.local/lib/python3.12/site-packages/airflow/example_dags/example_xcomargs.py                                                                  2           0  20.84s          2026-09-24T20:26:38                      45
/home/airflow/.local/lib/python3.12/site-packages/airflow/example_dags/tutorial_objectstorage.py                                                            1           0  18.60s          2026-09-24T20:23:58                      10
/home/airflow/.local/lib/python3.12/site-packages/airflow/example_dags/example_latest_only.py                                                               1           0  16.48s          2026-09-24T20:24:15                      11
/home/airflow/.local/lib/python3.12/site-packages/airflow/example_dags/example_params_ui_tutorial.py                                                        1           0  15.82s          2026-09-24T20:25:42                      10
/home/airflow/.local/lib/python3.12/site-packages/airflow/example_dags/example_bash_decorator.py                                                            1           0  14.72s          2026-09-24T20:25:26                      32
/home/airflow/.local/lib/python3.12/site-packages/airflow/example_dags/example_sensors.py                                                                   1           0  13.43s          2026-09-24T20:26:24                       9
/home/airflow/.local/lib/python3.12/site-packages/airflow/example_dags/example_params_trigger_ui.py                                                         1           0  13.32s          2026-09-24T20:25:24                      10
/home/airflow/.local/lib/python3.12/site-packages/airflow/example_dags/example_nested_branch_dag.py                                                         1           0  13.02s          2026-09-24T20:23:40                      12
/home/airflow/.local/lib/python3.12/site-packages/airflow/example_dags/example_dynamic_task_mapping.py                                                      1           0  12.46s          2026-09-24T20:23:53                      10
/home/airflow/.local/lib/python3.12/site-packages/airflow/example_dags/example_branch_datetime_operator.py                                                  3           0  11.93s          2026-09-24T20:25:37                      18
/home/airflow/.local/lib/python3.12/site-packages/airflow/example_dags/example_task_group.py                                                                1           0  11.36s          2026-09-24T20:24:27                      10
/home/airflow/.local/lib/python3.12/site-packages/airflow/example_dags/tutorial_taskflow_templates.py                                                       1           0  10.44s          2026-09-24T20:26:17                      12
/home/airflow/.local/lib/python3.12/site-packages/airflow/example_dags/example_task_group_decorator.py                                                      1           0  10.01s          2026-09-24T20:25:56                      10
/home/airflow/.local/lib/python3.12/site-packages/airflow/example_dags/example_bash_operator.py                                                             1           0  8.93s           2026-09-24T20:25:46                      12
/home/airflow/.local/lib/python3.12/site-packages/airflow/example_dags/example_xcom.py                                                                      1           0  7.62s           2026-09-24T20:25:11                      12
/home/airflow/.local/lib/python3.12/site-packages/airflow/example_dags/example_display_name.py                                                              1           0  6.71s           2026-09-24T20:26:05                      10
/home/airflow/.local/lib/python3.12/site-packages/airflow/example_dags/example_sla_dag.py                                            355  11.54s            0           0                                                            0
/home/airflow/.local/lib/python3.12/site-packages/airflow/example_dags/example_workday_timetable.py                                  356  9.12s             0           0                                                            0
/home/airflow/.local/lib/python3.12/site-packages/airflow/example_dags/example_latest_only_with_trigger.py                                                  0           0                                                            0
/home/airflow/.local/lib/python3.12/site-packages/airflow/example_dags/example_setup_teardown_taskflow.py                                                   0           0                                                            0
/home/airflow/.local/lib/python3.12/site-packages/airflow/example_dags/example_dataset_alias.py                                                             0           0                                                            0
/home/airflow/.local/lib/python3.12/site-packages/airflow/example_dags/example_sensor_decorator.py                                                          0           0                                                            0
/home/airflow/.local/lib/python3.12/site-packages/airflow/example_dags/example_trigger_controller_dag.py                                                    0           0                                                            0
/home/airflow/.local/lib/python3.12/site-packages/airflow/example_dags/example_branch_labels.py                                                             0           0                                                            0
/home/airflow/.local/lib/python3.12/site-packages/airflow/example_dags/tutorial_taskflow_api.py                                                             0           0                                                            0
/home/airflow/.local/lib/python3.12/site-packages/airflow/example_dags/example_short_circuit_decorator.py                                                   0           0                                                            0
/home/airflow/.local/lib/python3.12/site-packages/airflow/example_dags/example_branch_python_dop_operator_3.py                                              0           0                                                            0
/home/airflow/.local/lib/python3.12/site-packages/airflow/example_dags/example_local_kubernetes_executor.py                                                 0           0                                                            0
/home/airflow/.local/lib/python3.12/site-packages/airflow/example_dags/example_passing_params_via_test_command.py                                           0           0                                                            0
/home/airflow/.local/lib/python3.12/site-packages/airflow/example_dags/example_complex.py                                                                   0           0                                                            0
/home/airflow/.local/lib/python3.12/site-packages/airflow/example_dags/example_branch_operator.py                                                           0           0                                                            0
/home/airflow/.local/lib/python3.12/site-packages/airflow/example_dags/example_external_task_marker_dag.py                                                  0           0                                                            0
/home/airflow/.local/lib/python3.12/site-packages/airflow/example_dags/example_skip_dag.py                                                                  0           0                                                            0
/home/airflow/.local/lib/python3.12/site-packages/airflow/example_dags/example_trigger_target_dag.py                                                        0           0                                                            0
/home/airflow/.local/lib/python3.12/site-packages/airflow/example_dags/example_subdag_operator.py                                                           0           0                                                            0
/home/airflow/.local/lib/python3.12/site-packages/airflow/example_dags/example_datasets.py                                                                  0           0                                                            0
/home/airflow/.local/lib/python3.12/site-packages/airflow/example_dags/example_short_circuit_operator.py                                                    0           0                                                            0
/home/airflow/.local/lib/python3.12/site-packages/airflow/example_dags/example_python_operator.py                                                           0           0                                                            0
/home/airflow/.local/lib/python3.12/site-packages/airflow/example_dags/example_dataset_alias_with_no_taskflow.py                                            0           0                                                            0
/home/airflow/.local/lib/python3.12/site-packages/airflow/example_dags/tutorial.py                                                                          0           0                                                            0
/home/airflow/.local/lib/python3.12/site-packages/airflow/example_dags/example_time_delta_sensor_async.py                                                   0           0                                                            0
/home/airflow/.local/lib/python3.12/site-packages/airflow/example_dags/example_branch_day_of_week_operator.py                                               0           0                                                            0
/home/airflow/.local/lib/python3.12/site-packages/airflow/example_dags/tutorial_dag.py                                                                      0           0                                                            0
/home/airflow/.local/lib/python3.12/site-packages/airflow/example_dags/subdags/subdag.py                                                                    0           0                                                            0
/home/airflow/.local/lib/python3.12/site-packages/airflow/example_dags/plugins/event_listener.py                                                            0           0                                                            0
/home/airflow/.local/lib/python3.12/site-packages/airflow/example_dags/plugins/decreasing_priority_weight_strategy.py                                       0           0                                                            0
/home/airflow/.local/lib/python3.12/site-packages/airflow/example_dags/plugins/workday.py                                                                   0           0                                                            0
/home/airflow/.local/lib/python3.12/site-packages/airflow/example_dags/plugins/listener_plugin.py                                                           0           0                                                            0
================================================================================
[2026-09-24T20:27:53.382+0000] {manager.py:997} INFO - 
================================================================================
DAG File Processing Stats

File Path                                                                                                                            PID  Runtime      # DAGs    # Errors  Last Runtime    Last Run               Last # of DB Queries
---------------------------------------------------------------------------------------------------------------------------------  -----  ---------  --------  ----------  --------------  -------------------  ----------------------
/home/airflow/.local/lib/python3.12/site-packages/airflow/example_dags/example_outlet_event_extra.py                                                        0           1  46.69s          2026-09-24T20:27:11                       3
/home/airflow/.local/lib/python3.12/site-packages/airflow/example_dags/example_branch_operator_decorator.py                                                 1           0  35.05s          2026-09-24T20:25:03                      34
/home/airflow/.local/lib/python3.12/site-packages/airflow/example_dags/example_inlet_event_extra.py                                                         0           1  33.65s          2026-09-24T20:23:40                       5
/home/airflow/.local/lib/python3.12/site-packages/airflow/example_dags/tutorial_taskflow_api_virtualenv.py                                                  1           0  31.50s          2026-09-24T20:24:47                      32
/home/airflow/.local/lib/python3.12/site-packages/airflow/example_dags/example_kubernetes_executor.py                                                       1           0  31.02s          2026-09-24T20:27:09                      43
/home/airflow/.local/lib/python3.12/site-packages/airflow/example_dags/example_workday_timetable.py                                                         1           0  27.71s          2026-09-24T20:27:39                      45
/home/airflow/.local/lib/python3.12/site-packages/airflow/example_dags/example_dag_decorator.py                                                             1           0  26.56s          2026-09-24T20:26:09                      32
/home/airflow/.local/lib/python3.12/site-packages/airflow/example_dags/example_sla_dag.py                                                                   1           0  23.85s          2026-09-24T20:27:33                      45
/home/airflow/.local/lib/python3.12/site-packages/airflow/example_dags/example_python_decorator.py                                                          1           0  22.97s          2026-09-24T20:25:11                      32
/home/airflow/.local/lib/python3.12/site-packages/airflow/example_dags/example_dynamic_task_mapping_with_no_taskflow_operators.py                           1           0  21.36s          2026-09-24T20:23:26                      10
/home/airflow/.local/lib/python3.12/site-packages/airflow/example_dags/example_setup_teardown.py                                                            1           0  21.22s          2026-09-24T20:24:15                       9
/home/airflow/.local/lib/python3.12/site-packages/airflow/example_dags/example_xcomargs.py                                                                  2           0  20.84s          2026-09-24T20:26:38                      45
/home/airflow/.local/lib/python3.12/site-packages/airflow/example_dags/tutorial_objectstorage.py                                                            1           0  18.60s          2026-09-24T20:23:58                      10
/home/airflow/.local/lib/python3.12/site-packages/airflow/example_dags/example_latest_only.py                                                               1           0  16.48s          2026-09-24T20:24:15                      11
/home/airflow/.local/lib/python3.12/site-packages/airflow/example_dags/example_params_ui_tutorial.py                                                        1           0  15.82s          2026-09-24T20:25:42                      10
/home/airflow/.local/lib/python3.12/site-packages/airflow/example_dags/example_bash_decorator.py                                                            1           0  14.72s          2026-09-24T20:25:26                      32
/home/airflow/.local/lib/python3.12/site-packages/airflow/example_dags/example_sensors.py                                                                   1           0  13.43s          2026-09-24T20:26:24                       9
/home/airflow/.local/lib/python3.12/site-packages/airflow/example_dags/example_params_trigger_ui.py                                                         1           0  13.32s          2026-09-24T20:25:24                      10
/home/airflow/.local/lib/python3.12/site-packages/airflow/example_dags/example_nested_branch_dag.py                                                         1           0  13.02s          2026-09-24T20:23:40                      12
/home/airflow/.local/lib/python3.12/site-packages/airflow/example_dags/example_dynamic_task_mapping.py                                                      1           0  12.46s          2026-09-24T20:23:53                      10
/home/airflow/.local/lib/python3.12/site-packages/airflow/example_dags/example_branch_datetime_operator.py                                                  3           0  11.93s          2026-09-24T20:25:37                      18
/home/airflow/.local/lib/python3.12/site-packages/airflow/example_dags/example_task_group.py                                                                1           0  11.36s          2026-09-24T20:24:27                      10
/home/airflow/.local/lib/python3.12/site-packages/airflow/example_dags/tutorial_taskflow_templates.py                                                       1           0  10.44s          2026-09-24T20:26:17                      12
/home/airflow/.local/lib/python3.12/site-packages/airflow/example_dags/example_task_group_decorator.py                                                      1           0  10.01s          2026-09-24T20:25:56                      10
/home/airflow/.local/lib/python3.12/site-packages/airflow/example_dags/example_bash_operator.py                                                             1           0  8.93s           2026-09-24T20:25:46                      12
/home/airflow/.local/lib/python3.12/site-packages/airflow/example_dags/example_xcom.py                                                                      1           0  7.62s           2026-09-24T20:25:11                      12
/home/airflow/.local/lib/python3.12/site-packages/airflow/example_dags/example_display_name.py                                                              1           0  6.71s           2026-09-24T20:26:05                      10
/home/airflow/.local/lib/python3.12/site-packages/airflow/example_dags/example_latest_only_with_trigger.py                           362  18.83s            0           0                                                            0
/home/airflow/.local/lib/python3.12/site-packages/airflow/example_dags/example_setup_teardown_taskflow.py                            363  12.90s            0           0                                                            0
/home/airflow/.local/lib/python3.12/site-packages/airflow/example_dags/example_dataset_alias.py                                                             0           0                                                            0
/home/airflow/.local/lib/python3.12/site-packages/airflow/example_dags/example_sensor_decorator.py                                                          0           0                                                            0
/home/airflow/.local/lib/python3.12/site-packages/airflow/example_dags/example_trigger_controller_dag.py                                                    0           0                                                            0
/home/airflow/.local/lib/python3.12/site-packages/airflow/example_dags/example_branch_labels.py                                                             0           0                                                            0
/home/airflow/.local/lib/python3.12/site-packages/airflow/example_dags/tutorial_taskflow_api.py                                                             0           0                                                            0
/home/airflow/.local/lib/python3.12/site-packages/airflow/example_dags/example_short_circuit_decorator.py                                                   0           0                                                            0
/home/airflow/.local/lib/python3.12/site-packages/airflow/example_dags/example_branch_python_dop_operator_3.py                                              0           0                                                            0
/home/airflow/.local/lib/python3.12/site-packages/airflow/example_dags/example_local_kubernetes_executor.py                                                 0           0                                                            0
/home/airflow/.local/lib/python3.12/site-packages/airflow/example_dags/example_passing_params_via_test_command.py                                           0           0                                                            0
/home/airflow/.local/lib/python3.12/site-packages/airflow/example_dags/example_complex.py                                                                   0           0                                                            0
/home/airflow/.local/lib/python3.12/site-packages/airflow/example_dags/example_branch_operator.py                                                           0           0                                                            0
/home/airflow/.local/lib/python3.12/site-packages/airflow/example_dags/example_external_task_marker_dag.py                                                  0           0                                                            0
/home/airflow/.local/lib/python3.12/site-packages/airflow/example_dags/example_skip_dag.py                                                                  0           0                                                            0
/home/airflow/.local/lib/python3.12/site-packages/airflow/example_dags/example_trigger_target_dag.py                                                        0           0                                                            0
/home/airflow/.local/lib/python3.12/site-packages/airflow/example_dags/example_subdag_operator.py                                                           0           0                                                            0
/home/airflow/.local/lib/python3.12/site-packages/airflow/example_dags/example_datasets.py                                                                  0           0                                                            0
/home/airflow/.local/lib/python3.12/site-packages/airflow/example_dags/example_short_circuit_operator.py                                                    0           0                                                            0
/home/airflow/.local/lib/python3.12/site-packages/airflow/example_dags/example_python_operator.py                                                           0           0                                                            0
/home/airflow/.local/lib/python3.12/site-packages/airflow/example_dags/example_dataset_alias_with_no_taskflow.py                                            0           0                                                            0
/home/airflow/.local/lib/python3.12/site-packages/airflow/example_dags/tutorial.py                                                                          0           0                                                            0
/home/airflow/.local/lib/python3.12/site-packages/airflow/example_dags/example_time_delta_sensor_async.py                                                   0           0                                                            0
/home/airflow/.local/lib/python3.12/site-packages/airflow/example_dags/example_branch_day_of_week_operator.py                                               0           0                                                            0
/home/airflow/.local/lib/python3.12/site-packages/airflow/example_dags/tutorial_dag.py                                                                      0           0                                                            0
/home/airflow/.local/lib/python3.12/site-packages/airflow/example_dags/subdags/subdag.py                                                                    0           0                                                            0
/home/airflow/.local/lib/python3.12/site-packages/airflow/example_dags/plugins/event_listener.py                                                            0           0                                                            0
/home/airflow/.local/lib/python3.12/site-packages/airflow/example_dags/plugins/decreasing_priority_weight_strategy.py                                       0           0                                                            0
/home/airflow/.local/lib/python3.12/site-packages/airflow/example_dags/plugins/workday.py                                                                   0           0                                                            0
/home/airflow/.local/lib/python3.12/site-packages/airflow/example_dags/plugins/listener_plugin.py                                                           0           0                                                            0
================================================================================
[2026-09-24T20:28:01.322+0000] {manager.py:821} INFO - Searching for files in /opt/airflow/dags
[2026-09-24T20:28:02.349+0000] {manager.py:824} INFO - There are 57 files in /opt/airflow/dags
[2026-09-24T20:28:24.702+0000] {manager.py:997} INFO - 
================================================================================
DAG File Processing Stats

File Path                                                                                                                            PID  Runtime      # DAGs    # Errors  Last Runtime    Last Run               Last # of DB Queries
---------------------------------------------------------------------------------------------------------------------------------  -----  ---------  --------  ----------  --------------  -------------------  ----------------------
/home/airflow/.local/lib/python3.12/site-packages/airflow/example_dags/example_outlet_event_extra.py                                                        0           1  46.69s          2026-09-24T20:27:11                       3
/home/airflow/.local/lib/python3.12/site-packages/airflow/example_dags/example_branch_operator_decorator.py                                                 1           0  35.05s          2026-09-24T20:25:03                      34
/home/airflow/.local/lib/python3.12/site-packages/airflow/example_dags/example_inlet_event_extra.py                                                         0           1  33.65s          2026-09-24T20:23:40                       5
/home/airflow/.local/lib/python3.12/site-packages/airflow/example_dags/tutorial_taskflow_api_virtualenv.py                                                  1           0  31.50s          2026-09-24T20:24:47                      32
/home/airflow/.local/lib/python3.12/site-packages/airflow/example_dags/example_kubernetes_executor.py                                                       1           0  31.02s          2026-09-24T20:27:09                      43
/home/airflow/.local/lib/python3.12/site-packages/airflow/example_dags/example_sensor_decorator.py                                                          1           0  28.19s          2026-09-24T20:28:24                      43
/home/airflow/.local/lib/python3.12/site-packages/airflow/example_dags/example_workday_timetable.py                                                         1           0  27.71s          2026-09-24T20:27:39                      45
/home/airflow/.local/lib/python3.12/site-packages/airflow/example_dags/example_dag_decorator.py                                                             1           0  26.56s          2026-09-24T20:26:09                      32
/home/airflow/.local/lib/python3.12/site-packages/airflow/example_dags/example_sla_dag.py                                                                   1           0  23.85s          2026-09-24T20:27:33                      45
/home/airflow/.local/lib/python3.12/site-packages/airflow/example_dags/example_python_decorator.py                                                          1           0  22.97s          2026-09-24T20:25:11                      32
/home/airflow/.local/lib/python3.12/site-packages/airflow/example_dags/example_dynamic_task_mapping_with_no_taskflow_operators.py                           1           0  21.36s          2026-09-24T20:23:26                      10
/home/airflow/.local/lib/python3.12/site-packages/airflow/example_dags/example_setup_teardown.py                                                            1           0  21.22s          2026-09-24T20:24:15                       9
/home/airflow/.local/lib/python3.12/site-packages/airflow/example_dags/example_xcomargs.py                                                                  2           0  20.84s          2026-09-24T20:26:38                      45
/home/airflow/.local/lib/python3.12/site-packages/airflow/example_dags/example_latest_only_with_trigger.py                                                  1           0  19.54s          2026-09-24T20:27:53                      45
/home/airflow/.local/lib/python3.12/site-packages/airflow/example_dags/tutorial_objectstorage.py                                                            1           0  18.60s          2026-09-24T20:23:58                      10
/home/airflow/.local/lib/python3.12/site-packages/airflow/example_dags/example_latest_only.py                                                               1           0  16.48s          2026-09-24T20:24:15                      11
/home/airflow/.local/lib/python3.12/site-packages/airflow/example_dags/example_params_ui_tutorial.py                                                        1           0  15.82s          2026-09-24T20:25:42                      10
/home/airflow/.local/lib/python3.12/site-packages/airflow/example_dags/example_setup_teardown_taskflow.py                                                   1           0  15.36s          2026-09-24T20:27:55                      43
/home/airflow/.local/lib/python3.12/site-packages/airflow/example_dags/example_bash_decorator.py                                                            1           0  14.72s          2026-09-24T20:25:26                      32
/home/airflow/.local/lib/python3.12/site-packages/airflow/example_dags/example_sensors.py                                                                   1           0  13.43s          2026-09-24T20:26:24                       9
/home/airflow/.local/lib/python3.12/site-packages/airflow/example_dags/example_params_trigger_ui.py                                                         1           0  13.32s          2026-09-24T20:25:24                      10
/home/airflow/.local/lib/python3.12/site-packages/airflow/example_dags/example_nested_branch_dag.py                                                         1           0  13.02s          2026-09-24T20:23:40                      12
/home/airflow/.local/lib/python3.12/site-packages/airflow/example_dags/example_dynamic_task_mapping.py                                                      1           0  12.46s          2026-09-24T20:23:53                      10
/home/airflow/.local/lib/python3.12/site-packages/airflow/example_dags/example_branch_datetime_operator.py                                                  3           0  11.93s          2026-09-24T20:25:37                      18
/home/airflow/.local/lib/python3.12/site-packages/airflow/example_dags/example_task_group.py                                                                1           0  11.36s          2026-09-24T20:24:27                      10
/home/airflow/.local/lib/python3.12/site-packages/airflow/example_dags/tutorial_taskflow_templates.py                                                       1           0  10.44s          2026-09-24T20:26:17                      12
/home/airflow/.local/lib/python3.12/site-packages/airflow/example_dags/example_task_group_decorator.py                                                      1           0  10.01s          2026-09-24T20:25:56                      10
/home/airflow/.local/lib/python3.12/site-packages/airflow/example_dags/example_bash_operator.py                                                             1           0  8.93s           2026-09-24T20:25:46                      12
/home/airflow/.local/lib/python3.12/site-packages/airflow/example_dags/example_xcom.py                                                                      1           0  7.62s           2026-09-24T20:25:11                      12
/home/airflow/.local/lib/python3.12/site-packages/airflow/example_dags/example_display_name.py                                                              1           0  6.71s           2026-09-24T20:26:05                      10
/home/airflow/.local/lib/python3.12/site-packages/airflow/example_dags/example_dataset_alias.py                                      370  29.60s            0           0                                                            0
/home/airflow/.local/lib/python3.12/site-packages/airflow/example_dags/example_trigger_controller_dag.py                                                    0           0                                                            0
/home/airflow/.local/lib/python3.12/site-packages/airflow/example_dags/example_branch_labels.py                                                             0           0                                                            0
/home/airflow/.local/lib/python3.12/site-packages/airflow/example_dags/tutorial_taskflow_api.py                                                             0           0                                                            0
/home/airflow/.local/lib/python3.12/site-packages/airflow/example_dags/example_short_circuit_decorator.py                                                   0           0                                                            0
/home/airflow/.local/lib/python3.12/site-packages/airflow/example_dags/example_branch_python_dop_operator_3.py                                              0           0                                                            0
/home/airflow/.local/lib/python3.12/site-packages/airflow/example_dags/example_local_kubernetes_executor.py                                                 0           0                                                            0
/home/airflow/.local/lib/python3.12/site-packages/airflow/example_dags/example_passing_params_via_test_command.py                                           0           0                                                            0
/home/airflow/.local/lib/python3.12/site-packages/airflow/example_dags/example_complex.py                                                                   0           0                                                            0
/home/airflow/.local/lib/python3.12/site-packages/airflow/example_dags/example_branch_operator.py                                                           0           0                                                            0
/home/airflow/.local/lib/python3.12/site-packages/airflow/example_dags/example_external_task_marker_dag.py                                                  0           0                                                            0
/home/airflow/.local/lib/python3.12/site-packages/airflow/example_dags/example_skip_dag.py                                                                  0           0                                                            0
/home/airflow/.local/lib/python3.12/site-packages/airflow/example_dags/example_trigger_target_dag.py                                                        0           0                                                            0
/home/airflow/.local/lib/python3.12/site-packages/airflow/example_dags/example_subdag_operator.py                                                           0           0                                                            0
/home/airflow/.local/lib/python3.12/site-packages/airflow/example_dags/example_datasets.py                                                                  0           0                                                            0
/home/airflow/.local/lib/python3.12/site-packages/airflow/example_dags/example_short_circuit_operator.py                                                    0           0                                                            0
/home/airflow/.local/lib/python3.12/site-packages/airflow/example_dags/example_python_operator.py                                                           0           0                                                            0
/home/airflow/.local/lib/python3.12/site-packages/airflow/example_dags/example_dataset_alias_with_no_taskflow.py                                            0           0                                                            0
/home/airflow/.local/lib/python3.12/site-packages/airflow/example_dags/tutorial.py                                                                          0           0                                                            0
/home/airflow/.local/lib/python3.12/site-packages/airflow/example_dags/example_time_delta_sensor_async.py                                                   0           0                                                            0
/home/airflow/.local/lib/python3.12/site-packages/airflow/example_dags/example_branch_day_of_week_operator.py                                               0           0                                                            0
/home/airflow/.local/lib/python3.12/site-packages/airflow/example_dags/tutorial_dag.py                                                                      0           0                                                            0
/home/airflow/.local/lib/python3.12/site-packages/airflow/example_dags/subdags/subdag.py                                                                    0           0                                                            0
/home/airflow/.local/lib/python3.12/site-packages/airflow/example_dags/plugins/event_listener.py                                                            0           0                                                            0
/home/airflow/.local/lib/python3.12/site-packages/airflow/example_dags/plugins/decreasing_priority_weight_strategy.py                                       0           0                                                            0
/home/airflow/.local/lib/python3.12/site-packages/airflow/example_dags/plugins/workday.py                                                                   0           0                                                            0
/home/airflow/.local/lib/python3.12/site-packages/airflow/example_dags/plugins/listener_plugin.py                                                           0           0                                                            0
================================================================================
[2026-09-24T20:28:58.210+0000] {manager.py:997} INFO - 
================================================================================
DAG File Processing Stats

File Path                                                                                                                            PID  Runtime      # DAGs    # Errors  Last Runtime    Last Run               Last # of DB Queries
---------------------------------------------------------------------------------------------------------------------------------  -----  ---------  --------  ----------  --------------  -------------------  ----------------------
/home/airflow/.local/lib/python3.12/site-packages/airflow/example_dags/example_outlet_event_extra.py                                                        0           1  46.69s          2026-09-24T20:27:11                       3
/home/airflow/.local/lib/python3.12/site-packages/airflow/example_dags/example_dataset_alias.py                                                             0           1  35.45s          2026-09-24T20:28:30                       3
/home/airflow/.local/lib/python3.12/site-packages/airflow/example_dags/example_branch_operator_decorator.py                                                 1           0  35.05s          2026-09-24T20:25:03                      34
/home/airflow/.local/lib/python3.12/site-packages/airflow/example_dags/example_inlet_event_extra.py                                                         0           1  33.65s          2026-09-24T20:23:40                       5
/home/airflow/.local/lib/python3.12/site-packages/airflow/example_dags/tutorial_taskflow_api_virtualenv.py                                                  1           0  31.50s          2026-09-24T20:24:47                      32
/home/airflow/.local/lib/python3.12/site-packages/airflow/example_dags/example_kubernetes_executor.py                                                       1           0  31.02s          2026-09-24T20:27:09                      43
/home/airflow/.local/lib/python3.12/site-packages/airflow/example_dags/example_sensor_decorator.py                                                          1           0  28.19s          2026-09-24T20:28:24                      43
/home/airflow/.local/lib/python3.12/site-packages/airflow/example_dags/example_workday_timetable.py                                                         1           0  27.71s          2026-09-24T20:27:39                      45
/home/airflow/.local/lib/python3.12/site-packages/airflow/example_dags/example_dag_decorator.py                                                             1           0  26.56s          2026-09-24T20:26:09                      32
/home/airflow/.local/lib/python3.12/site-packages/airflow/example_dags/example_sla_dag.py                                                                   1           0  23.85s          2026-09-24T20:27:33                      45
/home/airflow/.local/lib/python3.12/site-packages/airflow/example_dags/example_python_decorator.py                                                          1           0  22.97s          2026-09-24T20:25:11                      32
/home/airflow/.local/lib/python3.12/site-packages/airflow/example_dags/example_dynamic_task_mapping_with_no_taskflow_operators.py                           1           0  21.36s          2026-09-24T20:23:26                      10
/home/airflow/.local/lib/python3.12/site-packages/airflow/example_dags/example_setup_teardown.py                                                            1           0  21.22s          2026-09-24T20:24:15                       9
/home/airflow/.local/lib/python3.12/site-packages/airflow/example_dags/example_xcomargs.py                                                                  2           0  20.84s          2026-09-24T20:26:38                      45
/home/airflow/.local/lib/python3.12/site-packages/airflow/example_dags/example_latest_only_with_trigger.py                                                  1           0  19.54s          2026-09-24T20:27:53                      45
/home/airflow/.local/lib/python3.12/site-packages/airflow/example_dags/tutorial_objectstorage.py                                                            1           0  18.60s          2026-09-24T20:23:58                      10
/home/airflow/.local/lib/python3.12/site-packages/airflow/example_dags/example_latest_only.py                                                               1           0  16.48s          2026-09-24T20:24:15                      11
/home/airflow/.local/lib/python3.12/site-packages/airflow/example_dags/example_params_ui_tutorial.py                                                        1           0  15.82s          2026-09-24T20:25:42                      10
/home/airflow/.local/lib/python3.12/site-packages/airflow/example_dags/example_setup_teardown_taskflow.py                                                   1           0  15.36s          2026-09-24T20:27:55                      43
/home/airflow/.local/lib/python3.12/site-packages/airflow/example_dags/example_bash_decorator.py                                                            1           0  14.72s          2026-09-24T20:25:26                      32
/home/airflow/.local/lib/python3.12/site-packages/airflow/example_dags/example_sensors.py                                                                   1           0  13.43s          2026-09-24T20:26:24                       9
/home/airflow/.local/lib/python3.12/site-packages/airflow/example_dags/example_params_trigger_ui.py                                                         1           0  13.32s          2026-09-24T20:25:24                      10
/home/airflow/.local/lib/python3.12/site-packages/airflow/example_dags/example_nested_branch_dag.py                                                         1           0  13.02s          2026-09-24T20:23:40                      12
/home/airflow/.local/lib/python3.12/site-packages/airflow/example_dags/example_dynamic_task_mapping.py                                                      1           0  12.46s          2026-09-24T20:23:53                      10
/home/airflow/.local/lib/python3.12/site-packages/airflow/example_dags/example_branch_datetime_operator.py                                                  3           0  11.93s          2026-09-24T20:25:37                      18
/home/airflow/.local/lib/python3.12/site-packages/airflow/example_dags/example_task_group.py                                                                1           0  11.36s          2026-09-24T20:24:27                      10
/home/airflow/.local/lib/python3.12/site-packages/airflow/example_dags/tutorial_taskflow_templates.py                                                       1           0  10.44s          2026-09-24T20:26:17                      12
/home/airflow/.local/lib/python3.12/site-packages/airflow/example_dags/example_task_group_decorator.py                                                      1           0  10.01s          2026-09-24T20:25:56                      10
/home/airflow/.local/lib/python3.12/site-packages/airflow/example_dags/example_bash_operator.py                                                             1           0  8.93s           2026-09-24T20:25:46                      12
/home/airflow/.local/lib/python3.12/site-packages/airflow/example_dags/example_xcom.py                                                                      1           0  7.62s           2026-09-24T20:25:11                      12
/home/airflow/.local/lib/python3.12/site-packages/airflow/example_dags/example_display_name.py                                                              1           0  6.71s           2026-09-24T20:26:05                      10
/home/airflow/.local/lib/python3.12/site-packages/airflow/example_dags/example_trigger_controller_dag.py                             378  29.50s            0           0                                                            0
/home/airflow/.local/lib/python3.12/site-packages/airflow/example_dags/example_branch_labels.py                                      379  24.89s            0           0                                                            0
/home/airflow/.local/lib/python3.12/site-packages/airflow/example_dags/tutorial_taskflow_api.py                                                             0           0                                                            0
/home/airflow/.local/lib/python3.12/site-packages/airflow/example_dags/example_short_circuit_decorator.py                                                   0           0                                                            0
/home/airflow/.local/lib/python3.12/site-packages/airflow/example_dags/example_branch_python_dop_operator_3.py                                              0           0                                                            0
/home/airflow/.local/lib/python3.12/site-packages/airflow/example_dags/example_local_kubernetes_executor.py                                                 0           0                                                            0
/home/airflow/.local/lib/python3.12/site-packages/airflow/example_dags/example_passing_params_via_test_command.py                                           0           0                                                            0
/home/airflow/.local/lib/python3.12/site-packages/airflow/example_dags/example_complex.py                                                                   0           0                                                            0
/home/airflow/.local/lib/python3.12/site-packages/airflow/example_dags/example_branch_operator.py                                                           0           0                                                            0
/home/airflow/.local/lib/python3.12/site-packages/airflow/example_dags/example_external_task_marker_dag.py                                                  0           0                                                            0
/home/airflow/.local/lib/python3.12/site-packages/airflow/example_dags/example_skip_dag.py                                                                  0           0                                                            0
/home/airflow/.local/lib/python3.12/site-packages/airflow/example_dags/example_trigger_target_dag.py                                                        0           0                                                            0
/home/airflow/.local/lib/python3.12/site-packages/airflow/example_dags/example_subdag_operator.py                                                           0           0                                                            0
/home/airflow/.local/lib/python3.12/site-packages/airflow/example_dags/example_datasets.py                                                                  0           0                                                            0
/home/airflow/.local/lib/python3.12/site-packages/airflow/example_dags/example_short_circuit_operator.py                                                    0           0                                                            0
/home/airflow/.local/lib/python3.12/site-packages/airflow/example_dags/example_python_operator.py                                                           0           0                                                            0
/home/airflow/.local/lib/python3.12/site-packages/airflow/example_dags/example_dataset_alias_with_no_taskflow.py                                            0           0                                                            0
/home/airflow/.local/lib/python3.12/site-packages/airflow/example_dags/tutorial.py                                                                          0           0                                                            0
/home/airflow/.local/lib/python3.12/site-packages/airflow/example_dags/example_time_delta_sensor_async.py                                                   0           0                                                            0
/home/airflow/.local/lib/python3.12/site-packages/airflow/example_dags/example_branch_day_of_week_operator.py                                               0           0                                                            0
/home/airflow/.local/lib/python3.12/site-packages/airflow/example_dags/tutorial_dag.py                                                                      0           0                                                            0
/home/airflow/.local/lib/python3.12/site-packages/airflow/example_dags/subdags/subdag.py                                                                    0           0                                                            0
/home/airflow/.local/lib/python3.12/site-packages/airflow/example_dags/plugins/event_listener.py                                                            0           0                                                            0
/home/airflow/.local/lib/python3.12/site-packages/airflow/example_dags/plugins/decreasing_priority_weight_strategy.py                                       0           0                                                            0
/home/airflow/.local/lib/python3.12/site-packages/airflow/example_dags/plugins/workday.py                                                                   0           0                                                            0
/home/airflow/.local/lib/python3.12/site-packages/airflow/example_dags/plugins/listener_plugin.py                                                           0           0                                                            0
================================================================================
[2026-09-24T20:29:31.056+0000] {manager.py:997} INFO - 
================================================================================
DAG File Processing Stats

File Path                                                                                                                            PID  Runtime      # DAGs    # Errors  Last Runtime    Last Run               Last # of DB Queries
---------------------------------------------------------------------------------------------------------------------------------  -----  ---------  --------  ----------  --------------  -------------------  ----------------------
/home/airflow/.local/lib/python3.12/site-packages/airflow/example_dags/example_outlet_event_extra.py                                                        0           1  46.69s          2026-09-24T20:27:11                       3
/home/airflow/.local/lib/python3.12/site-packages/airflow/example_dags/example_dataset_alias.py                                                             0           1  35.45s          2026-09-24T20:28:30                       3
/home/airflow/.local/lib/python3.12/site-packages/airflow/example_dags/example_branch_operator_decorator.py                                                 1           0  35.05s          2026-09-24T20:25:03                      34
/home/airflow/.local/lib/python3.12/site-packages/airflow/example_dags/example_inlet_event_extra.py                                                         0           1  33.65s          2026-09-24T20:23:40                       5
/home/airflow/.local/lib/python3.12/site-packages/airflow/example_dags/example_trigger_controller_dag.py                                                    1           0  33.44s          2026-09-24T20:28:59                      45
/home/airflow/.local/lib/python3.12/site-packages/airflow/example_dags/tutorial_taskflow_api_virtualenv.py                                                  1           0  31.50s          2026-09-24T20:24:47                      32
/home/airflow/.local/lib/python3.12/site-packages/airflow/example_dags/example_kubernetes_executor.py                                                       1           0  31.02s          2026-09-24T20:27:09                      43
/home/airflow/.local/lib/python3.12/site-packages/airflow/example_dags/example_branch_labels.py                                                             1           0  28.87s          2026-09-24T20:28:59                      45
/home/airflow/.local/lib/python3.12/site-packages/airflow/example_dags/example_sensor_decorator.py                                                          1           0  28.19s          2026-09-24T20:28:24                      43
/home/airflow/.local/lib/python3.12/site-packages/airflow/example_dags/example_workday_timetable.py                                                         1           0  27.71s          2026-09-24T20:27:39                      45
/home/airflow/.local/lib/python3.12/site-packages/airflow/example_dags/example_dag_decorator.py                                                             1           0  26.56s          2026-09-24T20:26:09                      32
/home/airflow/.local/lib/python3.12/site-packages/airflow/example_dags/example_sla_dag.py                                                                   1           0  23.85s          2026-09-24T20:27:33                      45
/home/airflow/.local/lib/python3.12/site-packages/airflow/example_dags/example_python_decorator.py                                                          1           0  22.97s          2026-09-24T20:25:11                      32
/home/airflow/.local/lib/python3.12/site-packages/airflow/example_dags/example_dynamic_task_mapping_with_no_taskflow_operators.py                           1           0  21.36s          2026-09-24T20:23:26                      10
/home/airflow/.local/lib/python3.12/site-packages/airflow/example_dags/example_setup_teardown.py                                                            1           0  21.22s          2026-09-24T20:24:15                       9
/home/airflow/.local/lib/python3.12/site-packages/airflow/example_dags/example_xcomargs.py                                                                  2           0  20.84s          2026-09-24T20:26:38                      45
/home/airflow/.local/lib/python3.12/site-packages/airflow/example_dags/example_latest_only_with_trigger.py                                                  1           0  19.54s          2026-09-24T20:27:53                      45
/home/airflow/.local/lib/python3.12/site-packages/airflow/example_dags/tutorial_objectstorage.py                                                            1           0  18.60s          2026-09-24T20:23:58                      10
/home/airflow/.local/lib/python3.12/site-packages/airflow/example_dags/example_latest_only.py                                                               1           0  16.48s          2026-09-24T20:24:15                      11
/home/airflow/.local/lib/python3.12/site-packages/airflow/example_dags/example_params_ui_tutorial.py                                                        1           0  15.82s          2026-09-24T20:25:42                      10
/home/airflow/.local/lib/python3.12/site-packages/airflow/example_dags/example_setup_teardown_taskflow.py                                                   1           0  15.36s          2026-09-24T20:27:55                      43
/home/airflow/.local/lib/python3.12/site-packages/airflow/example_dags/example_bash_decorator.py                                                            1           0  14.72s          2026-09-24T20:25:26                      32
/home/airflow/.local/lib/python3.12/site-packages/airflow/example_dags/example_sensors.py                                                                   1           0  13.43s          2026-09-24T20:26:24                       9
/home/airflow/.local/lib/python3.12/site-packages/airflow/example_dags/example_params_trigger_ui.py                                                         1           0  13.32s          2026-09-24T20:25:24                      10
/home/airflow/.local/lib/python3.12/site-packages/airflow/example_dags/example_nested_branch_dag.py                                                         1           0  13.02s          2026-09-24T20:23:40                      12
/home/airflow/.local/lib/python3.12/site-packages/airflow/example_dags/example_dynamic_task_mapping.py                                                      1           0  12.46s          2026-09-24T20:23:53                      10
/home/airflow/.local/lib/python3.12/site-packages/airflow/example_dags/example_branch_datetime_operator.py                                                  3           0  11.93s          2026-09-24T20:25:37                      18
/home/airflow/.local/lib/python3.12/site-packages/airflow/example_dags/example_task_group.py                                                                1           0  11.36s          2026-09-24T20:24:27                      10
/home/airflow/.local/lib/python3.12/site-packages/airflow/example_dags/tutorial_taskflow_templates.py                                                       1           0  10.44s          2026-09-24T20:26:17                      12
/home/airflow/.local/lib/python3.12/site-packages/airflow/example_dags/example_task_group_decorator.py                                                      1           0  10.01s          2026-09-24T20:25:56                      10
/home/airflow/.local/lib/python3.12/site-packages/airflow/example_dags/example_bash_operator.py                                                             1           0  8.93s           2026-09-24T20:25:46                      12
/home/airflow/.local/lib/python3.12/site-packages/airflow/example_dags/example_xcom.py                                                                      1           0  7.62s           2026-09-24T20:25:11                      12
/home/airflow/.local/lib/python3.12/site-packages/airflow/example_dags/example_display_name.py                                                              1           0  6.71s           2026-09-24T20:26:05                      10
/home/airflow/.local/lib/python3.12/site-packages/airflow/example_dags/tutorial_taskflow_api.py                                      386  30.10s            0           0                                                            0
/home/airflow/.local/lib/python3.12/site-packages/airflow/example_dags/example_short_circuit_decorator.py                            387  28.75s            0           0                                                            0
/home/airflow/.local/lib/python3.12/site-packages/airflow/example_dags/example_branch_python_dop_operator_3.py                                              0           0                                                            0
/home/airflow/.local/lib/python3.12/site-packages/airflow/example_dags/example_local_kubernetes_executor.py                                                 0           0                                                            0
/home/airflow/.local/lib/python3.12/site-packages/airflow/example_dags/example_passing_params_via_test_command.py                                           0           0                                                            0
/home/airflow/.local/lib/python3.12/site-packages/airflow/example_dags/example_complex.py                                                                   0           0                                                            0
/home/airflow/.local/lib/python3.12/site-packages/airflow/example_dags/example_branch_operator.py                                                           0           0                                                            0
/home/airflow/.local/lib/python3.12/site-packages/airflow/example_dags/example_external_task_marker_dag.py                                                  0           0                                                            0
/home/airflow/.local/lib/python3.12/site-packages/airflow/example_dags/example_skip_dag.py                                                                  0           0                                                            0
/home/airflow/.local/lib/python3.12/site-packages/airflow/example_dags/example_trigger_target_dag.py                                                        0           0                                                            0
/home/airflow/.local/lib/python3.12/site-packages/airflow/example_dags/example_subdag_operator.py                                                           0           0                                                            0
/home/airflow/.local/lib/python3.12/site-packages/airflow/example_dags/example_datasets.py                                                                  0           0                                                            0
/home/airflow/.local/lib/python3.12/site-packages/airflow/example_dags/example_short_circuit_operator.py                                                    0           0                                                            0
/home/airflow/.local/lib/python3.12/site-packages/airflow/example_dags/example_python_operator.py                                                           0           0                                                            0
/home/airflow/.local/lib/python3.12/site-packages/airflow/example_dags/example_dataset_alias_with_no_taskflow.py                                            0           0                                                            0
/home/airflow/.local/lib/python3.12/site-packages/airflow/example_dags/tutorial.py                                                                          0           0                                                            0
/home/airflow/.local/lib/python3.12/site-packages/airflow/example_dags/example_time_delta_sensor_async.py                                                   0           0                                                            0
/home/airflow/.local/lib/python3.12/site-packages/airflow/example_dags/example_branch_day_of_week_operator.py                                               0           0                                                            0
/home/airflow/.local/lib/python3.12/site-packages/airflow/example_dags/tutorial_dag.py                                                                      0           0                                                            0
/home/airflow/.local/lib/python3.12/site-packages/airflow/example_dags/subdags/subdag.py                                                                    0           0                                                            0
/home/airflow/.local/lib/python3.12/site-packages/airflow/example_dags/plugins/event_listener.py                                                            0           0                                                            0
/home/airflow/.local/lib/python3.12/site-packages/airflow/example_dags/plugins/decreasing_priority_weight_strategy.py                                       0           0                                                            0
/home/airflow/.local/lib/python3.12/site-packages/airflow/example_dags/plugins/workday.py                                                                   0           0                                                            0
/home/airflow/.local/lib/python3.12/site-packages/airflow/example_dags/plugins/listener_plugin.py                                                           0           0                                                            0
================================================================================
[2026-09-24T20:30:02.349+0000] {manager.py:997} INFO - 
================================================================================
DAG File Processing Stats

File Path                                                                                                                            PID  Runtime      # DAGs    # Errors  Last Runtime    Last Run               Last # of DB Queries
---------------------------------------------------------------------------------------------------------------------------------  -----  ---------  --------  ----------  --------------  -------------------  ----------------------
/home/airflow/.local/lib/python3.12/site-packages/airflow/example_dags/example_outlet_event_extra.py                                                        0           1  46.69s          2026-09-24T20:27:11                       3
/home/airflow/.local/lib/python3.12/site-packages/airflow/example_dags/tutorial_taskflow_api.py                                                             1           0  44.31s          2026-09-24T20:29:43                      43
/home/airflow/.local/lib/python3.12/site-packages/airflow/example_dags/example_short_circuit_decorator.py                                                   1           0  44.27s          2026-09-24T20:29:45                      43
/home/airflow/.local/lib/python3.12/site-packages/airflow/example_dags/example_dataset_alias.py                                                             0           1  35.45s          2026-09-24T20:28:30                       3
/home/airflow/.local/lib/python3.12/site-packages/airflow/example_dags/example_branch_operator_decorator.py                                                 1           0  35.05s          2026-09-24T20:25:03                      34
/home/airflow/.local/lib/python3.12/site-packages/airflow/example_dags/example_inlet_event_extra.py                                                         0           1  33.65s          2026-09-24T20:23:40                       5
/home/airflow/.local/lib/python3.12/site-packages/airflow/example_dags/example_trigger_controller_dag.py                                                    1           0  33.44s          2026-09-24T20:28:59                      45
/home/airflow/.local/lib/python3.12/site-packages/airflow/example_dags/tutorial_taskflow_api_virtualenv.py                                                  1           0  31.50s          2026-09-24T20:24:47                      32
/home/airflow/.local/lib/python3.12/site-packages/airflow/example_dags/example_kubernetes_executor.py                                                       1           0  31.02s          2026-09-24T20:27:09                      43
/home/airflow/.local/lib/python3.12/site-packages/airflow/example_dags/example_branch_labels.py                                                             1           0  28.87s          2026-09-24T20:28:59                      45
/home/airflow/.local/lib/python3.12/site-packages/airflow/example_dags/example_sensor_decorator.py                                                          1           0  28.19s          2026-09-24T20:28:24                      43
/home/airflow/.local/lib/python3.12/site-packages/airflow/example_dags/example_workday_timetable.py                                                         1           0  27.71s          2026-09-24T20:27:39                      45
/home/airflow/.local/lib/python3.12/site-packages/airflow/example_dags/example_dag_decorator.py                                                             1           0  26.56s          2026-09-24T20:26:09                      32
/home/airflow/.local/lib/python3.12/site-packages/airflow/example_dags/example_sla_dag.py                                                                   1           0  23.85s          2026-09-24T20:27:33                      45
/home/airflow/.local/lib/python3.12/site-packages/airflow/example_dags/example_python_decorator.py                                                          1           0  22.97s          2026-09-24T20:25:11                      32
/home/airflow/.local/lib/python3.12/site-packages/airflow/example_dags/example_dynamic_task_mapping_with_no_taskflow_operators.py                           1           0  21.36s          2026-09-24T20:23:26                      10
/home/airflow/.local/lib/python3.12/site-packages/airflow/example_dags/example_setup_teardown.py                                                            1           0  21.22s          2026-09-24T20:24:15                       9
/home/airflow/.local/lib/python3.12/site-packages/airflow/example_dags/example_xcomargs.py                                                                  2           0  20.84s          2026-09-24T20:26:38                      45
/home/airflow/.local/lib/python3.12/site-packages/airflow/example_dags/example_latest_only_with_trigger.py                                                  1           0  19.54s          2026-09-24T20:27:53                      45
/home/airflow/.local/lib/python3.12/site-packages/airflow/example_dags/tutorial_objectstorage.py                                                            1           0  18.60s          2026-09-24T20:23:58                      10
/home/airflow/.local/lib/python3.12/site-packages/airflow/example_dags/example_latest_only.py                                                               1           0  16.48s          2026-09-24T20:24:15                      11
/home/airflow/.local/lib/python3.12/site-packages/airflow/example_dags/example_params_ui_tutorial.py                                                        1           0  15.82s          2026-09-24T20:25:42                      10
/home/airflow/.local/lib/python3.12/site-packages/airflow/example_dags/example_setup_teardown_taskflow.py                                                   1           0  15.36s          2026-09-24T20:27:55                      43
/home/airflow/.local/lib/python3.12/site-packages/airflow/example_dags/example_bash_decorator.py                                                            1           0  14.72s          2026-09-24T20:25:26                      32
/home/airflow/.local/lib/python3.12/site-packages/airflow/example_dags/example_sensors.py                                                                   1           0  13.43s          2026-09-24T20:26:24                       9
/home/airflow/.local/lib/python3.12/site-packages/airflow/example_dags/example_params_trigger_ui.py                                                         1           0  13.32s          2026-09-24T20:25:24                      10
/home/airflow/.local/lib/python3.12/site-packages/airflow/example_dags/example_nested_branch_dag.py                                                         1           0  13.02s          2026-09-24T20:23:40                      12
/home/airflow/.local/lib/python3.12/site-packages/airflow/example_dags/example_dynamic_task_mapping.py                                                      1           0  12.46s          2026-09-24T20:23:53                      10
/home/airflow/.local/lib/python3.12/site-packages/airflow/example_dags/example_branch_datetime_operator.py                                                  3           0  11.93s          2026-09-24T20:25:37                      18
/home/airflow/.local/lib/python3.12/site-packages/airflow/example_dags/example_task_group.py                                                                1           0  11.36s          2026-09-24T20:24:27                      10
/home/airflow/.local/lib/python3.12/site-packages/airflow/example_dags/tutorial_taskflow_templates.py                                                       1           0  10.44s          2026-09-24T20:26:17                      12
/home/airflow/.local/lib/python3.12/site-packages/airflow/example_dags/example_task_group_decorator.py                                                      1           0  10.01s          2026-09-24T20:25:56                      10
/home/airflow/.local/lib/python3.12/site-packages/airflow/example_dags/example_bash_operator.py                                                             1           0  8.93s           2026-09-24T20:25:46                      12
/home/airflow/.local/lib/python3.12/site-packages/airflow/example_dags/example_xcom.py                                                                      1           0  7.62s           2026-09-24T20:25:11                      12
/home/airflow/.local/lib/python3.12/site-packages/airflow/example_dags/example_display_name.py                                                              1           0  6.71s           2026-09-24T20:26:05                      10
/home/airflow/.local/lib/python3.12/site-packages/airflow/example_dags/example_branch_python_dop_operator_3.py                       394  17.68s            0           0                                                            0
/home/airflow/.local/lib/python3.12/site-packages/airflow/example_dags/example_local_kubernetes_executor.py                          395  13.69s            0           0                                                            0
/home/airflow/.local/lib/python3.12/site-packages/airflow/example_dags/example_passing_params_via_test_command.py                                           0           0                                                            0
/home/airflow/.local/lib/python3.12/site-packages/airflow/example_dags/example_complex.py                                                                   0           0                                                            0
/home/airflow/.local/lib/python3.12/site-packages/airflow/example_dags/example_branch_operator.py                                                           0           0                                                            0
/home/airflow/.local/lib/python3.12/site-packages/airflow/example_dags/example_external_task_marker_dag.py                                                  0           0                                                            0
/home/airflow/.local/lib/python3.12/site-packages/airflow/example_dags/example_skip_dag.py                                                                  0           0                                                            0
/home/airflow/.local/lib/python3.12/site-packages/airflow/example_dags/example_trigger_target_dag.py                                                        0           0                                                            0
/home/airflow/.local/lib/python3.12/site-packages/airflow/example_dags/example_subdag_operator.py                                                           0           0                                                            0
/home/airflow/.local/lib/python3.12/site-packages/airflow/example_dags/example_datasets.py                                                                  0           0                                                            0
/home/airflow/.local/lib/python3.12/site-packages/airflow/example_dags/example_short_circuit_operator.py                                                    0           0                                                            0
/home/airflow/.local/lib/python3.12/site-packages/airflow/example_dags/example_python_operator.py                                                           0           0                                                            0
/home/airflow/.local/lib/python3.12/site-packages/airflow/example_dags/example_dataset_alias_with_no_taskflow.py                                            0           0                                                            0
/home/airflow/.local/lib/python3.12/site-packages/airflow/example_dags/tutorial.py                                                                          0           0                                                            0
/home/airflow/.local/lib/python3.12/site-packages/airflow/example_dags/example_time_delta_sensor_async.py                                                   0           0                                                            0
/home/airflow/.local/lib/python3.12/site-packages/airflow/example_dags/example_branch_day_of_week_operator.py                                               0           0                                                            0
/home/airflow/.local/lib/python3.12/site-packages/airflow/example_dags/tutorial_dag.py                                                                      0           0                                                            0
/home/airflow/.local/lib/python3.12/site-packages/airflow/example_dags/subdags/subdag.py                                                                    0           0                                                            0
/home/airflow/.local/lib/python3.12/site-packages/airflow/example_dags/plugins/event_listener.py                                                            0           0                                                            0
/home/airflow/.local/lib/python3.12/site-packages/airflow/example_dags/plugins/decreasing_priority_weight_strategy.py                                       0           0                                                            0
/home/airflow/.local/lib/python3.12/site-packages/airflow/example_dags/plugins/workday.py                                                                   0           0                                                            0
/home/airflow/.local/lib/python3.12/site-packages/airflow/example_dags/plugins/listener_plugin.py                                                           0           0                                                            0
================================================================================
[2026-09-24T20:30:33.185+0000] {manager.py:997} INFO - 
================================================================================
DAG File Processing Stats

File Path                                                                                                                            PID  Runtime      # DAGs    # Errors  Last Runtime    Last Run               Last # of DB Queries
---------------------------------------------------------------------------------------------------------------------------------  -----  ---------  --------  ----------  --------------  -------------------  ----------------------
/home/airflow/.local/lib/python3.12/site-packages/airflow/example_dags/example_outlet_event_extra.py                                                        0           1  46.69s          2026-09-24T20:27:11                       3
/home/airflow/.local/lib/python3.12/site-packages/airflow/example_dags/example_branch_python_dop_operator_3.py                                              1           0  45.46s          2026-09-24T20:30:29                      45
/home/airflow/.local/lib/python3.12/site-packages/airflow/example_dags/tutorial_taskflow_api.py                                                             1           0  44.31s          2026-09-24T20:29:43                      43
/home/airflow/.local/lib/python3.12/site-packages/airflow/example_dags/example_short_circuit_decorator.py                                                   1           0  44.27s          2026-09-24T20:29:45                      43
/home/airflow/.local/lib/python3.12/site-packages/airflow/example_dags/example_local_kubernetes_executor.py                                                 1           0  39.76s          2026-09-24T20:30:28                      43
/home/airflow/.local/lib/python3.12/site-packages/airflow/example_dags/example_dataset_alias.py                                                             0           1  35.45s          2026-09-24T20:28:30                       3
/home/airflow/.local/lib/python3.12/site-packages/airflow/example_dags/example_branch_operator_decorator.py                                                 1           0  35.05s          2026-09-24T20:25:03                      34
/home/airflow/.local/lib/python3.12/site-packages/airflow/example_dags/example_inlet_event_extra.py                                                         0           1  33.65s          2026-09-24T20:23:40                       5
/home/airflow/.local/lib/python3.12/site-packages/airflow/example_dags/example_trigger_controller_dag.py                                                    1           0  33.44s          2026-09-24T20:28:59                      45
/home/airflow/.local/lib/python3.12/site-packages/airflow/example_dags/tutorial_taskflow_api_virtualenv.py                                                  1           0  31.50s          2026-09-24T20:24:47                      32
/home/airflow/.local/lib/python3.12/site-packages/airflow/example_dags/example_kubernetes_executor.py                                                       1           0  31.02s          2026-09-24T20:27:09                      43
/home/airflow/.local/lib/python3.12/site-packages/airflow/example_dags/example_branch_labels.py                                                             1           0  28.87s          2026-09-24T20:28:59                      45
/home/airflow/.local/lib/python3.12/site-packages/airflow/example_dags/example_sensor_decorator.py                                                          1           0  28.19s          2026-09-24T20:28:24                      43
/home/airflow/.local/lib/python3.12/site-packages/airflow/example_dags/example_workday_timetable.py                                                         1           0  27.71s          2026-09-24T20:27:39                      45
/home/airflow/.local/lib/python3.12/site-packages/airflow/example_dags/example_dag_decorator.py                                                             1           0  26.56s          2026-09-24T20:26:09                      32
/home/airflow/.local/lib/python3.12/site-packages/airflow/example_dags/example_sla_dag.py                                                                   1           0  23.85s          2026-09-24T20:27:33                      45
/home/airflow/.local/lib/python3.12/site-packages/airflow/example_dags/example_python_decorator.py                                                          1           0  22.97s          2026-09-24T20:25:11                      32
/home/airflow/.local/lib/python3.12/site-packages/airflow/example_dags/example_dynamic_task_mapping_with_no_taskflow_operators.py                           1           0  21.36s          2026-09-24T20:23:26                      10
/home/airflow/.local/lib/python3.12/site-packages/airflow/example_dags/example_setup_teardown.py                                                            1           0  21.22s          2026-09-24T20:24:15                       9
/home/airflow/.local/lib/python3.12/site-packages/airflow/example_dags/example_xcomargs.py                                                                  2           0  20.84s          2026-09-24T20:26:38                      45
/home/airflow/.local/lib/python3.12/site-packages/airflow/example_dags/example_latest_only_with_trigger.py                                                  1           0  19.54s          2026-09-24T20:27:53                      45
/home/airflow/.local/lib/python3.12/site-packages/airflow/example_dags/tutorial_objectstorage.py                                                            1           0  18.60s          2026-09-24T20:23:58                      10
/home/airflow/.local/lib/python3.12/site-packages/airflow/example_dags/example_latest_only.py                                                               1           0  16.48s          2026-09-24T20:24:15                      11
/home/airflow/.local/lib/python3.12/site-packages/airflow/example_dags/example_params_ui_tutorial.py                                                        1           0  15.82s          2026-09-24T20:25:42                      10
/home/airflow/.local/lib/python3.12/site-packages/airflow/example_dags/example_setup_teardown_taskflow.py                                                   1           0  15.36s          2026-09-24T20:27:55                      43
/home/airflow/.local/lib/python3.12/site-packages/airflow/example_dags/example_bash_decorator.py                                                            1           0  14.72s          2026-09-24T20:25:26                      32
/home/airflow/.local/lib/python3.12/site-packages/airflow/example_dags/example_sensors.py                                                                   1           0  13.43s          2026-09-24T20:26:24                       9
/home/airflow/.local/lib/python3.12/site-packages/airflow/example_dags/example_params_trigger_ui.py                                                         1           0  13.32s          2026-09-24T20:25:24                      10
/home/airflow/.local/lib/python3.12/site-packages/airflow/example_dags/example_nested_branch_dag.py                                                         1           0  13.02s          2026-09-24T20:23:40                      12
/home/airflow/.local/lib/python3.12/site-packages/airflow/example_dags/example_dynamic_task_mapping.py                                                      1           0  12.46s          2026-09-24T20:23:53                      10
/home/airflow/.local/lib/python3.12/site-packages/airflow/example_dags/example_branch_datetime_operator.py                                                  3           0  11.93s          2026-09-24T20:25:37                      18
/home/airflow/.local/lib/python3.12/site-packages/airflow/example_dags/example_task_group.py                                                                1           0  11.36s          2026-09-24T20:24:27                      10
/home/airflow/.local/lib/python3.12/site-packages/airflow/example_dags/tutorial_taskflow_templates.py                                                       1           0  10.44s          2026-09-24T20:26:17                      12
/home/airflow/.local/lib/python3.12/site-packages/airflow/example_dags/example_task_group_decorator.py                                                      1           0  10.01s          2026-09-24T20:25:56                      10
/home/airflow/.local/lib/python3.12/site-packages/airflow/example_dags/example_bash_operator.py                                                             1           0  8.93s           2026-09-24T20:25:46                      12
/home/airflow/.local/lib/python3.12/site-packages/airflow/example_dags/example_xcom.py                                                                      1           0  7.62s           2026-09-24T20:25:11                      12
/home/airflow/.local/lib/python3.12/site-packages/airflow/example_dags/example_display_name.py                                                              1           0  6.71s           2026-09-24T20:26:05                      10
/home/airflow/.local/lib/python3.12/site-packages/airflow/example_dags/example_passing_params_via_test_command.py                    401  4.05s             0           0                                                            0
/home/airflow/.local/lib/python3.12/site-packages/airflow/example_dags/example_complex.py                                            402  1.23s             0           0                                                            0
/home/airflow/.local/lib/python3.12/site-packages/airflow/example_dags/example_branch_operator.py                                                           0           0                                                            0
/home/airflow/.local/lib/python3.12/site-packages/airflow/example_dags/example_external_task_marker_dag.py                                                  0           0                                                            0
/home/airflow/.local/lib/python3.12/site-packages/airflow/example_dags/example_skip_dag.py                                                                  0           0                                                            0
/home/airflow/.local/lib/python3.12/site-packages/airflow/example_dags/example_trigger_target_dag.py                                                        0           0                                                            0
/home/airflow/.local/lib/python3.12/site-packages/airflow/example_dags/example_subdag_operator.py                                                           0           0                                                            0
/home/airflow/.local/lib/python3.12/site-packages/airflow/example_dags/example_datasets.py                                                                  0           0                                                            0
/home/airflow/.local/lib/python3.12/site-packages/airflow/example_dags/example_short_circuit_operator.py                                                    0           0                                                            0
/home/airflow/.local/lib/python3.12/site-packages/airflow/example_dags/example_python_operator.py                                                           0           0                                                            0
/home/airflow/.local/lib/python3.12/site-packages/airflow/example_dags/example_dataset_alias_with_no_taskflow.py                                            0           0                                                            0
/home/airflow/.local/lib/python3.12/site-packages/airflow/example_dags/tutorial.py                                                                          0           0                                                            0
/home/airflow/.local/lib/python3.12/site-packages/airflow/example_dags/example_time_delta_sensor_async.py                                                   0           0                                                            0
/home/airflow/.local/lib/python3.12/site-packages/airflow/example_dags/example_branch_day_of_week_operator.py                                               0           0                                                            0
/home/airflow/.local/lib/python3.12/site-packages/airflow/example_dags/tutorial_dag.py                                                                      0           0                                                            0
/home/airflow/.local/lib/python3.12/site-packages/airflow/example_dags/subdags/subdag.py                                                                    0           0                                                            0
/home/airflow/.local/lib/python3.12/site-packages/airflow/example_dags/plugins/event_listener.py                                                            0           0                                                            0
/home/airflow/.local/lib/python3.12/site-packages/airflow/example_dags/plugins/decreasing_priority_weight_strategy.py                                       0           0                                                            0
/home/airflow/.local/lib/python3.12/site-packages/airflow/example_dags/plugins/workday.py                                                                   0           0                                                            0
/home/airflow/.local/lib/python3.12/site-packages/airflow/example_dags/plugins/listener_plugin.py                                                           0           0                                                            0
================================================================================
[2026-09-24T20:31:04.097+0000] {manager.py:997} INFO - 
================================================================================
DAG File Processing Stats

File Path                                                                                                                            PID  Runtime      # DAGs    # Errors  Last Runtime    Last Run               Last # of DB Queries
---------------------------------------------------------------------------------------------------------------------------------  -----  ---------  --------  ----------  --------------  -------------------  ----------------------
/home/airflow/.local/lib/python3.12/site-packages/airflow/example_dags/example_outlet_event_extra.py                                                        0           1  46.69s          2026-09-24T20:27:11                       3
/home/airflow/.local/lib/python3.12/site-packages/airflow/example_dags/example_branch_python_dop_operator_3.py                                              1           0  45.46s          2026-09-24T20:30:29                      45
/home/airflow/.local/lib/python3.12/site-packages/airflow/example_dags/tutorial_taskflow_api.py                                                             1           0  44.31s          2026-09-24T20:29:43                      43
/home/airflow/.local/lib/python3.12/site-packages/airflow/example_dags/example_short_circuit_decorator.py                                                   1           0  44.27s          2026-09-24T20:29:45                      43
/home/airflow/.local/lib/python3.12/site-packages/airflow/example_dags/example_local_kubernetes_executor.py                                                 1           0  39.76s          2026-09-24T20:30:28                      43
/home/airflow/.local/lib/python3.12/site-packages/airflow/example_dags/example_dataset_alias.py                                                             0           1  35.45s          2026-09-24T20:28:30                       3
/home/airflow/.local/lib/python3.12/site-packages/airflow/example_dags/example_branch_operator_decorator.py                                                 1           0  35.05s          2026-09-24T20:25:03                      34
/home/airflow/.local/lib/python3.12/site-packages/airflow/example_dags/example_inlet_event_extra.py                                                         0           1  33.65s          2026-09-24T20:23:40                       5
/home/airflow/.local/lib/python3.12/site-packages/airflow/example_dags/example_trigger_controller_dag.py                                                    1           0  33.44s          2026-09-24T20:28:59                      45
/home/airflow/.local/lib/python3.12/site-packages/airflow/example_dags/tutorial_taskflow_api_virtualenv.py                                                  1           0  31.50s          2026-09-24T20:24:47                      32
/home/airflow/.local/lib/python3.12/site-packages/airflow/example_dags/example_kubernetes_executor.py                                                       1           0  31.02s          2026-09-24T20:27:09                      43
/home/airflow/.local/lib/python3.12/site-packages/airflow/example_dags/example_branch_labels.py                                                             1           0  28.87s          2026-09-24T20:28:59                      45
/home/airflow/.local/lib/python3.12/site-packages/airflow/example_dags/example_passing_params_via_test_command.py                                           1           0  28.28s          2026-09-24T20:30:56                      45
/home/airflow/.local/lib/python3.12/site-packages/airflow/example_dags/example_sensor_decorator.py                                                          1           0  28.19s          2026-09-24T20:28:24                      43
/home/airflow/.local/lib/python3.12/site-packages/airflow/example_dags/example_workday_timetable.py                                                         1           0  27.71s          2026-09-24T20:27:39                      45
/home/airflow/.local/lib/python3.12/site-packages/airflow/example_dags/example_dag_decorator.py                                                             1           0  26.56s          2026-09-24T20:26:09                      32
/home/airflow/.local/lib/python3.12/site-packages/airflow/example_dags/example_complex.py                                                                   1           0  24.20s          2026-09-24T20:30:55                      43
/home/airflow/.local/lib/python3.12/site-packages/airflow/example_dags/example_sla_dag.py                                                                   1           0  23.85s          2026-09-24T20:27:33                      45
/home/airflow/.local/lib/python3.12/site-packages/airflow/example_dags/example_python_decorator.py                                                          1           0  22.97s          2026-09-24T20:25:11                      32
/home/airflow/.local/lib/python3.12/site-packages/airflow/example_dags/example_dynamic_task_mapping_with_no_taskflow_operators.py                           1           0  21.36s          2026-09-24T20:23:26                      10
/home/airflow/.local/lib/python3.12/site-packages/airflow/example_dags/example_setup_teardown.py                                                            1           0  21.22s          2026-09-24T20:24:15                       9
/home/airflow/.local/lib/python3.12/site-packages/airflow/example_dags/example_xcomargs.py                                                                  2           0  20.84s          2026-09-24T20:26:38                      45
/home/airflow/.local/lib/python3.12/site-packages/airflow/example_dags/example_latest_only_with_trigger.py                                                  1           0  19.54s          2026-09-24T20:27:53                      45
/home/airflow/.local/lib/python3.12/site-packages/airflow/example_dags/tutorial_objectstorage.py                                                            1           0  18.60s          2026-09-24T20:23:58                      10
/home/airflow/.local/lib/python3.12/site-packages/airflow/example_dags/example_latest_only.py                                                               1           0  16.48s          2026-09-24T20:24:15                      11
/home/airflow/.local/lib/python3.12/site-packages/airflow/example_dags/example_params_ui_tutorial.py                                                        1           0  15.82s          2026-09-24T20:25:42                      10
/home/airflow/.local/lib/python3.12/site-packages/airflow/example_dags/example_setup_teardown_taskflow.py                                                   1           0  15.36s          2026-09-24T20:27:55                      43
/home/airflow/.local/lib/python3.12/site-packages/airflow/example_dags/example_bash_decorator.py                                                            1           0  14.72s          2026-09-24T20:25:26                      32
/home/airflow/.local/lib/python3.12/site-packages/airflow/example_dags/example_sensors.py                                                                   1           0  13.43s          2026-09-24T20:26:24                       9
/home/airflow/.local/lib/python3.12/site-packages/airflow/example_dags/example_params_trigger_ui.py                                                         1           0  13.32s          2026-09-24T20:25:24                      10
/home/airflow/.local/lib/python3.12/site-packages/airflow/example_dags/example_nested_branch_dag.py                                                         1           0  13.02s          2026-09-24T20:23:40                      12
/home/airflow/.local/lib/python3.12/site-packages/airflow/example_dags/example_dynamic_task_mapping.py                                                      1           0  12.46s          2026-09-24T20:23:53                      10
/home/airflow/.local/lib/python3.12/site-packages/airflow/example_dags/example_branch_datetime_operator.py                                                  3           0  11.93s          2026-09-24T20:25:37                      18
/home/airflow/.local/lib/python3.12/site-packages/airflow/example_dags/example_task_group.py                                                                1           0  11.36s          2026-09-24T20:24:27                      10
/home/airflow/.local/lib/python3.12/site-packages/airflow/example_dags/tutorial_taskflow_templates.py                                                       1           0  10.44s          2026-09-24T20:26:17                      12
/home/airflow/.local/lib/python3.12/site-packages/airflow/example_dags/example_task_group_decorator.py                                                      1           0  10.01s          2026-09-24T20:25:56                      10
/home/airflow/.local/lib/python3.12/site-packages/airflow/example_dags/example_bash_operator.py                                                             1           0  8.93s           2026-09-24T20:25:46                      12
/home/airflow/.local/lib/python3.12/site-packages/airflow/example_dags/example_xcom.py                                                                      1           0  7.62s           2026-09-24T20:25:11                      12
/home/airflow/.local/lib/python3.12/site-packages/airflow/example_dags/example_display_name.py                                                              1           0  6.71s           2026-09-24T20:26:05                      10
/home/airflow/.local/lib/python3.12/site-packages/airflow/example_dags/example_branch_operator.py                                    409  7.22s             0           0                                                            0
/home/airflow/.local/lib/python3.12/site-packages/airflow/example_dags/example_external_task_marker_dag.py                           410  6.41s             0           0                                                            0
/home/airflow/.local/lib/python3.12/site-packages/airflow/example_dags/example_skip_dag.py                                                                  0           0                                                            0
/home/airflow/.local/lib/python3.12/site-packages/airflow/example_dags/example_trigger_target_dag.py                                                        0           0                                                            0
/home/airflow/.local/lib/python3.12/site-packages/airflow/example_dags/example_subdag_operator.py                                                           0           0                                                            0
/home/airflow/.local/lib/python3.12/site-packages/airflow/example_dags/example_datasets.py                                                                  0           0                                                            0
/home/airflow/.local/lib/python3.12/site-packages/airflow/example_dags/example_short_circuit_operator.py                                                    0           0                                                            0
/home/airflow/.local/lib/python3.12/site-packages/airflow/example_dags/example_python_operator.py                                                           0           0                                                            0
/home/airflow/.local/lib/python3.12/site-packages/airflow/example_dags/example_dataset_alias_with_no_taskflow.py                                            0           0                                                            0
/home/airflow/.local/lib/python3.12/site-packages/airflow/example_dags/tutorial.py                                                                          0           0                                                            0
/home/airflow/.local/lib/python3.12/site-packages/airflow/example_dags/example_time_delta_sensor_async.py                                                   0           0                                                            0
/home/airflow/.local/lib/python3.12/site-packages/airflow/example_dags/example_branch_day_of_week_operator.py                                               0           0                                                            0
/home/airflow/.local/lib/python3.12/site-packages/airflow/example_dags/tutorial_dag.py                                                                      0           0                                                            0
/home/airflow/.local/lib/python3.12/site-packages/airflow/example_dags/subdags/subdag.py                                                                    0           0                                                            0
/home/airflow/.local/lib/python3.12/site-packages/airflow/example_dags/plugins/event_listener.py                                                            0           0                                                            0
/home/airflow/.local/lib/python3.12/site-packages/airflow/example_dags/plugins/decreasing_priority_weight_strategy.py                                       0           0                                                            0
/home/airflow/.local/lib/python3.12/site-packages/airflow/example_dags/plugins/workday.py                                                                   0           0                                                            0
/home/airflow/.local/lib/python3.12/site-packages/airflow/example_dags/plugins/listener_plugin.py                                                           0           0                                                            0
================================================================================
[2026-09-24T20:31:36.071+0000] {manager.py:997} INFO - 
================================================================================
DAG File Processing Stats

File Path                                                                                                                            PID  Runtime      # DAGs    # Errors  Last Runtime    Last Run               Last # of DB Queries
---------------------------------------------------------------------------------------------------------------------------------  -----  ---------  --------  ----------  --------------  -------------------  ----------------------
/home/airflow/.local/lib/python3.12/site-packages/airflow/example_dags/example_outlet_event_extra.py                                                        0           1  46.69s          2026-09-24T20:27:11                       3
/home/airflow/.local/lib/python3.12/site-packages/airflow/example_dags/example_branch_python_dop_operator_3.py                                              1           0  45.46s          2026-09-24T20:30:29                      45
/home/airflow/.local/lib/python3.12/site-packages/airflow/example_dags/tutorial_taskflow_api.py                                                             1           0  44.31s          2026-09-24T20:29:43                      43
/home/airflow/.local/lib/python3.12/site-packages/airflow/example_dags/example_short_circuit_decorator.py                                                   1           0  44.27s          2026-09-24T20:29:45                      43
/home/airflow/.local/lib/python3.12/site-packages/airflow/example_dags/example_local_kubernetes_executor.py                                                 1           0  39.76s          2026-09-24T20:30:28                      43
/home/airflow/.local/lib/python3.12/site-packages/airflow/example_dags/example_dataset_alias.py                                                             0           1  35.45s          2026-09-24T20:28:30                       3
/home/airflow/.local/lib/python3.12/site-packages/airflow/example_dags/example_branch_operator_decorator.py                                                 1           0  35.05s          2026-09-24T20:25:03                      34
/home/airflow/.local/lib/python3.12/site-packages/airflow/example_dags/example_inlet_event_extra.py                                                         0           1  33.65s          2026-09-24T20:23:40                       5
/home/airflow/.local/lib/python3.12/site-packages/airflow/example_dags/example_trigger_controller_dag.py                                                    1           0  33.44s          2026-09-24T20:28:59                      45
/home/airflow/.local/lib/python3.12/site-packages/airflow/example_dags/tutorial_taskflow_api_virtualenv.py                                                  1           0  31.50s          2026-09-24T20:24:47                      32
/home/airflow/.local/lib/python3.12/site-packages/airflow/example_dags/example_kubernetes_executor.py                                                       1           0  31.02s          2026-09-24T20:27:09                      43
/home/airflow/.local/lib/python3.12/site-packages/airflow/example_dags/example_branch_labels.py                                                             1           0  28.87s          2026-09-24T20:28:59                      45
/home/airflow/.local/lib/python3.12/site-packages/airflow/example_dags/example_passing_params_via_test_command.py                                           1           0  28.28s          2026-09-24T20:30:56                      45
/home/airflow/.local/lib/python3.12/site-packages/airflow/example_dags/example_sensor_decorator.py                                                          1           0  28.19s          2026-09-24T20:28:24                      43
/home/airflow/.local/lib/python3.12/site-packages/airflow/example_dags/example_workday_timetable.py                                                         1           0  27.71s          2026-09-24T20:27:39                      45
/home/airflow/.local/lib/python3.12/site-packages/airflow/example_dags/example_dag_decorator.py                                                             1           0  26.56s          2026-09-24T20:26:09                      32
/home/airflow/.local/lib/python3.12/site-packages/airflow/example_dags/example_complex.py                                                                   1           0  24.20s          2026-09-24T20:30:55                      43
/home/airflow/.local/lib/python3.12/site-packages/airflow/example_dags/example_sla_dag.py                                                                   1           0  23.85s          2026-09-24T20:27:33                      45
/home/airflow/.local/lib/python3.12/site-packages/airflow/example_dags/example_python_decorator.py                                                          1           0  22.97s          2026-09-24T20:25:11                      32
/home/airflow/.local/lib/python3.12/site-packages/airflow/example_dags/example_dynamic_task_mapping_with_no_taskflow_operators.py                           1           0  21.36s          2026-09-24T20:23:26                      10
/home/airflow/.local/lib/python3.12/site-packages/airflow/example_dags/example_setup_teardown.py                                                            1           0  21.22s          2026-09-24T20:24:15                       9
/home/airflow/.local/lib/python3.12/site-packages/airflow/example_dags/example_xcomargs.py                                                                  2           0  20.84s          2026-09-24T20:26:38                      45
/home/airflow/.local/lib/python3.12/site-packages/airflow/example_dags/example_latest_only_with_trigger.py                                                  1           0  19.54s          2026-09-24T20:27:53                      45
/home/airflow/.local/lib/python3.12/site-packages/airflow/example_dags/tutorial_objectstorage.py                                                            1           0  18.60s          2026-09-24T20:23:58                      10
/home/airflow/.local/lib/python3.12/site-packages/airflow/example_dags/example_latest_only.py                                                               1           0  16.48s          2026-09-24T20:24:15                      11
/home/airflow/.local/lib/python3.12/site-packages/airflow/example_dags/example_params_ui_tutorial.py                                                        1           0  15.82s          2026-09-24T20:25:42                      10
/home/airflow/.local/lib/python3.12/site-packages/airflow/example_dags/example_setup_teardown_taskflow.py                                                   1           0  15.36s          2026-09-24T20:27:55                      43
/home/airflow/.local/lib/python3.12/site-packages/airflow/example_dags/example_skip_dag.py                                                                  1           0  14.89s          2026-09-24T20:31:25                      45
/home/airflow/.local/lib/python3.12/site-packages/airflow/example_dags/example_bash_decorator.py                                                            1           0  14.72s          2026-09-24T20:25:26                      32
/home/airflow/.local/lib/python3.12/site-packages/airflow/example_dags/example_branch_operator.py                                                           1           0  13.69s          2026-09-24T20:31:10                      45
/home/airflow/.local/lib/python3.12/site-packages/airflow/example_dags/example_sensors.py                                                                   1           0  13.43s          2026-09-24T20:26:24                       9
/home/airflow/.local/lib/python3.12/site-packages/airflow/example_dags/example_params_trigger_ui.py                                                         1           0  13.32s          2026-09-24T20:25:24                      10
/home/airflow/.local/lib/python3.12/site-packages/airflow/example_dags/example_external_task_marker_dag.py                                                  2           0  13.29s          2026-09-24T20:31:10                      79
/home/airflow/.local/lib/python3.12/site-packages/airflow/example_dags/example_nested_branch_dag.py                                                         1           0  13.02s          2026-09-24T20:23:40                      12
/home/airflow/.local/lib/python3.12/site-packages/airflow/example_dags/example_dynamic_task_mapping.py                                                      1           0  12.46s          2026-09-24T20:23:53                      10
/home/airflow/.local/lib/python3.12/site-packages/airflow/example_dags/example_trigger_target_dag.py                                                        1           0  12.42s          2026-09-24T20:31:23                      43
/home/airflow/.local/lib/python3.12/site-packages/airflow/example_dags/example_branch_datetime_operator.py                                                  3           0  11.93s          2026-09-24T20:25:37                      18
/home/airflow/.local/lib/python3.12/site-packages/airflow/example_dags/example_task_group.py                                                                1           0  11.36s          2026-09-24T20:24:27                      10
/home/airflow/.local/lib/python3.12/site-packages/airflow/example_dags/tutorial_taskflow_templates.py                                                       1           0  10.44s          2026-09-24T20:26:17                      12
/home/airflow/.local/lib/python3.12/site-packages/airflow/example_dags/example_task_group_decorator.py                                                      1           0  10.01s          2026-09-24T20:25:56                      10
/home/airflow/.local/lib/python3.12/site-packages/airflow/example_dags/example_bash_operator.py                                                             1           0  8.93s           2026-09-24T20:25:46                      12
/home/airflow/.local/lib/python3.12/site-packages/airflow/example_dags/example_xcom.py                                                                      1           0  7.62s           2026-09-24T20:25:11                      12
/home/airflow/.local/lib/python3.12/site-packages/airflow/example_dags/example_display_name.py                                                              1           0  6.71s           2026-09-24T20:26:05                      10
/home/airflow/.local/lib/python3.12/site-packages/airflow/example_dags/example_subdag_operator.py                                    413  11.52s            0           0                                                            0
/home/airflow/.local/lib/python3.12/site-packages/airflow/example_dags/example_datasets.py                                           414  8.70s             0           0                                                            0
/home/airflow/.local/lib/python3.12/site-packages/airflow/example_dags/example_short_circuit_operator.py                                                    0           0                                                            0
/home/airflow/.local/lib/python3.12/site-packages/airflow/example_dags/example_python_operator.py                                                           0           0                                                            0
/home/airflow/.local/lib/python3.12/site-packages/airflow/example_dags/example_dataset_alias_with_no_taskflow.py                                            0           0                                                            0
/home/airflow/.local/lib/python3.12/site-packages/airflow/example_dags/tutorial.py                                                                          0           0                                                            0
/home/airflow/.local/lib/python3.12/site-packages/airflow/example_dags/example_time_delta_sensor_async.py                                                   0           0                                                            0
/home/airflow/.local/lib/python3.12/site-packages/airflow/example_dags/example_branch_day_of_week_operator.py                                               0           0                                                            0
/home/airflow/.local/lib/python3.12/site-packages/airflow/example_dags/tutorial_dag.py                                                                      0           0                                                            0
/home/airflow/.local/lib/python3.12/site-packages/airflow/example_dags/subdags/subdag.py                                                                    0           0                                                            0
/home/airflow/.local/lib/python3.12/site-packages/airflow/example_dags/plugins/event_listener.py                                                            0           0                                                            0
/home/airflow/.local/lib/python3.12/site-packages/airflow/example_dags/plugins/decreasing_priority_weight_strategy.py                                       0           0                                                            0
/home/airflow/.local/lib/python3.12/site-packages/airflow/example_dags/plugins/workday.py                                                                   0           0                                                            0
/home/airflow/.local/lib/python3.12/site-packages/airflow/example_dags/plugins/listener_plugin.py                                                           0           0                                                            0
================================================================================
[2026-09-24T20:32:13.154+0000] {manager.py:997} INFO - 
================================================================================
DAG File Processing Stats

File Path                                                                                                                            PID  Runtime      # DAGs    # Errors  Last Runtime    Last Run               Last # of DB Queries
---------------------------------------------------------------------------------------------------------------------------------  -----  ---------  --------  ----------  --------------  -------------------  ----------------------
/home/airflow/.local/lib/python3.12/site-packages/airflow/example_dags/example_outlet_event_extra.py                                                        0           1  46.69s          2026-09-24T20:27:11                       3
/home/airflow/.local/lib/python3.12/site-packages/airflow/example_dags/example_branch_python_dop_operator_3.py                                              1           0  45.46s          2026-09-24T20:30:29                      45
/home/airflow/.local/lib/python3.12/site-packages/airflow/example_dags/tutorial_taskflow_api.py                                                             1           0  44.31s          2026-09-24T20:29:43                      43
/home/airflow/.local/lib/python3.12/site-packages/airflow/example_dags/example_short_circuit_decorator.py                                                   1           0  44.27s          2026-09-24T20:29:45                      43
/home/airflow/.local/lib/python3.12/site-packages/airflow/example_dags/example_local_kubernetes_executor.py                                                 1           0  39.76s          2026-09-24T20:30:28                      43
/home/airflow/.local/lib/python3.12/site-packages/airflow/example_dags/example_dataset_alias.py                                                             0           1  35.45s          2026-09-24T20:28:30                       3
/home/airflow/.local/lib/python3.12/site-packages/airflow/example_dags/example_branch_operator_decorator.py                                                 1           0  35.05s          2026-09-24T20:25:03                      34
/home/airflow/.local/lib/python3.12/site-packages/airflow/example_dags/example_inlet_event_extra.py                                                         0           1  33.65s          2026-09-24T20:23:40                       5
/home/airflow/.local/lib/python3.12/site-packages/airflow/example_dags/example_trigger_controller_dag.py                                                    1           0  33.44s          2026-09-24T20:28:59                      45
/home/airflow/.local/lib/python3.12/site-packages/airflow/example_dags/tutorial_taskflow_api_virtualenv.py                                                  1           0  31.50s          2026-09-24T20:24:47                      32
/home/airflow/.local/lib/python3.12/site-packages/airflow/example_dags/example_kubernetes_executor.py                                                       1           0  31.02s          2026-09-24T20:27:09                      43
/home/airflow/.local/lib/python3.12/site-packages/airflow/example_dags/example_branch_labels.py                                                             1           0  28.87s          2026-09-24T20:28:59                      45
/home/airflow/.local/lib/python3.12/site-packages/airflow/example_dags/example_passing_params_via_test_command.py                                           1           0  28.28s          2026-09-24T20:30:56                      45
/home/airflow/.local/lib/python3.12/site-packages/airflow/example_dags/example_sensor_decorator.py                                                          1           0  28.19s          2026-09-24T20:28:24                      43
/home/airflow/.local/lib/python3.12/site-packages/airflow/example_dags/example_workday_timetable.py                                                         1           0  27.71s          2026-09-24T20:27:39                      45
/home/airflow/.local/lib/python3.12/site-packages/airflow/example_dags/example_dag_decorator.py                                                             1           0  26.56s          2026-09-24T20:26:09                      32
/home/airflow/.local/lib/python3.12/site-packages/airflow/example_dags/example_complex.py                                                                   1           0  24.20s          2026-09-24T20:30:55                      43
/home/airflow/.local/lib/python3.12/site-packages/airflow/example_dags/example_sla_dag.py                                                                   1           0  23.85s          2026-09-24T20:27:33                      45
/home/airflow/.local/lib/python3.12/site-packages/airflow/example_dags/example_python_decorator.py                                                          1           0  22.97s          2026-09-24T20:25:11                      32
/home/airflow/.local/lib/python3.12/site-packages/airflow/example_dags/example_dynamic_task_mapping_with_no_taskflow_operators.py                           1           0  21.36s          2026-09-24T20:23:26                      10
/home/airflow/.local/lib/python3.12/site-packages/airflow/example_dags/example_setup_teardown.py                                                            1           0  21.22s          2026-09-24T20:24:15                       9
/home/airflow/.local/lib/python3.12/site-packages/airflow/example_dags/example_xcomargs.py                                                                  2           0  20.84s          2026-09-24T20:26:38                      45
/home/airflow/.local/lib/python3.12/site-packages/airflow/example_dags/example_latest_only_with_trigger.py                                                  1           0  19.54s          2026-09-24T20:27:53                      45
/home/airflow/.local/lib/python3.12/site-packages/airflow/example_dags/tutorial_objectstorage.py                                                            1           0  18.60s          2026-09-24T20:23:58                      10
/home/airflow/.local/lib/python3.12/site-packages/airflow/example_dags/example_latest_only.py                                                               1           0  16.48s          2026-09-24T20:24:15                      11
/home/airflow/.local/lib/python3.12/site-packages/airflow/example_dags/example_params_ui_tutorial.py                                                        1           0  15.82s          2026-09-24T20:25:42                      10
/home/airflow/.local/lib/python3.12/site-packages/airflow/example_dags/example_setup_teardown_taskflow.py                                                   1           0  15.36s          2026-09-24T20:27:55                      43
/home/airflow/.local/lib/python3.12/site-packages/airflow/example_dags/example_skip_dag.py                                                                  1           0  14.89s          2026-09-24T20:31:25                      45
/home/airflow/.local/lib/python3.12/site-packages/airflow/example_dags/example_bash_decorator.py                                                            1           0  14.72s          2026-09-24T20:25:26                      32
/home/airflow/.local/lib/python3.12/site-packages/airflow/example_dags/example_branch_operator.py                                                           1           0  13.69s          2026-09-24T20:31:10                      45
/home/airflow/.local/lib/python3.12/site-packages/airflow/example_dags/example_sensors.py                                                                   1           0  13.43s          2026-09-24T20:26:24                       9
/home/airflow/.local/lib/python3.12/site-packages/airflow/example_dags/example_params_trigger_ui.py                                                         1           0  13.32s          2026-09-24T20:25:24                      10
/home/airflow/.local/lib/python3.12/site-packages/airflow/example_dags/example_external_task_marker_dag.py                                                  2           0  13.29s          2026-09-24T20:31:10                      79
/home/airflow/.local/lib/python3.12/site-packages/airflow/example_dags/example_nested_branch_dag.py                                                         1           0  13.02s          2026-09-24T20:23:40                      12
/home/airflow/.local/lib/python3.12/site-packages/airflow/example_dags/example_dynamic_task_mapping.py                                                      1           0  12.46s          2026-09-24T20:23:53                      10
/home/airflow/.local/lib/python3.12/site-packages/airflow/example_dags/example_trigger_target_dag.py                                                        1           0  12.42s          2026-09-24T20:31:23                      43
/home/airflow/.local/lib/python3.12/site-packages/airflow/example_dags/example_branch_datetime_operator.py                                                  3           0  11.93s          2026-09-24T20:25:37                      18
/home/airflow/.local/lib/python3.12/site-packages/airflow/example_dags/example_task_group.py                                                                1           0  11.36s          2026-09-24T20:24:27                      10
/home/airflow/.local/lib/python3.12/site-packages/airflow/example_dags/tutorial_taskflow_templates.py                                                       1           0  10.44s          2026-09-24T20:26:17                      12
/home/airflow/.local/lib/python3.12/site-packages/airflow/example_dags/example_task_group_decorator.py                                                      1           0  10.01s          2026-09-24T20:25:56                      10
/home/airflow/.local/lib/python3.12/site-packages/airflow/example_dags/example_bash_operator.py                                                             1           0  8.93s           2026-09-24T20:25:46                      12
/home/airflow/.local/lib/python3.12/site-packages/airflow/example_dags/example_xcom.py                                                                      1           0  7.62s           2026-09-24T20:25:11                      12
/home/airflow/.local/lib/python3.12/site-packages/airflow/example_dags/example_display_name.py                                                              1           0  6.71s           2026-09-24T20:26:05                      10
/home/airflow/.local/lib/python3.12/site-packages/airflow/example_dags/example_subdag_operator.py                                    413  43.24s            0           0                                                            0
/home/airflow/.local/lib/python3.12/site-packages/airflow/example_dags/example_datasets.py                                           414  40.42s            0           0                                                            0
/home/airflow/.local/lib/python3.12/site-packages/airflow/example_dags/example_short_circuit_operator.py                                                    0           0                                                            0
/home/airflow/.local/lib/python3.12/site-packages/airflow/example_dags/example_python_operator.py                                                           0           0                                                            0
/home/airflow/.local/lib/python3.12/site-packages/airflow/example_dags/example_dataset_alias_with_no_taskflow.py                                            0           0                                                            0
/home/airflow/.local/lib/python3.12/site-packages/airflow/example_dags/tutorial.py                                                                          0           0                                                            0
/home/airflow/.local/lib/python3.12/site-packages/airflow/example_dags/example_time_delta_sensor_async.py                                                   0           0                                                            0
/home/airflow/.local/lib/python3.12/site-packages/airflow/example_dags/example_branch_day_of_week_operator.py                                               0           0                                                            0
/home/airflow/.local/lib/python3.12/site-packages/airflow/example_dags/tutorial_dag.py                                                                      0           0                                                            0
/home/airflow/.local/lib/python3.12/site-packages/airflow/example_dags/subdags/subdag.py                                                                    0           0                                                            0
/home/airflow/.local/lib/python3.12/site-packages/airflow/example_dags/plugins/event_listener.py                                                            0           0                                                            0
/home/airflow/.local/lib/python3.12/site-packages/airflow/example_dags/plugins/decreasing_priority_weight_strategy.py                                       0           0                                                            0
/home/airflow/.local/lib/python3.12/site-packages/airflow/example_dags/plugins/workday.py                                                                   0           0                                                            0
/home/airflow/.local/lib/python3.12/site-packages/airflow/example_dags/plugins/listener_plugin.py                                                           0           0                                                            0
================================================================================
[2026-09-24T20:32:42.672+0000] {manager.py:1366} ERROR - Processor for /home/airflow/.local/lib/python3.12/site-packages/airflow/example_dags/example_datasets.py with PID 414 started at 2026-09-24T20:31:26.413389+00:00 has timed out, killing it.
[2026-09-24T20:33:01.679+0000] {manager.py:997} INFO - 
================================================================================
DAG File Processing Stats

File Path                                                                                                                            PID  Runtime      # DAGs    # Errors  Last Runtime    Last Run               Last # of DB Queries
---------------------------------------------------------------------------------------------------------------------------------  -----  ---------  --------  ----------  --------------  -------------------  ----------------------
/home/airflow/.local/lib/python3.12/site-packages/airflow/example_dags/example_datasets.py                                                                  0           1  76.26s          2026-09-24T20:32:42                       0
/home/airflow/.local/lib/python3.12/site-packages/airflow/example_dags/example_subdag_operator.py                                                           3           0  50.20s          2026-09-24T20:32:13                      53
/home/airflow/.local/lib/python3.12/site-packages/airflow/example_dags/example_outlet_event_extra.py                                                        0           1  46.69s          2026-09-24T20:27:11                       3
/home/airflow/.local/lib/python3.12/site-packages/airflow/example_dags/example_branch_python_dop_operator_3.py                                              1           0  45.46s          2026-09-24T20:30:29                      45
/home/airflow/.local/lib/python3.12/site-packages/airflow/example_dags/tutorial_taskflow_api.py                                                             1           0  44.31s          2026-09-24T20:29:43                      43
/home/airflow/.local/lib/python3.12/site-packages/airflow/example_dags/example_short_circuit_decorator.py                                                   1           0  44.27s          2026-09-24T20:29:45                      43
/home/airflow/.local/lib/python3.12/site-packages/airflow/example_dags/example_local_kubernetes_executor.py                                                 1           0  39.76s          2026-09-24T20:30:28                      43
/home/airflow/.local/lib/python3.12/site-packages/airflow/example_dags/example_dataset_alias.py                                                             0           1  35.45s          2026-09-24T20:28:30                       3
/home/airflow/.local/lib/python3.12/site-packages/airflow/example_dags/example_branch_operator_decorator.py                                                 1           0  35.05s          2026-09-24T20:25:03                      34
/home/airflow/.local/lib/python3.12/site-packages/airflow/example_dags/example_inlet_event_extra.py                                                         0           1  33.65s          2026-09-24T20:23:40                       5
/home/airflow/.local/lib/python3.12/site-packages/airflow/example_dags/example_trigger_controller_dag.py                                                    1           0  33.44s          2026-09-24T20:28:59                      45
/home/airflow/.local/lib/python3.12/site-packages/airflow/example_dags/tutorial_taskflow_api_virtualenv.py                                                  1           0  31.50s          2026-09-24T20:24:47                      32
/home/airflow/.local/lib/python3.12/site-packages/airflow/example_dags/example_kubernetes_executor.py                                                       1           0  31.02s          2026-09-24T20:27:09                      43
/home/airflow/.local/lib/python3.12/site-packages/airflow/example_dags/example_branch_labels.py                                                             1           0  28.87s          2026-09-24T20:28:59                      45
/home/airflow/.local/lib/python3.12/site-packages/airflow/example_dags/example_passing_params_via_test_command.py                                           1           0  28.28s          2026-09-24T20:30:56                      45
/home/airflow/.local/lib/python3.12/site-packages/airflow/example_dags/example_sensor_decorator.py                                                          1           0  28.19s          2026-09-24T20:28:24                      43
/home/airflow/.local/lib/python3.12/site-packages/airflow/example_dags/example_workday_timetable.py                                                         1           0  27.71s          2026-09-24T20:27:39                      45
/home/airflow/.local/lib/python3.12/site-packages/airflow/example_dags/example_dag_decorator.py                                                             1           0  26.56s          2026-09-24T20:26:09                      32
/home/airflow/.local/lib/python3.12/site-packages/airflow/example_dags/example_complex.py                                                                   1           0  24.20s          2026-09-24T20:30:55                      43
/home/airflow/.local/lib/python3.12/site-packages/airflow/example_dags/example_sla_dag.py                                                                   1           0  23.85s          2026-09-24T20:27:33                      45
/home/airflow/.local/lib/python3.12/site-packages/airflow/example_dags/example_python_decorator.py                                                          1           0  22.97s          2026-09-24T20:25:11                      32
/home/airflow/.local/lib/python3.12/site-packages/airflow/example_dags/example_dynamic_task_mapping_with_no_taskflow_operators.py                           1           0  21.36s          2026-09-24T20:23:26                      10
/home/airflow/.local/lib/python3.12/site-packages/airflow/example_dags/example_setup_teardown.py                                                            1           0  21.22s          2026-09-24T20:24:15                       9
/home/airflow/.local/lib/python3.12/site-packages/airflow/example_dags/example_xcomargs.py                                                                  2           0  20.84s          2026-09-24T20:26:38                      45
/home/airflow/.local/lib/python3.12/site-packages/airflow/example_dags/example_latest_only_with_trigger.py                                                  1           0  19.54s          2026-09-24T20:27:53                      45
/home/airflow/.local/lib/python3.12/site-packages/airflow/example_dags/tutorial_objectstorage.py                                                            1           0  18.60s          2026-09-24T20:23:58                      10
/home/airflow/.local/lib/python3.12/site-packages/airflow/example_dags/example_latest_only.py                                                               1           0  16.48s          2026-09-24T20:24:15                      11
/home/airflow/.local/lib/python3.12/site-packages/airflow/example_dags/example_params_ui_tutorial.py                                                        1           0  15.82s          2026-09-24T20:25:42                      10
/home/airflow/.local/lib/python3.12/site-packages/airflow/example_dags/example_setup_teardown_taskflow.py                                                   1           0  15.36s          2026-09-24T20:27:55                      43
/home/airflow/.local/lib/python3.12/site-packages/airflow/example_dags/example_skip_dag.py                                                                  1           0  14.89s          2026-09-24T20:31:25                      45
/home/airflow/.local/lib/python3.12/site-packages/airflow/example_dags/example_bash_decorator.py                                                            1           0  14.72s          2026-09-24T20:25:26                      32
/home/airflow/.local/lib/python3.12/site-packages/airflow/example_dags/example_branch_operator.py                                                           1           0  13.69s          2026-09-24T20:31:10                      45
/home/airflow/.local/lib/python3.12/site-packages/airflow/example_dags/example_sensors.py                                                                   1           0  13.43s          2026-09-24T20:26:24                       9
/home/airflow/.local/lib/python3.12/site-packages/airflow/example_dags/example_params_trigger_ui.py                                                         1           0  13.32s          2026-09-24T20:25:24                      10
/home/airflow/.local/lib/python3.12/site-packages/airflow/example_dags/example_external_task_marker_dag.py                                                  2           0  13.29s          2026-09-24T20:31:10                      79
/home/airflow/.local/lib/python3.12/site-packages/airflow/example_dags/example_nested_branch_dag.py                                                         1           0  13.02s          2026-09-24T20:23:40                      12
/home/airflow/.local/lib/python3.12/site-packages/airflow/example_dags/example_dynamic_task_mapping.py                                                      1           0  12.46s          2026-09-24T20:23:53                      10
/home/airflow/.local/lib/python3.12/site-packages/airflow/example_dags/example_trigger_target_dag.py                                                        1           0  12.42s          2026-09-24T20:31:23                      43
/home/airflow/.local/lib/python3.12/site-packages/airflow/example_dags/example_branch_datetime_operator.py                                                  3           0  11.93s          2026-09-24T20:25:37                      18
/home/airflow/.local/lib/python3.12/site-packages/airflow/example_dags/example_task_group.py                                                                1           0  11.36s          2026-09-24T20:24:27                      10
/home/airflow/.local/lib/python3.12/site-packages/airflow/example_dags/tutorial_taskflow_templates.py                                                       1           0  10.44s          2026-09-24T20:26:17                      12
/home/airflow/.local/lib/python3.12/site-packages/airflow/example_dags/example_task_group_decorator.py                                                      1           0  10.01s          2026-09-24T20:25:56                      10
/home/airflow/.local/lib/python3.12/site-packages/airflow/example_dags/example_bash_operator.py                                                             1           0  8.93s           2026-09-24T20:25:46                      12
/home/airflow/.local/lib/python3.12/site-packages/airflow/example_dags/example_xcom.py                                                                      1           0  7.62s           2026-09-24T20:25:11                      12
/home/airflow/.local/lib/python3.12/site-packages/airflow/example_dags/example_display_name.py                                                              1           0  6.71s           2026-09-24T20:26:05                      10
/home/airflow/.local/lib/python3.12/site-packages/airflow/example_dags/example_short_circuit_operator.py                             425  5.10s             0           0                                                            0
/home/airflow/.local/lib/python3.12/site-packages/airflow/example_dags/example_python_operator.py                                    426  0.09s             0           0                                                            0
/home/airflow/.local/lib/python3.12/site-packages/airflow/example_dags/example_dataset_alias_with_no_taskflow.py                                            0           0                                                            0
/home/airflow/.local/lib/python3.12/site-packages/airflow/example_dags/tutorial.py                                                                          0           0                                                            0
/home/airflow/.local/lib/python3.12/site-packages/airflow/example_dags/example_time_delta_sensor_async.py                                                   0           0                                                            0
/home/airflow/.local/lib/python3.12/site-packages/airflow/example_dags/example_branch_day_of_week_operator.py                                               0           0                                                            0
/home/airflow/.local/lib/python3.12/site-packages/airflow/example_dags/tutorial_dag.py                                                                      0           0                                                            0
/home/airflow/.local/lib/python3.12/site-packages/airflow/example_dags/subdags/subdag.py                                                                    0           0                                                            0
/home/airflow/.local/lib/python3.12/site-packages/airflow/example_dags/plugins/event_listener.py                                                            0           0                                                            0
/home/airflow/.local/lib/python3.12/site-packages/airflow/example_dags/plugins/decreasing_priority_weight_strategy.py                                       0           0                                                            0
/home/airflow/.local/lib/python3.12/site-packages/airflow/example_dags/plugins/workday.py                                                                   0           0                                                            0
/home/airflow/.local/lib/python3.12/site-packages/airflow/example_dags/plugins/listener_plugin.py                                                           0           0                                                            0
================================================================================
[2026-09-24T20:33:08.836+0000] {manager.py:821} INFO - Searching for files in /opt/airflow/dags
[2026-09-24T20:33:33.985+0000] {manager.py:465} INFO - Exiting gracefully upon receiving signal 15
[2026-09-24T20:33:48.119+0000] {manager.py:465} INFO - Exiting gracefully upon receiving signal 15
[2026-09-24T20:33:48.625+0000] {manager.py:465} INFO - Exiting gracefully upon receiving signal 15
[2026-09-24T21:23:58.673+0000] {manager.py:483} INFO - Processing files using up to 2 processes at a time 
[2026-09-24T21:23:58.828+0000] {manager.py:484} INFO - Process each file at most once every 30 seconds
[2026-09-24T21:23:58.935+0000] {manager.py:485} INFO - Checking for new files in /opt/airflow/dags every 300 seconds
[2026-09-24T21:23:58.946+0000] {manager.py:821} INFO - Searching for files in /opt/airflow/dags
[2026-09-24T21:23:59.833+0000] {manager.py:465} INFO - Exiting gracefully upon receiving signal 15
[2026-09-24T21:25:06.606+0000] {manager.py:483} INFO - Processing files using up to 2 processes at a time 
[2026-09-24T21:25:06.668+0000] {manager.py:484} INFO - Process each file at most once every 30 seconds
[2026-09-24T21:25:06.677+0000] {manager.py:485} INFO - Checking for new files in /opt/airflow/dags every 300 seconds
[2026-09-24T21:25:06.702+0000] {manager.py:821} INFO - Searching for files in /opt/airflow/dags
[2026-09-24T21:25:09.582+0000] {manager.py:824} INFO - There are 57 files in /opt/airflow/dags
[2026-09-24T21:25:45.464+0000] {manager.py:997} INFO - 
================================================================================
DAG File Processing Stats

File Path                                                                                                                            PID  Runtime      # DAGs    # Errors  Last Runtime    Last Run      Last # of DB Queries
---------------------------------------------------------------------------------------------------------------------------------  -----  ---------  --------  ----------  --------------  ----------  ----------------------
/home/airflow/.local/lib/python3.12/site-packages/airflow/example_dags/example_dynamic_task_mapping_with_no_taskflow_operators.py    229  2.90s             0           0                                                   0
/home/airflow/.local/lib/python3.12/site-packages/airflow/example_dags/example_inlet_event_extra.py                                  230  1.26s             0           0                                                   0
/home/airflow/.local/lib/python3.12/site-packages/airflow/example_dags/example_nested_branch_dag.py                                                         0           0                                                   0
/home/airflow/.local/lib/python3.12/site-packages/airflow/example_dags/tutorial_objectstorage.py                                                            0           0                                                   0
/home/airflow/.local/lib/python3.12/site-packages/airflow/example_dags/example_dynamic_task_mapping.py                                                      0           0                                                   0
/home/airflow/.local/lib/python3.12/site-packages/airflow/example_dags/example_setup_teardown.py                                                            0           0                                                   0
/home/airflow/.local/lib/python3.12/site-packages/airflow/example_dags/example_latest_only.py                                                               0           0                                                   0
/home/airflow/.local/lib/python3.12/site-packages/airflow/example_dags/example_task_group.py                                                                0           0                                                   0
/home/airflow/.local/lib/python3.12/site-packages/airflow/example_dags/tutorial_taskflow_api_virtualenv.py                                                  0           0                                                   0
/home/airflow/.local/lib/python3.12/site-packages/airflow/example_dags/example_branch_operator_decorator.py                                                 0           0                                                   0
/home/airflow/.local/lib/python3.12/site-packages/airflow/example_dags/example_python_decorator.py                                                          0           0                                                   0
/home/airflow/.local/lib/python3.12/site-packages/airflow/example_dags/example_xcom.py                                                                      0           0                                                   0
/home/airflow/.local/lib/python3.12/site-packages/airflow/example_dags/example_params_trigger_ui.py                                                         0           0                                                   0
/home/airflow/.local/lib/python3.12/site-packages/airflow/example_dags/example_bash_decorator.py                                                            0           0                                                   0
/home/airflow/.local/lib/python3.12/site-packages/airflow/example_dags/example_branch_datetime_operator.py                                                  0           0                                                   0
/home/airflow/.local/lib/python3.12/site-packages/airflow/example_dags/example_params_ui_tutorial.py                                                        0           0                                                   0
/home/airflow/.local/lib/python3.12/site-packages/airflow/example_dags/example_bash_operator.py                                                             0           0                                                   0
/home/airflow/.local/lib/python3.12/site-packages/airflow/example_dags/example_dag_decorator.py                                                             0           0                                                   0
/home/airflow/.local/lib/python3.12/site-packages/airflow/example_dags/example_task_group_decorator.py                                                      0           0                                                   0
/home/airflow/.local/lib/python3.12/site-packages/airflow/example_dags/example_display_name.py                                                              0           0                                                   0
/home/airflow/.local/lib/python3.12/site-packages/airflow/example_dags/tutorial_taskflow_templates.py                                                       0           0                                                   0
/home/airflow/.local/lib/python3.12/site-packages/airflow/example_dags/example_sensors.py                                                                   0           0                                                   0
/home/airflow/.local/lib/python3.12/site-packages/airflow/example_dags/example_xcomargs.py                                                                  0           0                                                   0
/home/airflow/.local/lib/python3.12/site-packages/airflow/example_dags/example_outlet_event_extra.py                                                        0           0                                                   0
/home/airflow/.local/lib/python3.12/site-packages/airflow/example_dags/example_kubernetes_executor.py                                                       0           0                                                   0
/home/airflow/.local/lib/python3.12/site-packages/airflow/example_dags/example_sla_dag.py                                                                   0           0                                                   0
/home/airflow/.local/lib/python3.12/site-packages/airflow/example_dags/example_workday_timetable.py                                                         0           0                                                   0
/home/airflow/.local/lib/python3.12/site-packages/airflow/example_dags/example_latest_only_with_trigger.py                                                  0           0                                                   0
/home/airflow/.local/lib/python3.12/site-packages/airflow/example_dags/example_setup_teardown_taskflow.py                                                   0           0                                                   0
/home/airflow/.local/lib/python3.12/site-packages/airflow/example_dags/example_dataset_alias.py                                                             0           0                                                   0
/home/airflow/.local/lib/python3.12/site-packages/airflow/example_dags/example_sensor_decorator.py                                                          0           0                                                   0
/home/airflow/.local/lib/python3.12/site-packages/airflow/example_dags/example_trigger_controller_dag.py                                                    0           0                                                   0
/home/airflow/.local/lib/python3.12/site-packages/airflow/example_dags/example_branch_labels.py                                                             0           0                                                   0
/home/airflow/.local/lib/python3.12/site-packages/airflow/example_dags/tutorial_taskflow_api.py                                                             0           0                                                   0
/home/airflow/.local/lib/python3.12/site-packages/airflow/example_dags/example_short_circuit_decorator.py                                                   0           0                                                   0
/home/airflow/.local/lib/python3.12/site-packages/airflow/example_dags/example_branch_python_dop_operator_3.py                                              0           0                                                   0
/home/airflow/.local/lib/python3.12/site-packages/airflow/example_dags/example_local_kubernetes_executor.py                                                 0           0                                                   0
/home/airflow/.local/lib/python3.12/site-packages/airflow/example_dags/example_passing_params_via_test_command.py                                           0           0                                                   0
/home/airflow/.local/lib/python3.12/site-packages/airflow/example_dags/example_complex.py                                                                   0           0                                                   0
/home/airflow/.local/lib/python3.12/site-packages/airflow/example_dags/example_branch_operator.py                                                           0           0                                                   0
/home/airflow/.local/lib/python3.12/site-packages/airflow/example_dags/example_external_task_marker_dag.py                                                  0           0                                                   0
/home/airflow/.local/lib/python3.12/site-packages/airflow/example_dags/example_skip_dag.py                                                                  0           0                                                   0
/home/airflow/.local/lib/python3.12/site-packages/airflow/example_dags/example_trigger_target_dag.py                                                        0           0                                                   0
/home/airflow/.local/lib/python3.12/site-packages/airflow/example_dags/example_subdag_operator.py                                                           0           0                                                   0
/home/airflow/.local/lib/python3.12/site-packages/airflow/example_dags/example_datasets.py                                                                  0           0                                                   0
/home/airflow/.local/lib/python3.12/site-packages/airflow/example_dags/example_short_circuit_operator.py                                                    0           0                                                   0
/home/airflow/.local/lib/python3.12/site-packages/airflow/example_dags/example_python_operator.py                                                           0           0                                                   0
/home/airflow/.local/lib/python3.12/site-packages/airflow/example_dags/example_dataset_alias_with_no_taskflow.py                                            0           0                                                   0
/home/airflow/.local/lib/python3.12/site-packages/airflow/example_dags/tutorial.py                                                                          0           0                                                   0
/home/airflow/.local/lib/python3.12/site-packages/airflow/example_dags/example_time_delta_sensor_async.py                                                   0           0                                                   0
/home/airflow/.local/lib/python3.12/site-packages/airflow/example_dags/example_branch_day_of_week_operator.py                                               0           0                                                   0
/home/airflow/.local/lib/python3.12/site-packages/airflow/example_dags/tutorial_dag.py                                                                      0           0                                                   0
/home/airflow/.local/lib/python3.12/site-packages/airflow/example_dags/subdags/subdag.py                                                                    0           0                                                   0
/home/airflow/.local/lib/python3.12/site-packages/airflow/example_dags/plugins/event_listener.py                                                            0           0                                                   0
/home/airflow/.local/lib/python3.12/site-packages/airflow/example_dags/plugins/decreasing_priority_weight_strategy.py                                       0           0                                                   0
/home/airflow/.local/lib/python3.12/site-packages/airflow/example_dags/plugins/workday.py                                                                   0           0                                                   0
/home/airflow/.local/lib/python3.12/site-packages/airflow/example_dags/plugins/listener_plugin.py                                                           0           0                                                   0
================================================================================
[2026-09-24T21:26:26.931+0000] {manager.py:997} INFO - 
================================================================================
DAG File Processing Stats

File Path                                                                                                                            PID  Runtime      # DAGs    # Errors  Last Runtime    Last Run      Last # of DB Queries
---------------------------------------------------------------------------------------------------------------------------------  -----  ---------  --------  ----------  --------------  ----------  ----------------------
/home/airflow/.local/lib/python3.12/site-packages/airflow/example_dags/example_dynamic_task_mapping_with_no_taskflow_operators.py    229  44.74s            0           0                                                   0
/home/airflow/.local/lib/python3.12/site-packages/airflow/example_dags/example_inlet_event_extra.py                                  230  43.11s            0           0                                                   0
/home/airflow/.local/lib/python3.12/site-packages/airflow/example_dags/example_nested_branch_dag.py                                                         0           0                                                   0
/home/airflow/.local/lib/python3.12/site-packages/airflow/example_dags/tutorial_objectstorage.py                                                            0           0                                                   0
/home/airflow/.local/lib/python3.12/site-packages/airflow/example_dags/example_dynamic_task_mapping.py                                                      0           0                                                   0
/home/airflow/.local/lib/python3.12/site-packages/airflow/example_dags/example_setup_teardown.py                                                            0           0                                                   0
/home/airflow/.local/lib/python3.12/site-packages/airflow/example_dags/example_latest_only.py                                                               0           0                                                   0
/home/airflow/.local/lib/python3.12/site-packages/airflow/example_dags/example_task_group.py                                                                0           0                                                   0
/home/airflow/.local/lib/python3.12/site-packages/airflow/example_dags/tutorial_taskflow_api_virtualenv.py                                                  0           0                                                   0
/home/airflow/.local/lib/python3.12/site-packages/airflow/example_dags/example_branch_operator_decorator.py                                                 0           0                                                   0
/home/airflow/.local/lib/python3.12/site-packages/airflow/example_dags/example_python_decorator.py                                                          0           0                                                   0
/home/airflow/.local/lib/python3.12/site-packages/airflow/example_dags/example_xcom.py                                                                      0           0                                                   0
/home/airflow/.local/lib/python3.12/site-packages/airflow/example_dags/example_params_trigger_ui.py                                                         0           0                                                   0
/home/airflow/.local/lib/python3.12/site-packages/airflow/example_dags/example_bash_decorator.py                                                            0           0                                                   0
/home/airflow/.local/lib/python3.12/site-packages/airflow/example_dags/example_branch_datetime_operator.py                                                  0           0                                                   0
/home/airflow/.local/lib/python3.12/site-packages/airflow/example_dags/example_params_ui_tutorial.py                                                        0           0                                                   0
/home/airflow/.local/lib/python3.12/site-packages/airflow/example_dags/example_bash_operator.py                                                             0           0                                                   0
/home/airflow/.local/lib/python3.12/site-packages/airflow/example_dags/example_dag_decorator.py                                                             0           0                                                   0
/home/airflow/.local/lib/python3.12/site-packages/airflow/example_dags/example_task_group_decorator.py                                                      0           0                                                   0
/home/airflow/.local/lib/python3.12/site-packages/airflow/example_dags/example_display_name.py                                                              0           0                                                   0
/home/airflow/.local/lib/python3.12/site-packages/airflow/example_dags/tutorial_taskflow_templates.py                                                       0           0                                                   0
/home/airflow/.local/lib/python3.12/site-packages/airflow/example_dags/example_sensors.py                                                                   0           0                                                   0
/home/airflow/.local/lib/python3.12/site-packages/airflow/example_dags/example_xcomargs.py                                                                  0           0                                                   0
/home/airflow/.local/lib/python3.12/site-packages/airflow/example_dags/example_outlet_event_extra.py                                                        0           0                                                   0
/home/airflow/.local/lib/python3.12/site-packages/airflow/example_dags/example_kubernetes_executor.py                                                       0           0                                                   0
/home/airflow/.local/lib/python3.12/site-packages/airflow/example_dags/example_sla_dag.py                                                                   0           0                                                   0
/home/airflow/.local/lib/python3.12/site-packages/airflow/example_dags/example_workday_timetable.py                                                         0           0                                                   0
/home/airflow/.local/lib/python3.12/site-packages/airflow/example_dags/example_latest_only_with_trigger.py                                                  0           0                                                   0
/home/airflow/.local/lib/python3.12/site-packages/airflow/example_dags/example_setup_teardown_taskflow.py                                                   0           0                                                   0
/home/airflow/.local/lib/python3.12/site-packages/airflow/example_dags/example_dataset_alias.py                                                             0           0                                                   0
/home/airflow/.local/lib/python3.12/site-packages/airflow/example_dags/example_sensor_decorator.py                                                          0           0                                                   0
/home/airflow/.local/lib/python3.12/site-packages/airflow/example_dags/example_trigger_controller_dag.py                                                    0           0                                                   0
/home/airflow/.local/lib/python3.12/site-packages/airflow/example_dags/example_branch_labels.py                                                             0           0                                                   0
/home/airflow/.local/lib/python3.12/site-packages/airflow/example_dags/tutorial_taskflow_api.py                                                             0           0                                                   0
/home/airflow/.local/lib/python3.12/site-packages/airflow/example_dags/example_short_circuit_decorator.py                                                   0           0                                                   0
/home/airflow/.local/lib/python3.12/site-packages/airflow/example_dags/example_branch_python_dop_operator_3.py                                              0           0                                                   0
/home/airflow/.local/lib/python3.12/site-packages/airflow/example_dags/example_local_kubernetes_executor.py                                                 0           0                                                   0
/home/airflow/.local/lib/python3.12/site-packages/airflow/example_dags/example_passing_params_via_test_command.py                                           0           0                                                   0
/home/airflow/.local/lib/python3.12/site-packages/airflow/example_dags/example_complex.py                                                                   0           0                                                   0
/home/airflow/.local/lib/python3.12/site-packages/airflow/example_dags/example_branch_operator.py                                                           0           0                                                   0
/home/airflow/.local/lib/python3.12/site-packages/airflow/example_dags/example_external_task_marker_dag.py                                                  0           0                                                   0
/home/airflow/.local/lib/python3.12/site-packages/airflow/example_dags/example_skip_dag.py                                                                  0           0                                                   0
/home/airflow/.local/lib/python3.12/site-packages/airflow/example_dags/example_trigger_target_dag.py                                                        0           0                                                   0
/home/airflow/.local/lib/python3.12/site-packages/airflow/example_dags/example_subdag_operator.py                                                           0           0                                                   0
/home/airflow/.local/lib/python3.12/site-packages/airflow/example_dags/example_datasets.py                                                                  0           0                                                   0
/home/airflow/.local/lib/python3.12/site-packages/airflow/example_dags/example_short_circuit_operator.py                                                    0           0                                                   0
/home/airflow/.local/lib/python3.12/site-packages/airflow/example_dags/example_python_operator.py                                                           0           0                                                   0
/home/airflow/.local/lib/python3.12/site-packages/airflow/example_dags/example_dataset_alias_with_no_taskflow.py                                            0           0                                                   0
/home/airflow/.local/lib/python3.12/site-packages/airflow/example_dags/tutorial.py                                                                          0           0                                                   0
/home/airflow/.local/lib/python3.12/site-packages/airflow/example_dags/example_time_delta_sensor_async.py                                                   0           0                                                   0
/home/airflow/.local/lib/python3.12/site-packages/airflow/example_dags/example_branch_day_of_week_operator.py                                               0           0                                                   0
/home/airflow/.local/lib/python3.12/site-packages/airflow/example_dags/tutorial_dag.py                                                                      0           0                                                   0
/home/airflow/.local/lib/python3.12/site-packages/airflow/example_dags/subdags/subdag.py                                                                    0           0                                                   0
/home/airflow/.local/lib/python3.12/site-packages/airflow/example_dags/plugins/event_listener.py                                                            0           0                                                   0
/home/airflow/.local/lib/python3.12/site-packages/airflow/example_dags/plugins/decreasing_priority_weight_strategy.py                                       0           0                                                   0
/home/airflow/.local/lib/python3.12/site-packages/airflow/example_dags/plugins/workday.py                                                                   0           0                                                   0
/home/airflow/.local/lib/python3.12/site-packages/airflow/example_dags/plugins/listener_plugin.py                                                           0           0                                                   0
================================================================================
[2026-09-24T21:26:31.515+0000] {manager.py:1366} ERROR - Processor for /home/airflow/.local/lib/python3.12/site-packages/airflow/example_dags/example_dynamic_task_mapping_with_no_taskflow_operators.py with PID 229 started at 2026-09-24T21:25:40.998736+00:00 has timed out, killing it.
[2026-09-24T21:27:19.485+0000] {manager.py:997} INFO - 
================================================================================
DAG File Processing Stats

File Path                                                                                                                            PID  Runtime      # DAGs    # Errors  Last Runtime    Last Run               Last # of DB Queries
---------------------------------------------------------------------------------------------------------------------------------  -----  ---------  --------  ----------  --------------  -------------------  ----------------------
/home/airflow/.local/lib/python3.12/site-packages/airflow/example_dags/example_inlet_event_extra.py                                                         0           1  62.90s          2026-09-24T21:26:45                       5
/home/airflow/.local/lib/python3.12/site-packages/airflow/example_dags/example_dynamic_task_mapping_with_no_taskflow_operators.py                           0           1  50.52s          2026-09-24T21:26:31                       0
/home/airflow/.local/lib/python3.12/site-packages/airflow/example_dags/example_nested_branch_dag.py                                  242  33.89s            0           0                                                            0
/home/airflow/.local/lib/python3.12/site-packages/airflow/example_dags/tutorial_objectstorage.py                                     249  3.72s             0           0                                                            0
/home/airflow/.local/lib/python3.12/site-packages/airflow/example_dags/example_dynamic_task_mapping.py                                                      0           0                                                            0
/home/airflow/.local/lib/python3.12/site-packages/airflow/example_dags/example_setup_teardown.py                                                            0           0                                                            0
/home/airflow/.local/lib/python3.12/site-packages/airflow/example_dags/example_latest_only.py                                                               0           0                                                            0
/home/airflow/.local/lib/python3.12/site-packages/airflow/example_dags/example_task_group.py                                                                0           0                                                            0
/home/airflow/.local/lib/python3.12/site-packages/airflow/example_dags/tutorial_taskflow_api_virtualenv.py                                                  0           0                                                            0
/home/airflow/.local/lib/python3.12/site-packages/airflow/example_dags/example_branch_operator_decorator.py                                                 0           0                                                            0
/home/airflow/.local/lib/python3.12/site-packages/airflow/example_dags/example_python_decorator.py                                                          0           0                                                            0
/home/airflow/.local/lib/python3.12/site-packages/airflow/example_dags/example_xcom.py                                                                      0           0                                                            0
/home/airflow/.local/lib/python3.12/site-packages/airflow/example_dags/example_params_trigger_ui.py                                                         0           0                                                            0
/home/airflow/.local/lib/python3.12/site-packages/airflow/example_dags/example_bash_decorator.py                                                            0           0                                                            0
/home/airflow/.local/lib/python3.12/site-packages/airflow/example_dags/example_branch_datetime_operator.py                                                  0           0                                                            0
/home/airflow/.local/lib/python3.12/site-packages/airflow/example_dags/example_params_ui_tutorial.py                                                        0           0                                                            0
/home/airflow/.local/lib/python3.12/site-packages/airflow/example_dags/example_bash_operator.py                                                             0           0                                                            0
/home/airflow/.local/lib/python3.12/site-packages/airflow/example_dags/example_dag_decorator.py                                                             0           0                                                            0
/home/airflow/.local/lib/python3.12/site-packages/airflow/example_dags/example_task_group_decorator.py                                                      0           0                                                            0
/home/airflow/.local/lib/python3.12/site-packages/airflow/example_dags/example_display_name.py                                                              0           0                                                            0
/home/airflow/.local/lib/python3.12/site-packages/airflow/example_dags/tutorial_taskflow_templates.py                                                       0           0                                                            0
/home/airflow/.local/lib/python3.12/site-packages/airflow/example_dags/example_sensors.py                                                                   0           0                                                            0
/home/airflow/.local/lib/python3.12/site-packages/airflow/example_dags/example_xcomargs.py                                                                  0           0                                                            0
/home/airflow/.local/lib/python3.12/site-packages/airflow/example_dags/example_outlet_event_extra.py                                                        0           0                                                            0
/home/airflow/.local/lib/python3.12/site-packages/airflow/example_dags/example_kubernetes_executor.py                                                       0           0                                                            0
/home/airflow/.local/lib/python3.12/site-packages/airflow/example_dags/example_sla_dag.py                                                                   0           0                                                            0
/home/airflow/.local/lib/python3.12/site-packages/airflow/example_dags/example_workday_timetable.py                                                         0           0                                                            0
/home/airflow/.local/lib/python3.12/site-packages/airflow/example_dags/example_latest_only_with_trigger.py                                                  0           0                                                            0
/home/airflow/.local/lib/python3.12/site-packages/airflow/example_dags/example_setup_teardown_taskflow.py                                                   0           0                                                            0
/home/airflow/.local/lib/python3.12/site-packages/airflow/example_dags/example_dataset_alias.py                                                             0           0                                                            0
/home/airflow/.local/lib/python3.12/site-packages/airflow/example_dags/example_sensor_decorator.py                                                          0           0                                                            0
/home/airflow/.local/lib/python3.12/site-packages/airflow/example_dags/example_trigger_controller_dag.py                                                    0           0                                                            0
/home/airflow/.local/lib/python3.12/site-packages/airflow/example_dags/example_branch_labels.py                                                             0           0                                                            0
/home/airflow/.local/lib/python3.12/site-packages/airflow/example_dags/tutorial_taskflow_api.py                                                             0           0                                                            0
/home/airflow/.local/lib/python3.12/site-packages/airflow/example_dags/example_short_circuit_decorator.py                                                   0           0                                                            0
/home/airflow/.local/lib/python3.12/site-packages/airflow/example_dags/example_branch_python_dop_operator_3.py                                              0           0                                                            0
/home/airflow/.local/lib/python3.12/site-packages/airflow/example_dags/example_local_kubernetes_executor.py                                                 0           0                                                            0
/home/airflow/.local/lib/python3.12/site-packages/airflow/example_dags/example_passing_params_via_test_command.py                                           0           0                                                            0
/home/airflow/.local/lib/python3.12/site-packages/airflow/example_dags/example_complex.py                                                                   0           0                                                            0
/home/airflow/.local/lib/python3.12/site-packages/airflow/example_dags/example_branch_operator.py                                                           0           0                                                            0
/home/airflow/.local/lib/python3.12/site-packages/airflow/example_dags/example_external_task_marker_dag.py                                                  0           0                                                            0
/home/airflow/.local/lib/python3.12/site-packages/airflow/example_dags/example_skip_dag.py                                                                  0           0                                                            0
/home/airflow/.local/lib/python3.12/site-packages/airflow/example_dags/example_trigger_target_dag.py                                                        0           0                                                            0
/home/airflow/.local/lib/python3.12/site-packages/airflow/example_dags/example_subdag_operator.py                                                           0           0                                                            0
/home/airflow/.local/lib/python3.12/site-packages/airflow/example_dags/example_datasets.py                                                                  0           0                                                            0
/home/airflow/.local/lib/python3.12/site-packages/airflow/example_dags/example_short_circuit_operator.py                                                    0           0                                                            0
/home/airflow/.local/lib/python3.12/site-packages/airflow/example_dags/example_python_operator.py                                                           0           0                                                            0
/home/airflow/.local/lib/python3.12/site-packages/airflow/example_dags/example_dataset_alias_with_no_taskflow.py                                            0           0                                                            0
/home/airflow/.local/lib/python3.12/site-packages/airflow/example_dags/tutorial.py                                                                          0           0                                                            0
/home/airflow/.local/lib/python3.12/site-packages/airflow/example_dags/example_time_delta_sensor_async.py                                                   0           0                                                            0
/home/airflow/.local/lib/python3.12/site-packages/airflow/example_dags/example_branch_day_of_week_operator.py                                               0           0                                                            0
/home/airflow/.local/lib/python3.12/site-packages/airflow/example_dags/tutorial_dag.py                                                                      0           0                                                            0
/home/airflow/.local/lib/python3.12/site-packages/airflow/example_dags/subdags/subdag.py                                                                    0           0                                                            0
/home/airflow/.local/lib/python3.12/site-packages/airflow/example_dags/plugins/event_listener.py                                                            0           0                                                            0
/home/airflow/.local/lib/python3.12/site-packages/airflow/example_dags/plugins/decreasing_priority_weight_strategy.py                                       0           0                                                            0
/home/airflow/.local/lib/python3.12/site-packages/airflow/example_dags/plugins/workday.py                                                                   0           0                                                            0
/home/airflow/.local/lib/python3.12/site-packages/airflow/example_dags/plugins/listener_plugin.py                                                           0           0                                                            0
================================================================================
[2026-09-24T21:27:34.852+0000] {manager.py:1366} ERROR - Processor for /home/airflow/.local/lib/python3.12/site-packages/airflow/example_dags/example_nested_branch_dag.py with PID 242 started at 2026-09-24T21:26:44.847395+00:00 has timed out, killing it.
[2026-09-24T21:27:52.481+0000] {manager.py:997} INFO - 
================================================================================
DAG File Processing Stats

File Path                                                                                                                            PID  Runtime      # DAGs    # Errors  Last Runtime    Last Run               Last # of DB Queries
---------------------------------------------------------------------------------------------------------------------------------  -----  ---------  --------  ----------  --------------  -------------------  ----------------------
/home/airflow/.local/lib/python3.12/site-packages/airflow/example_dags/example_inlet_event_extra.py                                                         0           1  62.90s          2026-09-24T21:26:45                       5
/home/airflow/.local/lib/python3.12/site-packages/airflow/example_dags/example_dynamic_task_mapping_with_no_taskflow_operators.py                           0           1  50.52s          2026-09-24T21:26:31                       0
/home/airflow/.local/lib/python3.12/site-packages/airflow/example_dags/example_nested_branch_dag.py                                                         0           1  50.00s          2026-09-24T21:27:34                       0
/home/airflow/.local/lib/python3.12/site-packages/airflow/example_dags/tutorial_objectstorage.py                                                            1           0  29.71s          2026-09-24T21:27:44                      10
/home/airflow/.local/lib/python3.12/site-packages/airflow/example_dags/example_dynamic_task_mapping.py                               250  14.59s            0           0                                                            0
/home/airflow/.local/lib/python3.12/site-packages/airflow/example_dags/example_setup_teardown.py                                     257  5.33s             0           0                                                            0
/home/airflow/.local/lib/python3.12/site-packages/airflow/example_dags/example_latest_only.py                                                               0           0                                                            0
/home/airflow/.local/lib/python3.12/site-packages/airflow/example_dags/example_task_group.py                                                                0           0                                                            0
/home/airflow/.local/lib/python3.12/site-packages/airflow/example_dags/tutorial_taskflow_api_virtualenv.py                                                  0           0                                                            0
/home/airflow/.local/lib/python3.12/site-packages/airflow/example_dags/example_branch_operator_decorator.py                                                 0           0                                                            0
/home/airflow/.local/lib/python3.12/site-packages/airflow/example_dags/example_python_decorator.py                                                          0           0                                                            0
/home/airflow/.local/lib/python3.12/site-packages/airflow/example_dags/example_xcom.py                                                                      0           0                                                            0
/home/airflow/.local/lib/python3.12/site-packages/airflow/example_dags/example_params_trigger_ui.py                                                         0           0                                                            0
/home/airflow/.local/lib/python3.12/site-packages/airflow/example_dags/example_bash_decorator.py                                                            0           0                                                            0
/home/airflow/.local/lib/python3.12/site-packages/airflow/example_dags/example_branch_datetime_operator.py                                                  0           0                                                            0
/home/airflow/.local/lib/python3.12/site-packages/airflow/example_dags/example_params_ui_tutorial.py                                                        0           0                                                            0
/home/airflow/.local/lib/python3.12/site-packages/airflow/example_dags/example_bash_operator.py                                                             0           0                                                            0
/home/airflow/.local/lib/python3.12/site-packages/airflow/example_dags/example_dag_decorator.py                                                             0           0                                                            0
/home/airflow/.local/lib/python3.12/site-packages/airflow/example_dags/example_task_group_decorator.py                                                      0           0                                                            0
/home/airflow/.local/lib/python3.12/site-packages/airflow/example_dags/example_display_name.py                                                              0           0                                                            0
/home/airflow/.local/lib/python3.12/site-packages/airflow/example_dags/tutorial_taskflow_templates.py                                                       0           0                                                            0
/home/airflow/.local/lib/python3.12/site-packages/airflow/example_dags/example_sensors.py                                                                   0           0                                                            0
/home/airflow/.local/lib/python3.12/site-packages/airflow/example_dags/example_xcomargs.py                                                                  0           0                                                            0
/home/airflow/.local/lib/python3.12/site-packages/airflow/example_dags/example_outlet_event_extra.py                                                        0           0                                                            0
/home/airflow/.local/lib/python3.12/site-packages/airflow/example_dags/example_kubernetes_executor.py                                                       0           0                                                            0
/home/airflow/.local/lib/python3.12/site-packages/airflow/example_dags/example_sla_dag.py                                                                   0           0                                                            0
/home/airflow/.local/lib/python3.12/site-packages/airflow/example_dags/example_workday_timetable.py                                                         0           0                                                            0
/home/airflow/.local/lib/python3.12/site-packages/airflow/example_dags/example_latest_only_with_trigger.py                                                  0           0                                                            0
/home/airflow/.local/lib/python3.12/site-packages/airflow/example_dags/example_setup_teardown_taskflow.py                                                   0           0                                                            0
/home/airflow/.local/lib/python3.12/site-packages/airflow/example_dags/example_dataset_alias.py                                                             0           0                                                            0
/home/airflow/.local/lib/python3.12/site-packages/airflow/example_dags/example_sensor_decorator.py                                                          0           0                                                            0
/home/airflow/.local/lib/python3.12/site-packages/airflow/example_dags/example_trigger_controller_dag.py                                                    0           0                                                            0
/home/airflow/.local/lib/python3.12/site-packages/airflow/example_dags/example_branch_labels.py                                                             0           0                                                            0
/home/airflow/.local/lib/python3.12/site-packages/airflow/example_dags/tutorial_taskflow_api.py                                                             0           0                                                            0
/home/airflow/.local/lib/python3.12/site-packages/airflow/example_dags/example_short_circuit_decorator.py                                                   0           0                                                            0
/home/airflow/.local/lib/python3.12/site-packages/airflow/example_dags/example_branch_python_dop_operator_3.py                                              0           0                                                            0
/home/airflow/.local/lib/python3.12/site-packages/airflow/example_dags/example_local_kubernetes_executor.py                                                 0           0                                                            0
/home/airflow/.local/lib/python3.12/site-packages/airflow/example_dags/example_passing_params_via_test_command.py                                           0           0                                                            0
/home/airflow/.local/lib/python3.12/site-packages/airflow/example_dags/example_complex.py                                                                   0           0                                                            0
/home/airflow/.local/lib/python3.12/site-packages/airflow/example_dags/example_branch_operator.py                                                           0           0                                                            0
/home/airflow/.local/lib/python3.12/site-packages/airflow/example_dags/example_external_task_marker_dag.py                                                  0           0                                                            0
/home/airflow/.local/lib/python3.12/site-packages/airflow/example_dags/example_skip_dag.py                                                                  0           0                                                            0
/home/airflow/.local/lib/python3.12/site-packages/airflow/example_dags/example_trigger_target_dag.py                                                        0           0                                                            0
/home/airflow/.local/lib/python3.12/site-packages/airflow/example_dags/example_subdag_operator.py                                                           0           0                                                            0
/home/airflow/.local/lib/python3.12/site-packages/airflow/example_dags/example_datasets.py                                                                  0           0                                                            0
/home/airflow/.local/lib/python3.12/site-packages/airflow/example_dags/example_short_circuit_operator.py                                                    0           0                                                            0
/home/airflow/.local/lib/python3.12/site-packages/airflow/example_dags/example_python_operator.py                                                           0           0                                                            0
/home/airflow/.local/lib/python3.12/site-packages/airflow/example_dags/example_dataset_alias_with_no_taskflow.py                                            0           0                                                            0
/home/airflow/.local/lib/python3.12/site-packages/airflow/example_dags/tutorial.py                                                                          0           0                                                            0
/home/airflow/.local/lib/python3.12/site-packages/airflow/example_dags/example_time_delta_sensor_async.py                                                   0           0                                                            0
/home/airflow/.local/lib/python3.12/site-packages/airflow/example_dags/example_branch_day_of_week_operator.py                                               0           0                                                            0
/home/airflow/.local/lib/python3.12/site-packages/airflow/example_dags/tutorial_dag.py                                                                      0           0                                                            0
/home/airflow/.local/lib/python3.12/site-packages/airflow/example_dags/subdags/subdag.py                                                                    0           0                                                            0
/home/airflow/.local/lib/python3.12/site-packages/airflow/example_dags/plugins/event_listener.py                                                            0           0                                                            0
/home/airflow/.local/lib/python3.12/site-packages/airflow/example_dags/plugins/decreasing_priority_weight_strategy.py                                       0           0                                                            0
/home/airflow/.local/lib/python3.12/site-packages/airflow/example_dags/plugins/workday.py                                                                   0           0                                                            0
/home/airflow/.local/lib/python3.12/site-packages/airflow/example_dags/plugins/listener_plugin.py                                                           0           0                                                            0
================================================================================
[2026-09-24T21:28:25.001+0000] {manager.py:997} INFO - 
================================================================================
DAG File Processing Stats

File Path                                                                                                                            PID  Runtime      # DAGs    # Errors  Last Runtime    Last Run               Last # of DB Queries
---------------------------------------------------------------------------------------------------------------------------------  -----  ---------  --------  ----------  --------------  -------------------  ----------------------
/home/airflow/.local/lib/python3.12/site-packages/airflow/example_dags/example_inlet_event_extra.py                                                         0           1  62.90s          2026-09-24T21:26:45                       5
/home/airflow/.local/lib/python3.12/site-packages/airflow/example_dags/example_dynamic_task_mapping_with_no_taskflow_operators.py                           0           1  50.52s          2026-09-24T21:26:31                       0
/home/airflow/.local/lib/python3.12/site-packages/airflow/example_dags/example_nested_branch_dag.py                                                         0           1  50.00s          2026-09-24T21:27:34                       0
/home/airflow/.local/lib/python3.12/site-packages/airflow/example_dags/tutorial_objectstorage.py                                                            1           0  29.71s          2026-09-24T21:27:44                      10
/home/airflow/.local/lib/python3.12/site-packages/airflow/example_dags/example_dynamic_task_mapping.py                               250  45.16s            0           0                                                            0
/home/airflow/.local/lib/python3.12/site-packages/airflow/example_dags/example_setup_teardown.py                                     257  35.91s            0           0                                                            0
/home/airflow/.local/lib/python3.12/site-packages/airflow/example_dags/example_latest_only.py                                                               0           0                                                            0
/home/airflow/.local/lib/python3.12/site-packages/airflow/example_dags/example_task_group.py                                                                0           0                                                            0
/home/airflow/.local/lib/python3.12/site-packages/airflow/example_dags/tutorial_taskflow_api_virtualenv.py                                                  0           0                                                            0
/home/airflow/.local/lib/python3.12/site-packages/airflow/example_dags/example_branch_operator_decorator.py                                                 0           0                                                            0
/home/airflow/.local/lib/python3.12/site-packages/airflow/example_dags/example_python_decorator.py                                                          0           0                                                            0
/home/airflow/.local/lib/python3.12/site-packages/airflow/example_dags/example_xcom.py                                                                      0           0                                                            0
/home/airflow/.local/lib/python3.12/site-packages/airflow/example_dags/example_params_trigger_ui.py                                                         0           0                                                            0
/home/airflow/.local/lib/python3.12/site-packages/airflow/example_dags/example_bash_decorator.py                                                            0           0                                                            0
/home/airflow/.local/lib/python3.12/site-packages/airflow/example_dags/example_branch_datetime_operator.py                                                  0           0                                                            0
/home/airflow/.local/lib/python3.12/site-packages/airflow/example_dags/example_params_ui_tutorial.py                                                        0           0                                                            0
/home/airflow/.local/lib/python3.12/site-packages/airflow/example_dags/example_bash_operator.py                                                             0           0                                                            0
/home/airflow/.local/lib/python3.12/site-packages/airflow/example_dags/example_dag_decorator.py                                                             0           0                                                            0
/home/airflow/.local/lib/python3.12/site-packages/airflow/example_dags/example_task_group_decorator.py                                                      0           0                                                            0
/home/airflow/.local/lib/python3.12/site-packages/airflow/example_dags/example_display_name.py                                                              0           0                                                            0
/home/airflow/.local/lib/python3.12/site-packages/airflow/example_dags/tutorial_taskflow_templates.py                                                       0           0                                                            0
/home/airflow/.local/lib/python3.12/site-packages/airflow/example_dags/example_sensors.py                                                                   0           0                                                            0
/home/airflow/.local/lib/python3.12/site-packages/airflow/example_dags/example_xcomargs.py                                                                  0           0                                                            0
/home/airflow/.local/lib/python3.12/site-packages/airflow/example_dags/example_outlet_event_extra.py                                                        0           0                                                            0
/home/airflow/.local/lib/python3.12/site-packages/airflow/example_dags/example_kubernetes_executor.py                                                       0           0                                                            0
/home/airflow/.local/lib/python3.12/site-packages/airflow/example_dags/example_sla_dag.py                                                                   0           0                                                            0
/home/airflow/.local/lib/python3.12/site-packages/airflow/example_dags/example_workday_timetable.py                                                         0           0                                                            0
/home/airflow/.local/lib/python3.12/site-packages/airflow/example_dags/example_latest_only_with_trigger.py                                                  0           0                                                            0
/home/airflow/.local/lib/python3.12/site-packages/airflow/example_dags/example_setup_teardown_taskflow.py                                                   0           0                                                            0
/home/airflow/.local/lib/python3.12/site-packages/airflow/example_dags/example_dataset_alias.py                                                             0           0                                                            0
/home/airflow/.local/lib/python3.12/site-packages/airflow/example_dags/example_sensor_decorator.py                                                          0           0                                                            0
/home/airflow/.local/lib/python3.12/site-packages/airflow/example_dags/example_trigger_controller_dag.py                                                    0           0                                                            0
/home/airflow/.local/lib/python3.12/site-packages/airflow/example_dags/example_branch_labels.py                                                             0           0                                                            0
/home/airflow/.local/lib/python3.12/site-packages/airflow/example_dags/tutorial_taskflow_api.py                                                             0           0                                                            0
/home/airflow/.local/lib/python3.12/site-packages/airflow/example_dags/example_short_circuit_decorator.py                                                   0           0                                                            0
/home/airflow/.local/lib/python3.12/site-packages/airflow/example_dags/example_branch_python_dop_operator_3.py                                              0           0                                                            0
/home/airflow/.local/lib/python3.12/site-packages/airflow/example_dags/example_local_kubernetes_executor.py                                                 0           0                                                            0
/home/airflow/.local/lib/python3.12/site-packages/airflow/example_dags/example_passing_params_via_test_command.py                                           0           0                                                            0
/home/airflow/.local/lib/python3.12/site-packages/airflow/example_dags/example_complex.py                                                                   0           0                                                            0
/home/airflow/.local/lib/python3.12/site-packages/airflow/example_dags/example_branch_operator.py                                                           0           0                                                            0
/home/airflow/.local/lib/python3.12/site-packages/airflow/example_dags/example_external_task_marker_dag.py                                                  0           0                                                            0
/home/airflow/.local/lib/python3.12/site-packages/airflow/example_dags/example_skip_dag.py                                                                  0           0                                                            0
/home/airflow/.local/lib/python3.12/site-packages/airflow/example_dags/example_trigger_target_dag.py                                                        0           0                                                            0
/home/airflow/.local/lib/python3.12/site-packages/airflow/example_dags/example_subdag_operator.py                                                           0           0                                                            0
/home/airflow/.local/lib/python3.12/site-packages/airflow/example_dags/example_datasets.py                                                                  0           0                                                            0
/home/airflow/.local/lib/python3.12/site-packages/airflow/example_dags/example_short_circuit_operator.py                                                    0           0                                                            0
/home/airflow/.local/lib/python3.12/site-packages/airflow/example_dags/example_python_operator.py                                                           0           0                                                            0
/home/airflow/.local/lib/python3.12/site-packages/airflow/example_dags/example_dataset_alias_with_no_taskflow.py                                            0           0                                                            0
/home/airflow/.local/lib/python3.12/site-packages/airflow/example_dags/tutorial.py                                                                          0           0                                                            0
/home/airflow/.local/lib/python3.12/site-packages/airflow/example_dags/example_time_delta_sensor_async.py                                                   0           0                                                            0
/home/airflow/.local/lib/python3.12/site-packages/airflow/example_dags/example_branch_day_of_week_operator.py                                               0           0                                                            0
/home/airflow/.local/lib/python3.12/site-packages/airflow/example_dags/tutorial_dag.py                                                                      0           0                                                            0
/home/airflow/.local/lib/python3.12/site-packages/airflow/example_dags/subdags/subdag.py                                                                    0           0                                                            0
/home/airflow/.local/lib/python3.12/site-packages/airflow/example_dags/plugins/event_listener.py                                                            0           0                                                            0
/home/airflow/.local/lib/python3.12/site-packages/airflow/example_dags/plugins/decreasing_priority_weight_strategy.py                                       0           0                                                            0
/home/airflow/.local/lib/python3.12/site-packages/airflow/example_dags/plugins/workday.py                                                                   0           0                                                            0
/home/airflow/.local/lib/python3.12/site-packages/airflow/example_dags/plugins/listener_plugin.py                                                           0           0                                                            0
================================================================================
[2026-09-24T21:28:28.687+0000] {manager.py:1366} ERROR - Processor for /home/airflow/.local/lib/python3.12/site-packages/airflow/example_dags/example_dynamic_task_mapping.py with PID 250 started at 2026-09-24T21:27:37.675461+00:00 has timed out, killing it.
[2026-09-24T21:28:56.337+0000] {manager.py:997} INFO - 
================================================================================
DAG File Processing Stats

File Path                                                                                                                            PID  Runtime      # DAGs    # Errors  Last Runtime    Last Run               Last # of DB Queries
---------------------------------------------------------------------------------------------------------------------------------  -----  ---------  --------  ----------  --------------  -------------------  ----------------------
/home/airflow/.local/lib/python3.12/site-packages/airflow/example_dags/example_inlet_event_extra.py                                                         0           1  62.90s          2026-09-24T21:26:45                       5
/home/airflow/.local/lib/python3.12/site-packages/airflow/example_dags/example_setup_teardown.py                                                            1           0  56.02s          2026-09-24T21:28:42                      10
/home/airflow/.local/lib/python3.12/site-packages/airflow/example_dags/example_dynamic_task_mapping.py                                                      0           1  50.91s          2026-09-24T21:28:28                       0
/home/airflow/.local/lib/python3.12/site-packages/airflow/example_dags/example_dynamic_task_mapping_with_no_taskflow_operators.py                           0           1  50.52s          2026-09-24T21:26:31                       0
/home/airflow/.local/lib/python3.12/site-packages/airflow/example_dags/example_nested_branch_dag.py                                                         0           1  50.00s          2026-09-24T21:27:34                       0
/home/airflow/.local/lib/python3.12/site-packages/airflow/example_dags/tutorial_objectstorage.py                                                            1           0  29.71s          2026-09-24T21:27:44                      10
/home/airflow/.local/lib/python3.12/site-packages/airflow/example_dags/example_latest_only.py                                        265  17.19s            0           0                                                            0
/home/airflow/.local/lib/python3.12/site-packages/airflow/example_dags/example_task_group.py                                         266  12.55s            0           0                                                            0
/home/airflow/.local/lib/python3.12/site-packages/airflow/example_dags/tutorial_taskflow_api_virtualenv.py                                                  0           0                                                            0
/home/airflow/.local/lib/python3.12/site-packages/airflow/example_dags/example_branch_operator_decorator.py                                                 0           0                                                            0
/home/airflow/.local/lib/python3.12/site-packages/airflow/example_dags/example_python_decorator.py                                                          0           0                                                            0
/home/airflow/.local/lib/python3.12/site-packages/airflow/example_dags/example_xcom.py                                                                      0           0                                                            0
/home/airflow/.local/lib/python3.12/site-packages/airflow/example_dags/example_params_trigger_ui.py                                                         0           0                                                            0
/home/airflow/.local/lib/python3.12/site-packages/airflow/example_dags/example_bash_decorator.py                                                            0           0                                                            0
/home/airflow/.local/lib/python3.12/site-packages/airflow/example_dags/example_branch_datetime_operator.py                                                  0           0                                                            0
/home/airflow/.local/lib/python3.12/site-packages/airflow/example_dags/example_params_ui_tutorial.py                                                        0           0                                                            0
/home/airflow/.local/lib/python3.12/site-packages/airflow/example_dags/example_bash_operator.py                                                             0           0                                                            0
/home/airflow/.local/lib/python3.12/site-packages/airflow/example_dags/example_dag_decorator.py                                                             0           0                                                            0
/home/airflow/.local/lib/python3.12/site-packages/airflow/example_dags/example_task_group_decorator.py                                                      0           0                                                            0
/home/airflow/.local/lib/python3.12/site-packages/airflow/example_dags/example_display_name.py                                                              0           0                                                            0
/home/airflow/.local/lib/python3.12/site-packages/airflow/example_dags/tutorial_taskflow_templates.py                                                       0           0                                                            0
/home/airflow/.local/lib/python3.12/site-packages/airflow/example_dags/example_sensors.py                                                                   0           0                                                            0
/home/airflow/.local/lib/python3.12/site-packages/airflow/example_dags/example_xcomargs.py                                                                  0           0                                                            0
/home/airflow/.local/lib/python3.12/site-packages/airflow/example_dags/example_outlet_event_extra.py                                                        0           0                                                            0
/home/airflow/.local/lib/python3.12/site-packages/airflow/example_dags/example_kubernetes_executor.py                                                       0           0                                                            0
/home/airflow/.local/lib/python3.12/site-packages/airflow/example_dags/example_sla_dag.py                                                                   0           0                                                            0
/home/airflow/.local/lib/python3.12/site-packages/airflow/example_dags/example_workday_timetable.py                                                         0           0                                                            0
/home/airflow/.local/lib/python3.12/site-packages/airflow/example_dags/example_latest_only_with_trigger.py                                                  0           0                                                            0
/home/airflow/.local/lib/python3.12/site-packages/airflow/example_dags/example_setup_teardown_taskflow.py                                                   0           0                                                            0
/home/airflow/.local/lib/python3.12/site-packages/airflow/example_dags/example_dataset_alias.py                                                             0           0                                                            0
/home/airflow/.local/lib/python3.12/site-packages/airflow/example_dags/example_sensor_decorator.py                                                          0           0                                                            0
/home/airflow/.local/lib/python3.12/site-packages/airflow/example_dags/example_trigger_controller_dag.py                                                    0           0                                                            0
/home/airflow/.local/lib/python3.12/site-packages/airflow/example_dags/example_branch_labels.py                                                             0           0                                                            0
/home/airflow/.local/lib/python3.12/site-packages/airflow/example_dags/tutorial_taskflow_api.py                                                             0           0                                                            0
/home/airflow/.local/lib/python3.12/site-packages/airflow/example_dags/example_short_circuit_decorator.py                                                   0           0                                                            0
/home/airflow/.local/lib/python3.12/site-packages/airflow/example_dags/example_branch_python_dop_operator_3.py                                              0           0                                                            0
/home/airflow/.local/lib/python3.12/site-packages/airflow/example_dags/example_local_kubernetes_executor.py                                                 0           0                                                            0
/home/airflow/.local/lib/python3.12/site-packages/airflow/example_dags/example_passing_params_via_test_command.py                                           0           0                                                            0
/home/airflow/.local/lib/python3.12/site-packages/airflow/example_dags/example_complex.py                                                                   0           0                                                            0
/home/airflow/.local/lib/python3.12/site-packages/airflow/example_dags/example_branch_operator.py                                                           0           0                                                            0
/home/airflow/.local/lib/python3.12/site-packages/airflow/example_dags/example_external_task_marker_dag.py                                                  0           0                                                            0
/home/airflow/.local/lib/python3.12/site-packages/airflow/example_dags/example_skip_dag.py                                                                  0           0                                                            0
/home/airflow/.local/lib/python3.12/site-packages/airflow/example_dags/example_trigger_target_dag.py                                                        0           0                                                            0
/home/airflow/.local/lib/python3.12/site-packages/airflow/example_dags/example_subdag_operator.py                                                           0           0                                                            0
/home/airflow/.local/lib/python3.12/site-packages/airflow/example_dags/example_datasets.py                                                                  0           0                                                            0
/home/airflow/.local/lib/python3.12/site-packages/airflow/example_dags/example_short_circuit_operator.py                                                    0           0                                                            0
/home/airflow/.local/lib/python3.12/site-packages/airflow/example_dags/example_python_operator.py                                                           0           0                                                            0
/home/airflow/.local/lib/python3.12/site-packages/airflow/example_dags/example_dataset_alias_with_no_taskflow.py                                            0           0                                                            0
/home/airflow/.local/lib/python3.12/site-packages/airflow/example_dags/tutorial.py                                                                          0           0                                                            0
/home/airflow/.local/lib/python3.12/site-packages/airflow/example_dags/example_time_delta_sensor_async.py                                                   0           0                                                            0
/home/airflow/.local/lib/python3.12/site-packages/airflow/example_dags/example_branch_day_of_week_operator.py                                               0           0                                                            0
/home/airflow/.local/lib/python3.12/site-packages/airflow/example_dags/tutorial_dag.py                                                                      0           0                                                            0
/home/airflow/.local/lib/python3.12/site-packages/airflow/example_dags/subdags/subdag.py                                                                    0           0                                                            0
/home/airflow/.local/lib/python3.12/site-packages/airflow/example_dags/plugins/event_listener.py                                                            0           0                                                            0
/home/airflow/.local/lib/python3.12/site-packages/airflow/example_dags/plugins/decreasing_priority_weight_strategy.py                                       0           0                                                            0
/home/airflow/.local/lib/python3.12/site-packages/airflow/example_dags/plugins/workday.py                                                                   0           0                                                            0
/home/airflow/.local/lib/python3.12/site-packages/airflow/example_dags/plugins/listener_plugin.py                                                           0           0                                                            0
================================================================================
[2026-09-24T21:29:27.128+0000] {manager.py:997} INFO - 
================================================================================
DAG File Processing Stats

File Path                                                                                                                            PID  Runtime      # DAGs    # Errors  Last Runtime    Last Run               Last # of DB Queries
---------------------------------------------------------------------------------------------------------------------------------  -----  ---------  --------  ----------  --------------  -------------------  ----------------------
/home/airflow/.local/lib/python3.12/site-packages/airflow/example_dags/example_inlet_event_extra.py                                                         0           1  62.90s          2026-09-24T21:26:45                       5
/home/airflow/.local/lib/python3.12/site-packages/airflow/example_dags/example_setup_teardown.py                                                            1           0  56.02s          2026-09-24T21:28:42                      10
/home/airflow/.local/lib/python3.12/site-packages/airflow/example_dags/example_dynamic_task_mapping.py                                                      0           1  50.91s          2026-09-24T21:28:28                       0
/home/airflow/.local/lib/python3.12/site-packages/airflow/example_dags/example_dynamic_task_mapping_with_no_taskflow_operators.py                           0           1  50.52s          2026-09-24T21:26:31                       0
/home/airflow/.local/lib/python3.12/site-packages/airflow/example_dags/example_nested_branch_dag.py                                                         0           1  50.00s          2026-09-24T21:27:34                       0
/home/airflow/.local/lib/python3.12/site-packages/airflow/example_dags/tutorial_objectstorage.py                                                            1           0  29.71s          2026-09-24T21:27:44                      10
/home/airflow/.local/lib/python3.12/site-packages/airflow/example_dags/example_latest_only.py                                        265  47.51s            0           0                                                            0
/home/airflow/.local/lib/python3.12/site-packages/airflow/example_dags/example_task_group.py                                         266  42.87s            0           0                                                            0
/home/airflow/.local/lib/python3.12/site-packages/airflow/example_dags/tutorial_taskflow_api_virtualenv.py                                                  0           0                                                            0
/home/airflow/.local/lib/python3.12/site-packages/airflow/example_dags/example_branch_operator_decorator.py                                                 0           0                                                            0
/home/airflow/.local/lib/python3.12/site-packages/airflow/example_dags/example_python_decorator.py                                                          0           0                                                            0
/home/airflow/.local/lib/python3.12/site-packages/airflow/example_dags/example_xcom.py                                                                      0           0                                                            0
/home/airflow/.local/lib/python3.12/site-packages/airflow/example_dags/example_params_trigger_ui.py                                                         0           0                                                            0
/home/airflow/.local/lib/python3.12/site-packages/airflow/example_dags/example_bash_decorator.py                                                            0           0                                                            0
/home/airflow/.local/lib/python3.12/site-packages/airflow/example_dags/example_branch_datetime_operator.py                                                  0           0                                                            0
/home/airflow/.local/lib/python3.12/site-packages/airflow/example_dags/example_params_ui_tutorial.py                                                        0           0                                                            0
/home/airflow/.local/lib/python3.12/site-packages/airflow/example_dags/example_bash_operator.py                                                             0           0                                                            0
/home/airflow/.local/lib/python3.12/site-packages/airflow/example_dags/example_dag_decorator.py                                                             0           0                                                            0
/home/airflow/.local/lib/python3.12/site-packages/airflow/example_dags/example_task_group_decorator.py                                                      0           0                                                            0
/home/airflow/.local/lib/python3.12/site-packages/airflow/example_dags/example_display_name.py                                                              0           0                                                            0
/home/airflow/.local/lib/python3.12/site-packages/airflow/example_dags/tutorial_taskflow_templates.py                                                       0           0                                                            0
/home/airflow/.local/lib/python3.12/site-packages/airflow/example_dags/example_sensors.py                                                                   0           0                                                            0
/home/airflow/.local/lib/python3.12/site-packages/airflow/example_dags/example_xcomargs.py                                                                  0           0                                                            0
/home/airflow/.local/lib/python3.12/site-packages/airflow/example_dags/example_outlet_event_extra.py                                                        0           0                                                            0
/home/airflow/.local/lib/python3.12/site-packages/airflow/example_dags/example_kubernetes_executor.py                                                       0           0                                                            0
/home/airflow/.local/lib/python3.12/site-packages/airflow/example_dags/example_sla_dag.py                                                                   0           0                                                            0
/home/airflow/.local/lib/python3.12/site-packages/airflow/example_dags/example_workday_timetable.py                                                         0           0                                                            0
/home/airflow/.local/lib/python3.12/site-packages/airflow/example_dags/example_latest_only_with_trigger.py                                                  0           0                                                            0
/home/airflow/.local/lib/python3.12/site-packages/airflow/example_dags/example_setup_teardown_taskflow.py                                                   0           0                                                            0
/home/airflow/.local/lib/python3.12/site-packages/airflow/example_dags/example_dataset_alias.py                                                             0           0                                                            0
/home/airflow/.local/lib/python3.12/site-packages/airflow/example_dags/example_sensor_decorator.py                                                          0           0                                                            0
/home/airflow/.local/lib/python3.12/site-packages/airflow/example_dags/example_trigger_controller_dag.py                                                    0           0                                                            0
/home/airflow/.local/lib/python3.12/site-packages/airflow/example_dags/example_branch_labels.py                                                             0           0                                                            0
/home/airflow/.local/lib/python3.12/site-packages/airflow/example_dags/tutorial_taskflow_api.py                                                             0           0                                                            0
/home/airflow/.local/lib/python3.12/site-packages/airflow/example_dags/example_short_circuit_decorator.py                                                   0           0                                                            0
/home/airflow/.local/lib/python3.12/site-packages/airflow/example_dags/example_branch_python_dop_operator_3.py                                              0           0                                                            0
/home/airflow/.local/lib/python3.12/site-packages/airflow/example_dags/example_local_kubernetes_executor.py                                                 0           0                                                            0
/home/airflow/.local/lib/python3.12/site-packages/airflow/example_dags/example_passing_params_via_test_command.py                                           0           0                                                            0
/home/airflow/.local/lib/python3.12/site-packages/airflow/example_dags/example_complex.py                                                                   0           0                                                            0
/home/airflow/.local/lib/python3.12/site-packages/airflow/example_dags/example_branch_operator.py                                                           0           0                                                            0
/home/airflow/.local/lib/python3.12/site-packages/airflow/example_dags/example_external_task_marker_dag.py                                                  0           0                                                            0
/home/airflow/.local/lib/python3.12/site-packages/airflow/example_dags/example_skip_dag.py                                                                  0           0                                                            0
/home/airflow/.local/lib/python3.12/site-packages/airflow/example_dags/example_trigger_target_dag.py                                                        0           0                                                            0
/home/airflow/.local/lib/python3.12/site-packages/airflow/example_dags/example_subdag_operator.py                                                           0           0                                                            0
/home/airflow/.local/lib/python3.12/site-packages/airflow/example_dags/example_datasets.py                                                                  0           0                                                            0
/home/airflow/.local/lib/python3.12/site-packages/airflow/example_dags/example_short_circuit_operator.py                                                    0           0                                                            0
/home/airflow/.local/lib/python3.12/site-packages/airflow/example_dags/example_python_operator.py                                                           0           0                                                            0
/home/airflow/.local/lib/python3.12/site-packages/airflow/example_dags/example_dataset_alias_with_no_taskflow.py                                            0           0                                                            0
/home/airflow/.local/lib/python3.12/site-packages/airflow/example_dags/tutorial.py                                                                          0           0                                                            0
/home/airflow/.local/lib/python3.12/site-packages/airflow/example_dags/example_time_delta_sensor_async.py                                                   0           0                                                            0
/home/airflow/.local/lib/python3.12/site-packages/airflow/example_dags/example_branch_day_of_week_operator.py                                               0           0                                                            0
/home/airflow/.local/lib/python3.12/site-packages/airflow/example_dags/tutorial_dag.py                                                                      0           0                                                            0
/home/airflow/.local/lib/python3.12/site-packages/airflow/example_dags/subdags/subdag.py                                                                    0           0                                                            0
/home/airflow/.local/lib/python3.12/site-packages/airflow/example_dags/plugins/event_listener.py                                                            0           0                                                            0
/home/airflow/.local/lib/python3.12/site-packages/airflow/example_dags/plugins/decreasing_priority_weight_strategy.py                                       0           0                                                            0
/home/airflow/.local/lib/python3.12/site-packages/airflow/example_dags/plugins/workday.py                                                                   0           0                                                            0
/home/airflow/.local/lib/python3.12/site-packages/airflow/example_dags/plugins/listener_plugin.py                                                           0           0                                                            0
================================================================================
[2026-09-24T21:30:15.668+0000] {manager.py:821} INFO - Searching for files in /opt/airflow/dags
[2026-09-24T21:30:26.207+0000] {manager.py:824} INFO - There are 57 files in /opt/airflow/dags
[2026-09-24T21:30:45.178+0000] {manager.py:1366} ERROR - Processor for /home/airflow/.local/lib/python3.12/site-packages/airflow/example_dags/tutorial_taskflow_api_virtualenv.py with PID 272 started at 2026-09-24T21:29:28.533102+00:00 has timed out, killing it.
[2026-09-24T21:30:46.438+0000] {manager.py:1366} ERROR - Processor for /home/airflow/.local/lib/python3.12/site-packages/airflow/example_dags/example_branch_operator_decorator.py with PID 273 started at 2026-09-24T21:29:30.645480+00:00 has timed out, killing it.
[2026-09-24T21:30:49.047+0000] {manager.py:997} INFO - 
================================================================================
DAG File Processing Stats

File Path                                                                                                                            PID  Runtime      # DAGs    # Errors  Last Runtime    Last Run               Last # of DB Queries
---------------------------------------------------------------------------------------------------------------------------------  -----  ---------  --------  ----------  --------------  -------------------  ----------------------
/home/airflow/.local/lib/python3.12/site-packages/airflow/example_dags/tutorial_taskflow_api_virtualenv.py                                                  0           1  76.40s          2026-09-24T21:30:44                       0
/home/airflow/.local/lib/python3.12/site-packages/airflow/example_dags/example_branch_operator_decorator.py                                                 0           1  74.29s          2026-09-24T21:30:44                       0
/home/airflow/.local/lib/python3.12/site-packages/airflow/example_dags/example_inlet_event_extra.py                                                         0           1  62.90s          2026-09-24T21:26:45                       5
/home/airflow/.local/lib/python3.12/site-packages/airflow/example_dags/example_setup_teardown.py                                                            1           0  56.02s          2026-09-24T21:28:42                      10
/home/airflow/.local/lib/python3.12/site-packages/airflow/example_dags/example_latest_only.py                                                               1           0  51.23s          2026-09-24T21:29:30                      12
/home/airflow/.local/lib/python3.12/site-packages/airflow/example_dags/example_dynamic_task_mapping.py                                                      0           1  50.91s          2026-09-24T21:28:28                       0
/home/airflow/.local/lib/python3.12/site-packages/airflow/example_dags/example_dynamic_task_mapping_with_no_taskflow_operators.py                           0           1  50.52s          2026-09-24T21:26:31                       0
/home/airflow/.local/lib/python3.12/site-packages/airflow/example_dags/example_nested_branch_dag.py                                                         0           1  50.00s          2026-09-24T21:27:34                       0
/home/airflow/.local/lib/python3.12/site-packages/airflow/example_dags/example_task_group.py                                                                1           0  44.21s          2026-09-24T21:29:27                      10
/home/airflow/.local/lib/python3.12/site-packages/airflow/example_dags/tutorial_objectstorage.py                                                            1           0  29.71s          2026-09-24T21:27:44                      10
/home/airflow/.local/lib/python3.12/site-packages/airflow/example_dags/example_python_decorator.py                                   285  1.02s             0           0                                                            0
/home/airflow/.local/lib/python3.12/site-packages/airflow/example_dags/example_xcom.py                                               286  0.23s             0           0                                                            0
/home/airflow/.local/lib/python3.12/site-packages/airflow/example_dags/example_params_trigger_ui.py                                                         0           0                                                            0
/home/airflow/.local/lib/python3.12/site-packages/airflow/example_dags/example_bash_decorator.py                                                            0           0                                                            0
/home/airflow/.local/lib/python3.12/site-packages/airflow/example_dags/example_branch_datetime_operator.py                                                  0           0                                                            0
/home/airflow/.local/lib/python3.12/site-packages/airflow/example_dags/example_params_ui_tutorial.py                                                        0           0                                                            0
/home/airflow/.local/lib/python3.12/site-packages/airflow/example_dags/example_bash_operator.py                                                             0           0                                                            0
/home/airflow/.local/lib/python3.12/site-packages/airflow/example_dags/example_dag_decorator.py                                                             0           0                                                            0
/home/airflow/.local/lib/python3.12/site-packages/airflow/example_dags/example_task_group_decorator.py                                                      0           0                                                            0
/home/airflow/.local/lib/python3.12/site-packages/airflow/example_dags/example_display_name.py                                                              0           0                                                            0
/home/airflow/.local/lib/python3.12/site-packages/airflow/example_dags/tutorial_taskflow_templates.py                                                       0           0                                                            0
/home/airflow/.local/lib/python3.12/site-packages/airflow/example_dags/example_sensors.py                                                                   0           0                                                            0
/home/airflow/.local/lib/python3.12/site-packages/airflow/example_dags/example_xcomargs.py                                                                  0           0                                                            0
/home/airflow/.local/lib/python3.12/site-packages/airflow/example_dags/example_outlet_event_extra.py                                                        0           0                                                            0
/home/airflow/.local/lib/python3.12/site-packages/airflow/example_dags/example_kubernetes_executor.py                                                       0           0                                                            0
/home/airflow/.local/lib/python3.12/site-packages/airflow/example_dags/example_sla_dag.py                                                                   0           0                                                            0
/home/airflow/.local/lib/python3.12/site-packages/airflow/example_dags/example_workday_timetable.py                                                         0           0                                                            0
/home/airflow/.local/lib/python3.12/site-packages/airflow/example_dags/example_latest_only_with_trigger.py                                                  0           0                                                            0
/home/airflow/.local/lib/python3.12/site-packages/airflow/example_dags/example_setup_teardown_taskflow.py                                                   0           0                                                            0
/home/airflow/.local/lib/python3.12/site-packages/airflow/example_dags/example_dataset_alias.py                                                             0           0                                                            0
/home/airflow/.local/lib/python3.12/site-packages/airflow/example_dags/example_sensor_decorator.py                                                          0           0                                                            0
/home/airflow/.local/lib/python3.12/site-packages/airflow/example_dags/example_trigger_controller_dag.py                                                    0           0                                                            0
/home/airflow/.local/lib/python3.12/site-packages/airflow/example_dags/example_branch_labels.py                                                             0           0                                                            0
/home/airflow/.local/lib/python3.12/site-packages/airflow/example_dags/tutorial_taskflow_api.py                                                             0           0                                                            0
/home/airflow/.local/lib/python3.12/site-packages/airflow/example_dags/example_short_circuit_decorator.py                                                   0           0                                                            0
/home/airflow/.local/lib/python3.12/site-packages/airflow/example_dags/example_branch_python_dop_operator_3.py                                              0           0                                                            0
/home/airflow/.local/lib/python3.12/site-packages/airflow/example_dags/example_local_kubernetes_executor.py                                                 0           0                                                            0
/home/airflow/.local/lib/python3.12/site-packages/airflow/example_dags/example_passing_params_via_test_command.py                                           0           0                                                            0
/home/airflow/.local/lib/python3.12/site-packages/airflow/example_dags/example_complex.py                                                                   0           0                                                            0
/home/airflow/.local/lib/python3.12/site-packages/airflow/example_dags/example_branch_operator.py                                                           0           0                                                            0
/home/airflow/.local/lib/python3.12/site-packages/airflow/example_dags/example_external_task_marker_dag.py                                                  0           0                                                            0
/home/airflow/.local/lib/python3.12/site-packages/airflow/example_dags/example_skip_dag.py                                                                  0           0                                                            0
/home/airflow/.local/lib/python3.12/site-packages/airflow/example_dags/example_trigger_target_dag.py                                                        0           0                                                            0
/home/airflow/.local/lib/python3.12/site-packages/airflow/example_dags/example_subdag_operator.py                                                           0           0                                                            0
/home/airflow/.local/lib/python3.12/site-packages/airflow/example_dags/example_datasets.py                                                                  0           0                                                            0
/home/airflow/.local/lib/python3.12/site-packages/airflow/example_dags/example_short_circuit_operator.py                                                    0           0                                                            0
/home/airflow/.local/lib/python3.12/site-packages/airflow/example_dags/example_python_operator.py                                                           0           0                                                            0
/home/airflow/.local/lib/python3.12/site-packages/airflow/example_dags/example_dataset_alias_with_no_taskflow.py                                            0           0                                                            0
/home/airflow/.local/lib/python3.12/site-packages/airflow/example_dags/tutorial.py                                                                          0           0                                                            0
/home/airflow/.local/lib/python3.12/site-packages/airflow/example_dags/example_time_delta_sensor_async.py                                                   0           0                                                            0
/home/airflow/.local/lib/python3.12/site-packages/airflow/example_dags/example_branch_day_of_week_operator.py                                               0           0                                                            0
/home/airflow/.local/lib/python3.12/site-packages/airflow/example_dags/tutorial_dag.py                                                                      0           0                                                            0
/home/airflow/.local/lib/python3.12/site-packages/airflow/example_dags/subdags/subdag.py                                                                    0           0                                                            0
/home/airflow/.local/lib/python3.12/site-packages/airflow/example_dags/plugins/event_listener.py                                                            0           0                                                            0
/home/airflow/.local/lib/python3.12/site-packages/airflow/example_dags/plugins/decreasing_priority_weight_strategy.py                                       0           0                                                            0
/home/airflow/.local/lib/python3.12/site-packages/airflow/example_dags/plugins/workday.py                                                                   0           0                                                            0
/home/airflow/.local/lib/python3.12/site-packages/airflow/example_dags/plugins/listener_plugin.py                                                           0           0                                                            0
================================================================================
[2026-09-24T21:31:19.749+0000] {manager.py:997} INFO - 
================================================================================
DAG File Processing Stats

File Path                                                                                                                            PID  Runtime      # DAGs    # Errors  Last Runtime    Last Run               Last # of DB Queries
---------------------------------------------------------------------------------------------------------------------------------  -----  ---------  --------  ----------  --------------  -------------------  ----------------------
/home/airflow/.local/lib/python3.12/site-packages/airflow/example_dags/tutorial_taskflow_api_virtualenv.py                                                  0           1  76.40s          2026-09-24T21:30:44                       0
/home/airflow/.local/lib/python3.12/site-packages/airflow/example_dags/example_branch_operator_decorator.py                                                 0           1  74.29s          2026-09-24T21:30:44                       0
/home/airflow/.local/lib/python3.12/site-packages/airflow/example_dags/example_inlet_event_extra.py                                                         0           1  62.90s          2026-09-24T21:26:45                       5
/home/airflow/.local/lib/python3.12/site-packages/airflow/example_dags/example_setup_teardown.py                                                            1           0  56.02s          2026-09-24T21:28:42                      10
/home/airflow/.local/lib/python3.12/site-packages/airflow/example_dags/example_latest_only.py                                                               1           0  51.23s          2026-09-24T21:29:30                      12
/home/airflow/.local/lib/python3.12/site-packages/airflow/example_dags/example_dynamic_task_mapping.py                                                      0           1  50.91s          2026-09-24T21:28:28                       0
/home/airflow/.local/lib/python3.12/site-packages/airflow/example_dags/example_dynamic_task_mapping_with_no_taskflow_operators.py                           0           1  50.52s          2026-09-24T21:26:31                       0
/home/airflow/.local/lib/python3.12/site-packages/airflow/example_dags/example_nested_branch_dag.py                                                         0           1  50.00s          2026-09-24T21:27:34                       0
/home/airflow/.local/lib/python3.12/site-packages/airflow/example_dags/example_task_group.py                                                                1           0  44.21s          2026-09-24T21:29:27                      10
/home/airflow/.local/lib/python3.12/site-packages/airflow/example_dags/tutorial_objectstorage.py                                                            1           0  29.71s          2026-09-24T21:27:44                      10
/home/airflow/.local/lib/python3.12/site-packages/airflow/example_dags/example_python_decorator.py                                   285  31.77s            0           0                                                            0
/home/airflow/.local/lib/python3.12/site-packages/airflow/example_dags/example_xcom.py                                               286  30.97s            0           0                                                            0
/home/airflow/.local/lib/python3.12/site-packages/airflow/example_dags/example_params_trigger_ui.py                                                         0           0                                                            0
/home/airflow/.local/lib/python3.12/site-packages/airflow/example_dags/example_bash_decorator.py                                                            0           0                                                            0
/home/airflow/.local/lib/python3.12/site-packages/airflow/example_dags/example_branch_datetime_operator.py                                                  0           0                                                            0
/home/airflow/.local/lib/python3.12/site-packages/airflow/example_dags/example_params_ui_tutorial.py                                                        0           0                                                            0
/home/airflow/.local/lib/python3.12/site-packages/airflow/example_dags/example_bash_operator.py                                                             0           0                                                            0
/home/airflow/.local/lib/python3.12/site-packages/airflow/example_dags/example_dag_decorator.py                                                             0           0                                                            0
/home/airflow/.local/lib/python3.12/site-packages/airflow/example_dags/example_task_group_decorator.py                                                      0           0                                                            0
/home/airflow/.local/lib/python3.12/site-packages/airflow/example_dags/example_display_name.py                                                              0           0                                                            0
/home/airflow/.local/lib/python3.12/site-packages/airflow/example_dags/tutorial_taskflow_templates.py                                                       0           0                                                            0
/home/airflow/.local/lib/python3.12/site-packages/airflow/example_dags/example_sensors.py                                                                   0           0                                                            0
/home/airflow/.local/lib/python3.12/site-packages/airflow/example_dags/example_xcomargs.py                                                                  0           0                                                            0
/home/airflow/.local/lib/python3.12/site-packages/airflow/example_dags/example_outlet_event_extra.py                                                        0           0                                                            0
/home/airflow/.local/lib/python3.12/site-packages/airflow/example_dags/example_kubernetes_executor.py                                                       0           0                                                            0
/home/airflow/.local/lib/python3.12/site-packages/airflow/example_dags/example_sla_dag.py                                                                   0           0                                                            0
/home/airflow/.local/lib/python3.12/site-packages/airflow/example_dags/example_workday_timetable.py                                                         0           0                                                            0
/home/airflow/.local/lib/python3.12/site-packages/airflow/example_dags/example_latest_only_with_trigger.py                                                  0           0                                                            0
/home/airflow/.local/lib/python3.12/site-packages/airflow/example_dags/example_setup_teardown_taskflow.py                                                   0           0                                                            0
/home/airflow/.local/lib/python3.12/site-packages/airflow/example_dags/example_dataset_alias.py                                                             0           0                                                            0
/home/airflow/.local/lib/python3.12/site-packages/airflow/example_dags/example_sensor_decorator.py                                                          0           0                                                            0
/home/airflow/.local/lib/python3.12/site-packages/airflow/example_dags/example_trigger_controller_dag.py                                                    0           0                                                            0
/home/airflow/.local/lib/python3.12/site-packages/airflow/example_dags/example_branch_labels.py                                                             0           0                                                            0
/home/airflow/.local/lib/python3.12/site-packages/airflow/example_dags/tutorial_taskflow_api.py                                                             0           0                                                            0
/home/airflow/.local/lib/python3.12/site-packages/airflow/example_dags/example_short_circuit_decorator.py                                                   0           0                                                            0
/home/airflow/.local/lib/python3.12/site-packages/airflow/example_dags/example_branch_python_dop_operator_3.py                                              0           0                                                            0
/home/airflow/.local/lib/python3.12/site-packages/airflow/example_dags/example_local_kubernetes_executor.py                                                 0           0                                                            0
/home/airflow/.local/lib/python3.12/site-packages/airflow/example_dags/example_passing_params_via_test_command.py                                           0           0                                                            0
/home/airflow/.local/lib/python3.12/site-packages/airflow/example_dags/example_complex.py                                                                   0           0                                                            0
/home/airflow/.local/lib/python3.12/site-packages/airflow/example_dags/example_branch_operator.py                                                           0           0                                                            0
/home/airflow/.local/lib/python3.12/site-packages/airflow/example_dags/example_external_task_marker_dag.py                                                  0           0                                                            0
/home/airflow/.local/lib/python3.12/site-packages/airflow/example_dags/example_skip_dag.py                                                                  0           0                                                            0
/home/airflow/.local/lib/python3.12/site-packages/airflow/example_dags/example_trigger_target_dag.py                                                        0           0                                                            0
/home/airflow/.local/lib/python3.12/site-packages/airflow/example_dags/example_subdag_operator.py                                                           0           0                                                            0
/home/airflow/.local/lib/python3.12/site-packages/airflow/example_dags/example_datasets.py                                                                  0           0                                                            0
/home/airflow/.local/lib/python3.12/site-packages/airflow/example_dags/example_short_circuit_operator.py                                                    0           0                                                            0
/home/airflow/.local/lib/python3.12/site-packages/airflow/example_dags/example_python_operator.py                                                           0           0                                                            0
/home/airflow/.local/lib/python3.12/site-packages/airflow/example_dags/example_dataset_alias_with_no_taskflow.py                                            0           0                                                            0
/home/airflow/.local/lib/python3.12/site-packages/airflow/example_dags/tutorial.py                                                                          0           0                                                            0
/home/airflow/.local/lib/python3.12/site-packages/airflow/example_dags/example_time_delta_sensor_async.py                                                   0           0                                                            0
/home/airflow/.local/lib/python3.12/site-packages/airflow/example_dags/example_branch_day_of_week_operator.py                                               0           0                                                            0
/home/airflow/.local/lib/python3.12/site-packages/airflow/example_dags/tutorial_dag.py                                                                      0           0                                                            0
/home/airflow/.local/lib/python3.12/site-packages/airflow/example_dags/subdags/subdag.py                                                                    0           0                                                            0
/home/airflow/.local/lib/python3.12/site-packages/airflow/example_dags/plugins/event_listener.py                                                            0           0                                                            0
/home/airflow/.local/lib/python3.12/site-packages/airflow/example_dags/plugins/decreasing_priority_weight_strategy.py                                       0           0                                                            0
/home/airflow/.local/lib/python3.12/site-packages/airflow/example_dags/plugins/workday.py                                                                   0           0                                                            0
/home/airflow/.local/lib/python3.12/site-packages/airflow/example_dags/plugins/listener_plugin.py                                                           0           0                                                            0
================================================================================
[2026-09-24T21:31:40.007+0000] {manager.py:1366} ERROR - Processor for /home/airflow/.local/lib/python3.12/site-packages/airflow/example_dags/example_python_decorator.py with PID 285 started at 2026-09-24T21:30:47.334433+00:00 has timed out, killing it.
[2026-09-24T21:31:40.685+0000] {manager.py:1366} ERROR - Processor for /home/airflow/.local/lib/python3.12/site-packages/airflow/example_dags/example_xcom.py with PID 286 started at 2026-09-24T21:30:48.131109+00:00 has timed out, killing it.
[2026-09-24T21:32:00.728+0000] {manager.py:997} INFO - 
================================================================================
DAG File Processing Stats

File Path                                                                                                                            PID  Runtime      # DAGs    # Errors  Last Runtime    Last Run               Last # of DB Queries
---------------------------------------------------------------------------------------------------------------------------------  -----  ---------  --------  ----------  --------------  -------------------  ----------------------
/home/airflow/.local/lib/python3.12/site-packages/airflow/example_dags/tutorial_taskflow_api_virtualenv.py                                                  0           1  76.40s          2026-09-24T21:30:44                       0
/home/airflow/.local/lib/python3.12/site-packages/airflow/example_dags/example_branch_operator_decorator.py                                                 0           1  74.29s          2026-09-24T21:30:44                       0
/home/airflow/.local/lib/python3.12/site-packages/airflow/example_dags/example_inlet_event_extra.py                                                         0           1  62.90s          2026-09-24T21:26:45                       5
/home/airflow/.local/lib/python3.12/site-packages/airflow/example_dags/example_setup_teardown.py                                                            1           0  56.02s          2026-09-24T21:28:42                      10
/home/airflow/.local/lib/python3.12/site-packages/airflow/example_dags/example_python_decorator.py                                                          0           1  52.56s          2026-09-24T21:31:39                       0
/home/airflow/.local/lib/python3.12/site-packages/airflow/example_dags/example_xcom.py                                                                      0           1  51.76s          2026-09-24T21:31:39                       0
/home/airflow/.local/lib/python3.12/site-packages/airflow/example_dags/example_latest_only.py                                                               1           0  51.23s          2026-09-24T21:29:30                      12
/home/airflow/.local/lib/python3.12/site-packages/airflow/example_dags/example_dynamic_task_mapping.py                                                      0           1  50.91s          2026-09-24T21:28:28                       0
/home/airflow/.local/lib/python3.12/site-packages/airflow/example_dags/example_dynamic_task_mapping_with_no_taskflow_operators.py                           0           1  50.52s          2026-09-24T21:26:31                       0
/home/airflow/.local/lib/python3.12/site-packages/airflow/example_dags/example_nested_branch_dag.py                                                         0           1  50.00s          2026-09-24T21:27:34                       0
/home/airflow/.local/lib/python3.12/site-packages/airflow/example_dags/example_task_group.py                                                                1           0  44.21s          2026-09-24T21:29:27                      10
/home/airflow/.local/lib/python3.12/site-packages/airflow/example_dags/tutorial_objectstorage.py                                                            1           0  29.71s          2026-09-24T21:27:44                      10
/home/airflow/.local/lib/python3.12/site-packages/airflow/example_dags/example_params_trigger_ui.py                                  299  11.50s            0           0                                                            0
/home/airflow/.local/lib/python3.12/site-packages/airflow/example_dags/example_bash_decorator.py                                     300  1.18s             0           0                                                            0
/home/airflow/.local/lib/python3.12/site-packages/airflow/example_dags/example_branch_datetime_operator.py                                                  0           0                                                            0
/home/airflow/.local/lib/python3.12/site-packages/airflow/example_dags/example_params_ui_tutorial.py                                                        0           0                                                            0
/home/airflow/.local/lib/python3.12/site-packages/airflow/example_dags/example_bash_operator.py                                                             0           0                                                            0
/home/airflow/.local/lib/python3.12/site-packages/airflow/example_dags/example_dag_decorator.py                                                             0           0                                                            0
/home/airflow/.local/lib/python3.12/site-packages/airflow/example_dags/example_task_group_decorator.py                                                      0           0                                                            0
/home/airflow/.local/lib/python3.12/site-packages/airflow/example_dags/example_display_name.py                                                              0           0                                                            0
/home/airflow/.local/lib/python3.12/site-packages/airflow/example_dags/tutorial_taskflow_templates.py                                                       0           0                                                            0
/home/airflow/.local/lib/python3.12/site-packages/airflow/example_dags/example_sensors.py                                                                   0           0                                                            0
/home/airflow/.local/lib/python3.12/site-packages/airflow/example_dags/example_xcomargs.py                                                                  0           0                                                            0
/home/airflow/.local/lib/python3.12/site-packages/airflow/example_dags/example_outlet_event_extra.py                                                        0           0                                                            0
/home/airflow/.local/lib/python3.12/site-packages/airflow/example_dags/example_kubernetes_executor.py                                                       0           0                                                            0
/home/airflow/.local/lib/python3.12/site-packages/airflow/example_dags/example_sla_dag.py                                                                   0           0                                                            0
/home/airflow/.local/lib/python3.12/site-packages/airflow/example_dags/example_workday_timetable.py                                                         0           0                                                            0
/home/airflow/.local/lib/python3.12/site-packages/airflow/example_dags/example_latest_only_with_trigger.py                                                  0           0                                                            0
/home/airflow/.local/lib/python3.12/site-packages/airflow/example_dags/example_setup_teardown_taskflow.py                                                   0           0                                                            0
/home/airflow/.local/lib/python3.12/site-packages/airflow/example_dags/example_dataset_alias.py                                                             0           0                                                            0
/home/airflow/.local/lib/python3.12/site-packages/airflow/example_dags/example_sensor_decorator.py                                                          0           0                                                            0
/home/airflow/.local/lib/python3.12/site-packages/airflow/example_dags/example_trigger_controller_dag.py                                                    0           0                                                            0
/home/airflow/.local/lib/python3.12/site-packages/airflow/example_dags/example_branch_labels.py                                                             0           0                                                            0
/home/airflow/.local/lib/python3.12/site-packages/airflow/example_dags/tutorial_taskflow_api.py                                                             0           0                                                            0
/home/airflow/.local/lib/python3.12/site-packages/airflow/example_dags/example_short_circuit_decorator.py                                                   0           0                                                            0
/home/airflow/.local/lib/python3.12/site-packages/airflow/example_dags/example_branch_python_dop_operator_3.py                                              0           0                                                            0
/home/airflow/.local/lib/python3.12/site-packages/airflow/example_dags/example_local_kubernetes_executor.py                                                 0           0                                                            0
/home/airflow/.local/lib/python3.12/site-packages/airflow/example_dags/example_passing_params_via_test_command.py                                           0           0                                                            0
/home/airflow/.local/lib/python3.12/site-packages/airflow/example_dags/example_complex.py                                                                   0           0                                                            0
/home/airflow/.local/lib/python3.12/site-packages/airflow/example_dags/example_branch_operator.py                                                           0           0                                                            0
/home/airflow/.local/lib/python3.12/site-packages/airflow/example_dags/example_external_task_marker_dag.py                                                  0           0                                                            0
/home/airflow/.local/lib/python3.12/site-packages/airflow/example_dags/example_skip_dag.py                                                                  0           0                                                            0
/home/airflow/.local/lib/python3.12/site-packages/airflow/example_dags/example_trigger_target_dag.py                                                        0           0                                                            0
/home/airflow/.local/lib/python3.12/site-packages/airflow/example_dags/example_subdag_operator.py                                                           0           0                                                            0
/home/airflow/.local/lib/python3.12/site-packages/airflow/example_dags/example_datasets.py                                                                  0           0                                                            0
/home/airflow/.local/lib/python3.12/site-packages/airflow/example_dags/example_short_circuit_operator.py                                                    0           0                                                            0
/home/airflow/.local/lib/python3.12/site-packages/airflow/example_dags/example_python_operator.py                                                           0           0                                                            0
/home/airflow/.local/lib/python3.12/site-packages/airflow/example_dags/example_dataset_alias_with_no_taskflow.py                                            0           0                                                            0
/home/airflow/.local/lib/python3.12/site-packages/airflow/example_dags/tutorial.py                                                                          0           0                                                            0
/home/airflow/.local/lib/python3.12/site-packages/airflow/example_dags/example_time_delta_sensor_async.py                                                   0           0                                                            0
/home/airflow/.local/lib/python3.12/site-packages/airflow/example_dags/example_branch_day_of_week_operator.py                                               0           0                                                            0
/home/airflow/.local/lib/python3.12/site-packages/airflow/example_dags/tutorial_dag.py                                                                      0           0                                                            0
/home/airflow/.local/lib/python3.12/site-packages/airflow/example_dags/subdags/subdag.py                                                                    0           0                                                            0
/home/airflow/.local/lib/python3.12/site-packages/airflow/example_dags/plugins/event_listener.py                                                            0           0                                                            0
/home/airflow/.local/lib/python3.12/site-packages/airflow/example_dags/plugins/decreasing_priority_weight_strategy.py                                       0           0                                                            0
/home/airflow/.local/lib/python3.12/site-packages/airflow/example_dags/plugins/workday.py                                                                   0           0                                                            0
/home/airflow/.local/lib/python3.12/site-packages/airflow/example_dags/plugins/listener_plugin.py                                                           0           0                                                            0
================================================================================
[2026-09-24T21:32:34.189+0000] {manager.py:997} INFO - 
================================================================================
DAG File Processing Stats

File Path                                                                                                                            PID  Runtime      # DAGs    # Errors  Last Runtime    Last Run               Last # of DB Queries
---------------------------------------------------------------------------------------------------------------------------------  -----  ---------  --------  ----------  --------------  -------------------  ----------------------
/home/airflow/.local/lib/python3.12/site-packages/airflow/example_dags/tutorial_taskflow_api_virtualenv.py                                                  0           1  76.40s          2026-09-24T21:30:44                       0
/home/airflow/.local/lib/python3.12/site-packages/airflow/example_dags/example_branch_operator_decorator.py                                                 0           1  74.29s          2026-09-24T21:30:44                       0
/home/airflow/.local/lib/python3.12/site-packages/airflow/example_dags/example_inlet_event_extra.py                                                         0           1  62.90s          2026-09-24T21:26:45                       5
/home/airflow/.local/lib/python3.12/site-packages/airflow/example_dags/example_setup_teardown.py                                                            1           0  56.02s          2026-09-24T21:28:42                      10
/home/airflow/.local/lib/python3.12/site-packages/airflow/example_dags/example_python_decorator.py                                                          0           1  52.56s          2026-09-24T21:31:39                       0
/home/airflow/.local/lib/python3.12/site-packages/airflow/example_dags/example_xcom.py                                                                      0           1  51.76s          2026-09-24T21:31:39                       0
/home/airflow/.local/lib/python3.12/site-packages/airflow/example_dags/example_latest_only.py                                                               1           0  51.23s          2026-09-24T21:29:30                      12
/home/airflow/.local/lib/python3.12/site-packages/airflow/example_dags/example_dynamic_task_mapping.py                                                      0           1  50.91s          2026-09-24T21:28:28                       0
/home/airflow/.local/lib/python3.12/site-packages/airflow/example_dags/example_dynamic_task_mapping_with_no_taskflow_operators.py                           0           1  50.52s          2026-09-24T21:26:31                       0
/home/airflow/.local/lib/python3.12/site-packages/airflow/example_dags/example_nested_branch_dag.py                                                         0           1  50.00s          2026-09-24T21:27:34                       0
/home/airflow/.local/lib/python3.12/site-packages/airflow/example_dags/example_task_group.py                                                                1           0  44.21s          2026-09-24T21:29:27                      10
/home/airflow/.local/lib/python3.12/site-packages/airflow/example_dags/tutorial_objectstorage.py                                                            1           0  29.71s          2026-09-24T21:27:44                      10
/home/airflow/.local/lib/python3.12/site-packages/airflow/example_dags/example_params_trigger_ui.py                                  299  52.06s            0           0                                                            0
/home/airflow/.local/lib/python3.12/site-packages/airflow/example_dags/example_bash_decorator.py                                     300  41.75s            0           0                                                            0
/home/airflow/.local/lib/python3.12/site-packages/airflow/example_dags/example_branch_datetime_operator.py                                                  0           0                                                            0
/home/airflow/.local/lib/python3.12/site-packages/airflow/example_dags/example_params_ui_tutorial.py                                                        0           0                                                            0
/home/airflow/.local/lib/python3.12/site-packages/airflow/example_dags/example_bash_operator.py                                                             0           0                                                            0
/home/airflow/.local/lib/python3.12/site-packages/airflow/example_dags/example_dag_decorator.py                                                             0           0                                                            0
/home/airflow/.local/lib/python3.12/site-packages/airflow/example_dags/example_task_group_decorator.py                                                      0           0                                                            0
/home/airflow/.local/lib/python3.12/site-packages/airflow/example_dags/example_display_name.py                                                              0           0                                                            0
/home/airflow/.local/lib/python3.12/site-packages/airflow/example_dags/tutorial_taskflow_templates.py                                                       0           0                                                            0
/home/airflow/.local/lib/python3.12/site-packages/airflow/example_dags/example_sensors.py                                                                   0           0                                                            0
/home/airflow/.local/lib/python3.12/site-packages/airflow/example_dags/example_xcomargs.py                                                                  0           0                                                            0
/home/airflow/.local/lib/python3.12/site-packages/airflow/example_dags/example_outlet_event_extra.py                                                        0           0                                                            0
/home/airflow/.local/lib/python3.12/site-packages/airflow/example_dags/example_kubernetes_executor.py                                                       0           0                                                            0
/home/airflow/.local/lib/python3.12/site-packages/airflow/example_dags/example_sla_dag.py                                                                   0           0                                                            0
/home/airflow/.local/lib/python3.12/site-packages/airflow/example_dags/example_workday_timetable.py                                                         0           0                                                            0
/home/airflow/.local/lib/python3.12/site-packages/airflow/example_dags/example_latest_only_with_trigger.py                                                  0           0                                                            0
/home/airflow/.local/lib/python3.12/site-packages/airflow/example_dags/example_setup_teardown_taskflow.py                                                   0           0                                                            0
/home/airflow/.local/lib/python3.12/site-packages/airflow/example_dags/example_dataset_alias.py                                                             0           0                                                            0
/home/airflow/.local/lib/python3.12/site-packages/airflow/example_dags/example_sensor_decorator.py                                                          0           0                                                            0
/home/airflow/.local/lib/python3.12/site-packages/airflow/example_dags/example_trigger_controller_dag.py                                                    0           0                                                            0
/home/airflow/.local/lib/python3.12/site-packages/airflow/example_dags/example_branch_labels.py                                                             0           0                                                            0
/home/airflow/.local/lib/python3.12/site-packages/airflow/example_dags/tutorial_taskflow_api.py                                                             0           0                                                            0
/home/airflow/.local/lib/python3.12/site-packages/airflow/example_dags/example_short_circuit_decorator.py                                                   0           0                                                            0
/home/airflow/.local/lib/python3.12/site-packages/airflow/example_dags/example_branch_python_dop_operator_3.py                                              0           0                                                            0
/home/airflow/.local/lib/python3.12/site-packages/airflow/example_dags/example_local_kubernetes_executor.py                                                 0           0                                                            0
/home/airflow/.local/lib/python3.12/site-packages/airflow/example_dags/example_passing_params_via_test_command.py                                           0           0                                                            0
/home/airflow/.local/lib/python3.12/site-packages/airflow/example_dags/example_complex.py                                                                   0           0                                                            0
/home/airflow/.local/lib/python3.12/site-packages/airflow/example_dags/example_branch_operator.py                                                           0           0                                                            0
/home/airflow/.local/lib/python3.12/site-packages/airflow/example_dags/example_external_task_marker_dag.py                                                  0           0                                                            0
/home/airflow/.local/lib/python3.12/site-packages/airflow/example_dags/example_skip_dag.py                                                                  0           0                                                            0
/home/airflow/.local/lib/python3.12/site-packages/airflow/example_dags/example_trigger_target_dag.py                                                        0           0                                                            0
/home/airflow/.local/lib/python3.12/site-packages/airflow/example_dags/example_subdag_operator.py                                                           0           0                                                            0
/home/airflow/.local/lib/python3.12/site-packages/airflow/example_dags/example_datasets.py                                                                  0           0                                                            0
/home/airflow/.local/lib/python3.12/site-packages/airflow/example_dags/example_short_circuit_operator.py                                                    0           0                                                            0
/home/airflow/.local/lib/python3.12/site-packages/airflow/example_dags/example_python_operator.py                                                           0           0                                                            0
/home/airflow/.local/lib/python3.12/site-packages/airflow/example_dags/example_dataset_alias_with_no_taskflow.py                                            0           0                                                            0
/home/airflow/.local/lib/python3.12/site-packages/airflow/example_dags/tutorial.py                                                                          0           0                                                            0
/home/airflow/.local/lib/python3.12/site-packages/airflow/example_dags/example_time_delta_sensor_async.py                                                   0           0                                                            0
/home/airflow/.local/lib/python3.12/site-packages/airflow/example_dags/example_branch_day_of_week_operator.py                                               0           0                                                            0
/home/airflow/.local/lib/python3.12/site-packages/airflow/example_dags/tutorial_dag.py                                                                      0           0                                                            0
/home/airflow/.local/lib/python3.12/site-packages/airflow/example_dags/subdags/subdag.py                                                                    0           0                                                            0
/home/airflow/.local/lib/python3.12/site-packages/airflow/example_dags/plugins/event_listener.py                                                            0           0                                                            0
/home/airflow/.local/lib/python3.12/site-packages/airflow/example_dags/plugins/decreasing_priority_weight_strategy.py                                       0           0                                                            0
/home/airflow/.local/lib/python3.12/site-packages/airflow/example_dags/plugins/workday.py                                                                   0           0                                                            0
/home/airflow/.local/lib/python3.12/site-packages/airflow/example_dags/plugins/listener_plugin.py                                                           0           0                                                            0
================================================================================
[2026-09-24T21:32:42.808+0000] {manager.py:465} INFO - Exiting gracefully upon receiving signal 15
[2026-09-24T21:32:44.128+0000] {manager.py:465} INFO - Exiting gracefully upon receiving signal 15
[2026-09-24T21:32:44.100+0000] {manager.py:465} INFO - Exiting gracefully upon receiving signal 15
[2026-09-24T22:23:55.556+0000] {manager.py:483} INFO - Processing files using up to 2 processes at a time 
[2026-09-24T22:23:55.598+0000] {manager.py:484} INFO - Process each file at most once every 30 seconds
[2026-09-24T22:23:55.600+0000] {manager.py:485} INFO - Checking for new files in /opt/airflow/dags every 300 seconds
[2026-09-24T22:23:55.646+0000] {manager.py:821} INFO - Searching for files in /opt/airflow/dags
[2026-09-24T22:24:14.570+0000] {manager.py:824} INFO - There are 57 files in /opt/airflow/dags
[2026-09-24T22:25:27.465+0000] {manager.py:1366} ERROR - Processor for /home/airflow/.local/lib/python3.12/site-packages/airflow/example_dags/example_dynamic_task_mapping_with_no_taskflow_operators.py with PID 254 started at 2026-09-24T22:24:28.151128+00:00 has timed out, killing it.
[2026-09-24T22:25:45.144+0000] {manager.py:997} INFO - 
================================================================================
DAG File Processing Stats

File Path                                                                                                                            PID  Runtime      # DAGs    # Errors  Last Runtime    Last Run               Last # of DB Queries
---------------------------------------------------------------------------------------------------------------------------------  -----  ---------  --------  ----------  --------------  -------------------  ----------------------
/home/airflow/.local/lib/python3.12/site-packages/airflow/example_dags/example_dynamic_task_mapping_with_no_taskflow_operators.py                           0           1  59.30s          2026-09-24T22:25:27                       0
/home/airflow/.local/lib/python3.12/site-packages/airflow/example_dags/example_inlet_event_extra.py                                  261  23.88s            0           0                                                            0
/home/airflow/.local/lib/python3.12/site-packages/airflow/example_dags/example_nested_branch_dag.py                                  262  0.38s             0           0                                                            0
/home/airflow/.local/lib/python3.12/site-packages/airflow/example_dags/tutorial_objectstorage.py                                                            0           0                                                            0
/home/airflow/.local/lib/python3.12/site-packages/airflow/example_dags/example_dynamic_task_mapping.py                                                      0           0                                                            0
/home/airflow/.local/lib/python3.12/site-packages/airflow/example_dags/example_setup_teardown.py                                                            0           0                                                            0
/home/airflow/.local/lib/python3.12/site-packages/airflow/example_dags/example_latest_only.py                                                               0           0                                                            0
/home/airflow/.local/lib/python3.12/site-packages/airflow/example_dags/example_task_group.py                                                                0           0                                                            0
/home/airflow/.local/lib/python3.12/site-packages/airflow/example_dags/tutorial_taskflow_api_virtualenv.py                                                  0           0                                                            0
/home/airflow/.local/lib/python3.12/site-packages/airflow/example_dags/example_branch_operator_decorator.py                                                 0           0                                                            0
/home/airflow/.local/lib/python3.12/site-packages/airflow/example_dags/example_python_decorator.py                                                          0           0                                                            0
/home/airflow/.local/lib/python3.12/site-packages/airflow/example_dags/example_xcom.py                                                                      0           0                                                            0
/home/airflow/.local/lib/python3.12/site-packages/airflow/example_dags/example_params_trigger_ui.py                                                         0           0                                                            0
/home/airflow/.local/lib/python3.12/site-packages/airflow/example_dags/example_bash_decorator.py                                                            0           0                                                            0
/home/airflow/.local/lib/python3.12/site-packages/airflow/example_dags/example_branch_datetime_operator.py                                                  0           0                                                            0
/home/airflow/.local/lib/python3.12/site-packages/airflow/example_dags/example_params_ui_tutorial.py                                                        0           0                                                            0
/home/airflow/.local/lib/python3.12/site-packages/airflow/example_dags/example_bash_operator.py                                                             0           0                                                            0
/home/airflow/.local/lib/python3.12/site-packages/airflow/example_dags/example_dag_decorator.py                                                             0           0                                                            0
/home/airflow/.local/lib/python3.12/site-packages/airflow/example_dags/example_task_group_decorator.py                                                      0           0                                                            0
/home/airflow/.local/lib/python3.12/site-packages/airflow/example_dags/example_display_name.py                                                              0           0                                                            0
/home/airflow/.local/lib/python3.12/site-packages/airflow/example_dags/tutorial_taskflow_templates.py                                                       0           0                                                            0
/home/airflow/.local/lib/python3.12/site-packages/airflow/example_dags/example_sensors.py                                                                   0           0                                                            0
/home/airflow/.local/lib/python3.12/site-packages/airflow/example_dags/example_xcomargs.py                                                                  0           0                                                            0
/home/airflow/.local/lib/python3.12/site-packages/airflow/example_dags/example_outlet_event_extra.py                                                        0           0                                                            0
/home/airflow/.local/lib/python3.12/site-packages/airflow/example_dags/example_kubernetes_executor.py                                                       0           0                                                            0
/home/airflow/.local/lib/python3.12/site-packages/airflow/example_dags/example_sla_dag.py                                                                   0           0                                                            0
/home/airflow/.local/lib/python3.12/site-packages/airflow/example_dags/example_workday_timetable.py                                                         0           0                                                            0
/home/airflow/.local/lib/python3.12/site-packages/airflow/example_dags/example_latest_only_with_trigger.py                                                  0           0                                                            0
/home/airflow/.local/lib/python3.12/site-packages/airflow/example_dags/example_setup_teardown_taskflow.py                                                   0           0                                                            0
/home/airflow/.local/lib/python3.12/site-packages/airflow/example_dags/example_dataset_alias.py                                                             0           0                                                            0
/home/airflow/.local/lib/python3.12/site-packages/airflow/example_dags/example_sensor_decorator.py                                                          0           0                                                            0
/home/airflow/.local/lib/python3.12/site-packages/airflow/example_dags/example_trigger_controller_dag.py                                                    0           0                                                            0
/home/airflow/.local/lib/python3.12/site-packages/airflow/example_dags/example_branch_labels.py                                                             0           0                                                            0
/home/airflow/.local/lib/python3.12/site-packages/airflow/example_dags/tutorial_taskflow_api.py                                                             0           0                                                            0
/home/airflow/.local/lib/python3.12/site-packages/airflow/example_dags/example_short_circuit_decorator.py                                                   0           0                                                            0
/home/airflow/.local/lib/python3.12/site-packages/airflow/example_dags/example_branch_python_dop_operator_3.py                                              0           0                                                            0
/home/airflow/.local/lib/python3.12/site-packages/airflow/example_dags/example_local_kubernetes_executor.py                                                 0           0                                                            0
/home/airflow/.local/lib/python3.12/site-packages/airflow/example_dags/example_passing_params_via_test_command.py                                           0           0                                                            0
/home/airflow/.local/lib/python3.12/site-packages/airflow/example_dags/example_complex.py                                                                   0           0                                                            0
/home/airflow/.local/lib/python3.12/site-packages/airflow/example_dags/example_branch_operator.py                                                           0           0                                                            0
/home/airflow/.local/lib/python3.12/site-packages/airflow/example_dags/example_external_task_marker_dag.py                                                  0           0                                                            0
/home/airflow/.local/lib/python3.12/site-packages/airflow/example_dags/example_skip_dag.py                                                                  0           0                                                            0
/home/airflow/.local/lib/python3.12/site-packages/airflow/example_dags/example_trigger_target_dag.py                                                        0           0                                                            0
/home/airflow/.local/lib/python3.12/site-packages/airflow/example_dags/example_subdag_operator.py                                                           0           0                                                            0
/home/airflow/.local/lib/python3.12/site-packages/airflow/example_dags/example_datasets.py                                                                  0           0                                                            0
/home/airflow/.local/lib/python3.12/site-packages/airflow/example_dags/example_short_circuit_operator.py                                                    0           0                                                            0
/home/airflow/.local/lib/python3.12/site-packages/airflow/example_dags/example_python_operator.py                                                           0           0                                                            0
/home/airflow/.local/lib/python3.12/site-packages/airflow/example_dags/example_dataset_alias_with_no_taskflow.py                                            0           0                                                            0
/home/airflow/.local/lib/python3.12/site-packages/airflow/example_dags/tutorial.py                                                                          0           0                                                            0
/home/airflow/.local/lib/python3.12/site-packages/airflow/example_dags/example_time_delta_sensor_async.py                                                   0           0                                                            0
/home/airflow/.local/lib/python3.12/site-packages/airflow/example_dags/example_branch_day_of_week_operator.py                                               0           0                                                            0
/home/airflow/.local/lib/python3.12/site-packages/airflow/example_dags/tutorial_dag.py                                                                      0           0                                                            0
/home/airflow/.local/lib/python3.12/site-packages/airflow/example_dags/subdags/subdag.py                                                                    0           0                                                            0
/home/airflow/.local/lib/python3.12/site-packages/airflow/example_dags/plugins/event_listener.py                                                            0           0                                                            0
/home/airflow/.local/lib/python3.12/site-packages/airflow/example_dags/plugins/decreasing_priority_weight_strategy.py                                       0           0                                                            0
/home/airflow/.local/lib/python3.12/site-packages/airflow/example_dags/plugins/workday.py                                                                   0           0                                                            0
/home/airflow/.local/lib/python3.12/site-packages/airflow/example_dags/plugins/listener_plugin.py                                                           0           0                                                            0
================================================================================
[2026-09-24T22:26:16.040+0000] {manager.py:1366} ERROR - Processor for /home/airflow/.local/lib/python3.12/site-packages/airflow/example_dags/example_inlet_event_extra.py with PID 261 started at 2026-09-24T22:25:09.172528+00:00 has timed out, killing it.
[2026-09-24T22:27:01.942+0000] {manager.py:997} INFO - 
================================================================================
DAG File Processing Stats

File Path                                                                                                                            PID  Runtime      # DAGs    # Errors  Last Runtime    Last Run               Last # of DB Queries
---------------------------------------------------------------------------------------------------------------------------------  -----  ---------  --------  ----------  --------------  -------------------  ----------------------
/home/airflow/.local/lib/python3.12/site-packages/airflow/example_dags/example_inlet_event_extra.py                                                         0           1  66.86s          2026-09-24T22:26:16                       0
/home/airflow/.local/lib/python3.12/site-packages/airflow/example_dags/example_dynamic_task_mapping_with_no_taskflow_operators.py                           0           1  59.30s          2026-09-24T22:25:27                       0
/home/airflow/.local/lib/python3.12/site-packages/airflow/example_dags/example_nested_branch_dag.py                                  262  89.04s            0           0                                                            0
/home/airflow/.local/lib/python3.12/site-packages/airflow/example_dags/tutorial_objectstorage.py                                     275  0.87s             0           0                                                            0
/home/airflow/.local/lib/python3.12/site-packages/airflow/example_dags/example_dynamic_task_mapping.py                                                      0           0                                                            0
/home/airflow/.local/lib/python3.12/site-packages/airflow/example_dags/example_setup_teardown.py                                                            0           0                                                            0
/home/airflow/.local/lib/python3.12/site-packages/airflow/example_dags/example_latest_only.py                                                               0           0                                                            0
/home/airflow/.local/lib/python3.12/site-packages/airflow/example_dags/example_task_group.py                                                                0           0                                                            0
/home/airflow/.local/lib/python3.12/site-packages/airflow/example_dags/tutorial_taskflow_api_virtualenv.py                                                  0           0                                                            0
/home/airflow/.local/lib/python3.12/site-packages/airflow/example_dags/example_branch_operator_decorator.py                                                 0           0                                                            0
/home/airflow/.local/lib/python3.12/site-packages/airflow/example_dags/example_python_decorator.py                                                          0           0                                                            0
/home/airflow/.local/lib/python3.12/site-packages/airflow/example_dags/example_xcom.py                                                                      0           0                                                            0
/home/airflow/.local/lib/python3.12/site-packages/airflow/example_dags/example_params_trigger_ui.py                                                         0           0                                                            0
/home/airflow/.local/lib/python3.12/site-packages/airflow/example_dags/example_bash_decorator.py                                                            0           0                                                            0
/home/airflow/.local/lib/python3.12/site-packages/airflow/example_dags/example_branch_datetime_operator.py                                                  0           0                                                            0
/home/airflow/.local/lib/python3.12/site-packages/airflow/example_dags/example_params_ui_tutorial.py                                                        0           0                                                            0
/home/airflow/.local/lib/python3.12/site-packages/airflow/example_dags/example_bash_operator.py                                                             0           0                                                            0
/home/airflow/.local/lib/python3.12/site-packages/airflow/example_dags/example_dag_decorator.py                                                             0           0                                                            0
/home/airflow/.local/lib/python3.12/site-packages/airflow/example_dags/example_task_group_decorator.py                                                      0           0                                                            0
/home/airflow/.local/lib/python3.12/site-packages/airflow/example_dags/example_display_name.py                                                              0           0                                                            0
/home/airflow/.local/lib/python3.12/site-packages/airflow/example_dags/tutorial_taskflow_templates.py                                                       0           0                                                            0
/home/airflow/.local/lib/python3.12/site-packages/airflow/example_dags/example_sensors.py                                                                   0           0                                                            0
/home/airflow/.local/lib/python3.12/site-packages/airflow/example_dags/example_xcomargs.py                                                                  0           0                                                            0
/home/airflow/.local/lib/python3.12/site-packages/airflow/example_dags/example_outlet_event_extra.py                                                        0           0                                                            0
/home/airflow/.local/lib/python3.12/site-packages/airflow/example_dags/example_kubernetes_executor.py                                                       0           0                                                            0
/home/airflow/.local/lib/python3.12/site-packages/airflow/example_dags/example_sla_dag.py                                                                   0           0                                                            0
/home/airflow/.local/lib/python3.12/site-packages/airflow/example_dags/example_workday_timetable.py                                                         0           0                                                            0
/home/airflow/.local/lib/python3.12/site-packages/airflow/example_dags/example_latest_only_with_trigger.py                                                  0           0                                                            0
/home/airflow/.local/lib/python3.12/site-packages/airflow/example_dags/example_setup_teardown_taskflow.py                                                   0           0                                                            0
/home/airflow/.local/lib/python3.12/site-packages/airflow/example_dags/example_dataset_alias.py                                                             0           0                                                            0
/home/airflow/.local/lib/python3.12/site-packages/airflow/example_dags/example_sensor_decorator.py                                                          0           0                                                            0
/home/airflow/.local/lib/python3.12/site-packages/airflow/example_dags/example_trigger_controller_dag.py                                                    0           0                                                            0
/home/airflow/.local/lib/python3.12/site-packages/airflow/example_dags/example_branch_labels.py                                                             0           0                                                            0
/home/airflow/.local/lib/python3.12/site-packages/airflow/example_dags/tutorial_taskflow_api.py                                                             0           0                                                            0
/home/airflow/.local/lib/python3.12/site-packages/airflow/example_dags/example_short_circuit_decorator.py                                                   0           0                                                            0
/home/airflow/.local/lib/python3.12/site-packages/airflow/example_dags/example_branch_python_dop_operator_3.py                                              0           0                                                            0
/home/airflow/.local/lib/python3.12/site-packages/airflow/example_dags/example_local_kubernetes_executor.py                                                 0           0                                                            0
/home/airflow/.local/lib/python3.12/site-packages/airflow/example_dags/example_passing_params_via_test_command.py                                           0           0                                                            0
/home/airflow/.local/lib/python3.12/site-packages/airflow/example_dags/example_complex.py                                                                   0           0                                                            0
/home/airflow/.local/lib/python3.12/site-packages/airflow/example_dags/example_branch_operator.py                                                           0           0                                                            0
/home/airflow/.local/lib/python3.12/site-packages/airflow/example_dags/example_external_task_marker_dag.py                                                  0           0                                                            0
/home/airflow/.local/lib/python3.12/site-packages/airflow/example_dags/example_skip_dag.py                                                                  0           0                                                            0
/home/airflow/.local/lib/python3.12/site-packages/airflow/example_dags/example_trigger_target_dag.py                                                        0           0                                                            0
/home/airflow/.local/lib/python3.12/site-packages/airflow/example_dags/example_subdag_operator.py                                                           0           0                                                            0
/home/airflow/.local/lib/python3.12/site-packages/airflow/example_dags/example_datasets.py                                                                  0           0                                                            0
/home/airflow/.local/lib/python3.12/site-packages/airflow/example_dags/example_short_circuit_operator.py                                                    0           0                                                            0
/home/airflow/.local/lib/python3.12/site-packages/airflow/example_dags/example_python_operator.py                                                           0           0                                                            0
/home/airflow/.local/lib/python3.12/site-packages/airflow/example_dags/example_dataset_alias_with_no_taskflow.py                                            0           0                                                            0
/home/airflow/.local/lib/python3.12/site-packages/airflow/example_dags/tutorial.py                                                                          0           0                                                            0
/home/airflow/.local/lib/python3.12/site-packages/airflow/example_dags/example_time_delta_sensor_async.py                                                   0           0                                                            0
/home/airflow/.local/lib/python3.12/site-packages/airflow/example_dags/example_branch_day_of_week_operator.py                                               0           0                                                            0
/home/airflow/.local/lib/python3.12/site-packages/airflow/example_dags/tutorial_dag.py                                                                      0           0                                                            0
/home/airflow/.local/lib/python3.12/site-packages/airflow/example_dags/subdags/subdag.py                                                                    0           0                                                            0
/home/airflow/.local/lib/python3.12/site-packages/airflow/example_dags/plugins/event_listener.py                                                            0           0                                                            0
/home/airflow/.local/lib/python3.12/site-packages/airflow/example_dags/plugins/decreasing_priority_weight_strategy.py                                       0           0                                                            0
/home/airflow/.local/lib/python3.12/site-packages/airflow/example_dags/plugins/workday.py                                                                   0           0                                                            0
/home/airflow/.local/lib/python3.12/site-packages/airflow/example_dags/plugins/listener_plugin.py                                                           0           0                                                            0
================================================================================
[2026-09-24T22:27:33.356+0000] {manager.py:997} INFO - 
================================================================================
DAG File Processing Stats

File Path                                                                                                                            PID  Runtime      # DAGs    # Errors  Last Runtime    Last Run               Last # of DB Queries
---------------------------------------------------------------------------------------------------------------------------------  -----  ---------  --------  ----------  --------------  -------------------  ----------------------
/home/airflow/.local/lib/python3.12/site-packages/airflow/example_dags/example_nested_branch_dag.py                                                         1           0  89.41s          2026-09-24T22:27:02                      34
/home/airflow/.local/lib/python3.12/site-packages/airflow/example_dags/example_inlet_event_extra.py                                                         0           1  66.86s          2026-09-24T22:26:16                       0
/home/airflow/.local/lib/python3.12/site-packages/airflow/example_dags/example_dynamic_task_mapping_with_no_taskflow_operators.py                           0           1  59.30s          2026-09-24T22:25:27                       0
/home/airflow/.local/lib/python3.12/site-packages/airflow/example_dags/tutorial_objectstorage.py                                     275  32.22s            0           0                                                            0
/home/airflow/.local/lib/python3.12/site-packages/airflow/example_dags/example_dynamic_task_mapping.py                               276  30.68s            0           0                                                            0
/home/airflow/.local/lib/python3.12/site-packages/airflow/example_dags/example_setup_teardown.py                                                            0           0                                                            0
/home/airflow/.local/lib/python3.12/site-packages/airflow/example_dags/example_latest_only.py                                                               0           0                                                            0
/home/airflow/.local/lib/python3.12/site-packages/airflow/example_dags/example_task_group.py                                                                0           0                                                            0
/home/airflow/.local/lib/python3.12/site-packages/airflow/example_dags/tutorial_taskflow_api_virtualenv.py                                                  0           0                                                            0
/home/airflow/.local/lib/python3.12/site-packages/airflow/example_dags/example_branch_operator_decorator.py                                                 0           0                                                            0
/home/airflow/.local/lib/python3.12/site-packages/airflow/example_dags/example_python_decorator.py                                                          0           0                                                            0
/home/airflow/.local/lib/python3.12/site-packages/airflow/example_dags/example_xcom.py                                                                      0           0                                                            0
/home/airflow/.local/lib/python3.12/site-packages/airflow/example_dags/example_params_trigger_ui.py                                                         0           0                                                            0
/home/airflow/.local/lib/python3.12/site-packages/airflow/example_dags/example_bash_decorator.py                                                            0           0                                                            0
/home/airflow/.local/lib/python3.12/site-packages/airflow/example_dags/example_branch_datetime_operator.py                                                  0           0                                                            0
/home/airflow/.local/lib/python3.12/site-packages/airflow/example_dags/example_params_ui_tutorial.py                                                        0           0                                                            0
/home/airflow/.local/lib/python3.12/site-packages/airflow/example_dags/example_bash_operator.py                                                             0           0                                                            0
/home/airflow/.local/lib/python3.12/site-packages/airflow/example_dags/example_dag_decorator.py                                                             0           0                                                            0
/home/airflow/.local/lib/python3.12/site-packages/airflow/example_dags/example_task_group_decorator.py                                                      0           0                                                            0
/home/airflow/.local/lib/python3.12/site-packages/airflow/example_dags/example_display_name.py                                                              0           0                                                            0
/home/airflow/.local/lib/python3.12/site-packages/airflow/example_dags/tutorial_taskflow_templates.py                                                       0           0                                                            0
/home/airflow/.local/lib/python3.12/site-packages/airflow/example_dags/example_sensors.py                                                                   0           0                                                            0
/home/airflow/.local/lib/python3.12/site-packages/airflow/example_dags/example_xcomargs.py                                                                  0           0                                                            0
/home/airflow/.local/lib/python3.12/site-packages/airflow/example_dags/example_outlet_event_extra.py                                                        0           0                                                            0
/home/airflow/.local/lib/python3.12/site-packages/airflow/example_dags/example_kubernetes_executor.py                                                       0           0                                                            0
/home/airflow/.local/lib/python3.12/site-packages/airflow/example_dags/example_sla_dag.py                                                                   0           0                                                            0
/home/airflow/.local/lib/python3.12/site-packages/airflow/example_dags/example_workday_timetable.py                                                         0           0                                                            0
/home/airflow/.local/lib/python3.12/site-packages/airflow/example_dags/example_latest_only_with_trigger.py                                                  0           0                                                            0
/home/airflow/.local/lib/python3.12/site-packages/airflow/example_dags/example_setup_teardown_taskflow.py                                                   0           0                                                            0
/home/airflow/.local/lib/python3.12/site-packages/airflow/example_dags/example_dataset_alias.py                                                             0           0                                                            0
/home/airflow/.local/lib/python3.12/site-packages/airflow/example_dags/example_sensor_decorator.py                                                          0           0                                                            0
/home/airflow/.local/lib/python3.12/site-packages/airflow/example_dags/example_trigger_controller_dag.py                                                    0           0                                                            0
/home/airflow/.local/lib/python3.12/site-packages/airflow/example_dags/example_branch_labels.py                                                             0           0                                                            0
/home/airflow/.local/lib/python3.12/site-packages/airflow/example_dags/tutorial_taskflow_api.py                                                             0           0                                                            0
/home/airflow/.local/lib/python3.12/site-packages/airflow/example_dags/example_short_circuit_decorator.py                                                   0           0                                                            0
/home/airflow/.local/lib/python3.12/site-packages/airflow/example_dags/example_branch_python_dop_operator_3.py                                              0           0                                                            0
/home/airflow/.local/lib/python3.12/site-packages/airflow/example_dags/example_local_kubernetes_executor.py                                                 0           0                                                            0
/home/airflow/.local/lib/python3.12/site-packages/airflow/example_dags/example_passing_params_via_test_command.py                                           0           0                                                            0
/home/airflow/.local/lib/python3.12/site-packages/airflow/example_dags/example_complex.py                                                                   0           0                                                            0
/home/airflow/.local/lib/python3.12/site-packages/airflow/example_dags/example_branch_operator.py                                                           0           0                                                            0
/home/airflow/.local/lib/python3.12/site-packages/airflow/example_dags/example_external_task_marker_dag.py                                                  0           0                                                            0
/home/airflow/.local/lib/python3.12/site-packages/airflow/example_dags/example_skip_dag.py                                                                  0           0                                                            0
/home/airflow/.local/lib/python3.12/site-packages/airflow/example_dags/example_trigger_target_dag.py                                                        0           0                                                            0
/home/airflow/.local/lib/python3.12/site-packages/airflow/example_dags/example_subdag_operator.py                                                           0           0                                                            0
/home/airflow/.local/lib/python3.12/site-packages/airflow/example_dags/example_datasets.py                                                                  0           0                                                            0
/home/airflow/.local/lib/python3.12/site-packages/airflow/example_dags/example_short_circuit_operator.py                                                    0           0                                                            0
/home/airflow/.local/lib/python3.12/site-packages/airflow/example_dags/example_python_operator.py                                                           0           0                                                            0
/home/airflow/.local/lib/python3.12/site-packages/airflow/example_dags/example_dataset_alias_with_no_taskflow.py                                            0           0                                                            0
/home/airflow/.local/lib/python3.12/site-packages/airflow/example_dags/tutorial.py                                                                          0           0                                                            0
/home/airflow/.local/lib/python3.12/site-packages/airflow/example_dags/example_time_delta_sensor_async.py                                                   0           0                                                            0
/home/airflow/.local/lib/python3.12/site-packages/airflow/example_dags/example_branch_day_of_week_operator.py                                               0           0                                                            0
/home/airflow/.local/lib/python3.12/site-packages/airflow/example_dags/tutorial_dag.py                                                                      0           0                                                            0
/home/airflow/.local/lib/python3.12/site-packages/airflow/example_dags/subdags/subdag.py                                                                    0           0                                                            0
/home/airflow/.local/lib/python3.12/site-packages/airflow/example_dags/plugins/event_listener.py                                                            0           0                                                            0
/home/airflow/.local/lib/python3.12/site-packages/airflow/example_dags/plugins/decreasing_priority_weight_strategy.py                                       0           0                                                            0
/home/airflow/.local/lib/python3.12/site-packages/airflow/example_dags/plugins/workday.py                                                                   0           0                                                            0
/home/airflow/.local/lib/python3.12/site-packages/airflow/example_dags/plugins/listener_plugin.py                                                           0           0                                                            0
================================================================================
[2026-09-24T22:27:52.964+0000] {manager.py:1366} ERROR - Processor for /home/airflow/.local/lib/python3.12/site-packages/airflow/example_dags/example_dynamic_task_mapping.py with PID 276 started at 2026-09-24T22:27:02.376492+00:00 has timed out, killing it.
[2026-09-24T22:28:07.640+0000] {manager.py:997} INFO - 
================================================================================
DAG File Processing Stats

File Path                                                                                                                            PID  Runtime      # DAGs    # Errors  Last Runtime    Last Run               Last # of DB Queries
---------------------------------------------------------------------------------------------------------------------------------  -----  ---------  --------  ----------  --------------  -------------------  ----------------------
/home/airflow/.local/lib/python3.12/site-packages/airflow/example_dags/example_nested_branch_dag.py                                                         1           0  89.41s          2026-09-24T22:27:02                      34
/home/airflow/.local/lib/python3.12/site-packages/airflow/example_dags/example_inlet_event_extra.py                                                         0           1  66.86s          2026-09-24T22:26:16                       0
/home/airflow/.local/lib/python3.12/site-packages/airflow/example_dags/example_dynamic_task_mapping_with_no_taskflow_operators.py                           0           1  59.30s          2026-09-24T22:25:27                       0
/home/airflow/.local/lib/python3.12/site-packages/airflow/example_dags/example_dynamic_task_mapping.py                                                      0           1  50.02s          2026-09-24T22:27:52                       0
/home/airflow/.local/lib/python3.12/site-packages/airflow/example_dags/tutorial_objectstorage.py                                                            1           0  34.16s          2026-09-24T22:27:34                      10
/home/airflow/.local/lib/python3.12/site-packages/airflow/example_dags/example_setup_teardown.py                                     282  31.72s            0           0                                                            0
/home/airflow/.local/lib/python3.12/site-packages/airflow/example_dags/example_latest_only.py                                        288  1.08s             0           0                                                            0
/home/airflow/.local/lib/python3.12/site-packages/airflow/example_dags/example_task_group.py                                                                0           0                                                            0
/home/airflow/.local/lib/python3.12/site-packages/airflow/example_dags/tutorial_taskflow_api_virtualenv.py                                                  0           0                                                            0
/home/airflow/.local/lib/python3.12/site-packages/airflow/example_dags/example_branch_operator_decorator.py                                                 0           0                                                            0
/home/airflow/.local/lib/python3.12/site-packages/airflow/example_dags/example_python_decorator.py                                                          0           0                                                            0
/home/airflow/.local/lib/python3.12/site-packages/airflow/example_dags/example_xcom.py                                                                      0           0                                                            0
/home/airflow/.local/lib/python3.12/site-packages/airflow/example_dags/example_params_trigger_ui.py                                                         0           0                                                            0
/home/airflow/.local/lib/python3.12/site-packages/airflow/example_dags/example_bash_decorator.py                                                            0           0                                                            0
/home/airflow/.local/lib/python3.12/site-packages/airflow/example_dags/example_branch_datetime_operator.py                                                  0           0                                                            0
/home/airflow/.local/lib/python3.12/site-packages/airflow/example_dags/example_params_ui_tutorial.py                                                        0           0                                                            0
/home/airflow/.local/lib/python3.12/site-packages/airflow/example_dags/example_bash_operator.py                                                             0           0                                                            0
/home/airflow/.local/lib/python3.12/site-packages/airflow/example_dags/example_dag_decorator.py                                                             0           0                                                            0
/home/airflow/.local/lib/python3.12/site-packages/airflow/example_dags/example_task_group_decorator.py                                                      0           0                                                            0
/home/airflow/.local/lib/python3.12/site-packages/airflow/example_dags/example_display_name.py                                                              0           0                                                            0
/home/airflow/.local/lib/python3.12/site-packages/airflow/example_dags/tutorial_taskflow_templates.py                                                       0           0                                                            0
/home/airflow/.local/lib/python3.12/site-packages/airflow/example_dags/example_sensors.py                                                                   0           0                                                            0
/home/airflow/.local/lib/python3.12/site-packages/airflow/example_dags/example_xcomargs.py                                                                  0           0                                                            0
/home/airflow/.local/lib/python3.12/site-packages/airflow/example_dags/example_outlet_event_extra.py                                                        0           0                                                            0
/home/airflow/.local/lib/python3.12/site-packages/airflow/example_dags/example_kubernetes_executor.py                                                       0           0                                                            0
/home/airflow/.local/lib/python3.12/site-packages/airflow/example_dags/example_sla_dag.py                                                                   0           0                                                            0
/home/airflow/.local/lib/python3.12/site-packages/airflow/example_dags/example_workday_timetable.py                                                         0           0                                                            0
/home/airflow/.local/lib/python3.12/site-packages/airflow/example_dags/example_latest_only_with_trigger.py                                                  0           0                                                            0
/home/airflow/.local/lib/python3.12/site-packages/airflow/example_dags/example_setup_teardown_taskflow.py                                                   0           0                                                            0
/home/airflow/.local/lib/python3.12/site-packages/airflow/example_dags/example_dataset_alias.py                                                             0           0                                                            0
/home/airflow/.local/lib/python3.12/site-packages/airflow/example_dags/example_sensor_decorator.py                                                          0           0                                                            0
/home/airflow/.local/lib/python3.12/site-packages/airflow/example_dags/example_trigger_controller_dag.py                                                    0           0                                                            0
/home/airflow/.local/lib/python3.12/site-packages/airflow/example_dags/example_branch_labels.py                                                             0           0                                                            0
/home/airflow/.local/lib/python3.12/site-packages/airflow/example_dags/tutorial_taskflow_api.py                                                             0           0                                                            0
/home/airflow/.local/lib/python3.12/site-packages/airflow/example_dags/example_short_circuit_decorator.py                                                   0           0                                                            0
/home/airflow/.local/lib/python3.12/site-packages/airflow/example_dags/example_branch_python_dop_operator_3.py                                              0           0                                                            0
/home/airflow/.local/lib/python3.12/site-packages/airflow/example_dags/example_local_kubernetes_executor.py                                                 0           0                                                            0
/home/airflow/.local/lib/python3.12/site-packages/airflow/example_dags/example_passing_params_via_test_command.py                                           0           0                                                            0
/home/airflow/.local/lib/python3.12/site-packages/airflow/example_dags/example_complex.py                                                                   0           0                                                            0
/home/airflow/.local/lib/python3.12/site-packages/airflow/example_dags/example_branch_operator.py                                                           0           0                                                            0
/home/airflow/.local/lib/python3.12/site-packages/airflow/example_dags/example_external_task_marker_dag.py                                                  0           0                                                            0
/home/airflow/.local/lib/python3.12/site-packages/airflow/example_dags/example_skip_dag.py                                                                  0           0                                                            0
/home/airflow/.local/lib/python3.12/site-packages/airflow/example_dags/example_trigger_target_dag.py                                                        0           0                                                            0
/home/airflow/.local/lib/python3.12/site-packages/airflow/example_dags/example_subdag_operator.py                                                           0           0                                                            0
/home/airflow/.local/lib/python3.12/site-packages/airflow/example_dags/example_datasets.py                                                                  0           0                                                            0
/home/airflow/.local/lib/python3.12/site-packages/airflow/example_dags/example_short_circuit_operator.py                                                    0           0                                                            0
/home/airflow/.local/lib/python3.12/site-packages/airflow/example_dags/example_python_operator.py                                                           0           0                                                            0
/home/airflow/.local/lib/python3.12/site-packages/airflow/example_dags/example_dataset_alias_with_no_taskflow.py                                            0           0                                                            0
/home/airflow/.local/lib/python3.12/site-packages/airflow/example_dags/tutorial.py                                                                          0           0                                                            0
/home/airflow/.local/lib/python3.12/site-packages/airflow/example_dags/example_time_delta_sensor_async.py                                                   0           0                                                            0
/home/airflow/.local/lib/python3.12/site-packages/airflow/example_dags/example_branch_day_of_week_operator.py                                               0           0                                                            0
/home/airflow/.local/lib/python3.12/site-packages/airflow/example_dags/tutorial_dag.py                                                                      0           0                                                            0
/home/airflow/.local/lib/python3.12/site-packages/airflow/example_dags/subdags/subdag.py                                                                    0           0                                                            0
/home/airflow/.local/lib/python3.12/site-packages/airflow/example_dags/plugins/event_listener.py                                                            0           0                                                            0
/home/airflow/.local/lib/python3.12/site-packages/airflow/example_dags/plugins/decreasing_priority_weight_strategy.py                                       0           0                                                            0
/home/airflow/.local/lib/python3.12/site-packages/airflow/example_dags/plugins/workday.py                                                                   0           0                                                            0
/home/airflow/.local/lib/python3.12/site-packages/airflow/example_dags/plugins/listener_plugin.py                                                           0           0                                                            0
================================================================================
[2026-09-24T22:28:31.723+0000] {manager.py:1366} ERROR - Processor for /home/airflow/.local/lib/python3.12/site-packages/airflow/example_dags/example_setup_teardown.py with PID 282 started at 2026-09-24T22:27:35.093769+00:00 has timed out, killing it.
[2026-09-24T22:28:55.438+0000] {manager.py:997} INFO - 
================================================================================
DAG File Processing Stats

File Path                                                                                                                            PID  Runtime      # DAGs    # Errors  Last Runtime    Last Run               Last # of DB Queries
---------------------------------------------------------------------------------------------------------------------------------  -----  ---------  --------  ----------  --------------  -------------------  ----------------------
/home/airflow/.local/lib/python3.12/site-packages/airflow/example_dags/example_nested_branch_dag.py                                                         1           0  89.41s          2026-09-24T22:27:02                      34
/home/airflow/.local/lib/python3.12/site-packages/airflow/example_dags/example_inlet_event_extra.py                                                         0           1  66.86s          2026-09-24T22:26:16                       0
/home/airflow/.local/lib/python3.12/site-packages/airflow/example_dags/example_dynamic_task_mapping_with_no_taskflow_operators.py                           0           1  59.30s          2026-09-24T22:25:27                       0
/home/airflow/.local/lib/python3.12/site-packages/airflow/example_dags/example_setup_teardown.py                                                            0           1  56.61s          2026-09-24T22:28:31                       0
/home/airflow/.local/lib/python3.12/site-packages/airflow/example_dags/example_dynamic_task_mapping.py                                                      0           1  50.02s          2026-09-24T22:27:52                       0
/home/airflow/.local/lib/python3.12/site-packages/airflow/example_dags/tutorial_objectstorage.py                                                            1           0  34.16s          2026-09-24T22:27:34                      10
/home/airflow/.local/lib/python3.12/site-packages/airflow/example_dags/example_latest_only.py                                        288  36.36s            0           0                                                            0
/home/airflow/.local/lib/python3.12/site-packages/airflow/example_dags/example_task_group.py                                         289  9.92s             0           0                                                            0
/home/airflow/.local/lib/python3.12/site-packages/airflow/example_dags/tutorial_taskflow_api_virtualenv.py                                                  0           0                                                            0
/home/airflow/.local/lib/python3.12/site-packages/airflow/example_dags/example_branch_operator_decorator.py                                                 0           0                                                            0
/home/airflow/.local/lib/python3.12/site-packages/airflow/example_dags/example_python_decorator.py                                                          0           0                                                            0
/home/airflow/.local/lib/python3.12/site-packages/airflow/example_dags/example_xcom.py                                                                      0           0                                                            0
/home/airflow/.local/lib/python3.12/site-packages/airflow/example_dags/example_params_trigger_ui.py                                                         0           0                                                            0
/home/airflow/.local/lib/python3.12/site-packages/airflow/example_dags/example_bash_decorator.py                                                            0           0                                                            0
/home/airflow/.local/lib/python3.12/site-packages/airflow/example_dags/example_branch_datetime_operator.py                                                  0           0                                                            0
/home/airflow/.local/lib/python3.12/site-packages/airflow/example_dags/example_params_ui_tutorial.py                                                        0           0                                                            0
/home/airflow/.local/lib/python3.12/site-packages/airflow/example_dags/example_bash_operator.py                                                             0           0                                                            0
/home/airflow/.local/lib/python3.12/site-packages/airflow/example_dags/example_dag_decorator.py                                                             0           0                                                            0
/home/airflow/.local/lib/python3.12/site-packages/airflow/example_dags/example_task_group_decorator.py                                                      0           0                                                            0
/home/airflow/.local/lib/python3.12/site-packages/airflow/example_dags/example_display_name.py                                                              0           0                                                            0
/home/airflow/.local/lib/python3.12/site-packages/airflow/example_dags/tutorial_taskflow_templates.py                                                       0           0                                                            0
/home/airflow/.local/lib/python3.12/site-packages/airflow/example_dags/example_sensors.py                                                                   0           0                                                            0
/home/airflow/.local/lib/python3.12/site-packages/airflow/example_dags/example_xcomargs.py                                                                  0           0                                                            0
/home/airflow/.local/lib/python3.12/site-packages/airflow/example_dags/example_outlet_event_extra.py                                                        0           0                                                            0
/home/airflow/.local/lib/python3.12/site-packages/airflow/example_dags/example_kubernetes_executor.py                                                       0           0                                                            0
/home/airflow/.local/lib/python3.12/site-packages/airflow/example_dags/example_sla_dag.py                                                                   0           0                                                            0
/home/airflow/.local/lib/python3.12/site-packages/airflow/example_dags/example_workday_timetable.py                                                         0           0                                                            0
/home/airflow/.local/lib/python3.12/site-packages/airflow/example_dags/example_latest_only_with_trigger.py                                                  0           0                                                            0
/home/airflow/.local/lib/python3.12/site-packages/airflow/example_dags/example_setup_teardown_taskflow.py                                                   0           0                                                            0
/home/airflow/.local/lib/python3.12/site-packages/airflow/example_dags/example_dataset_alias.py                                                             0           0                                                            0
/home/airflow/.local/lib/python3.12/site-packages/airflow/example_dags/example_sensor_decorator.py                                                          0           0                                                            0
/home/airflow/.local/lib/python3.12/site-packages/airflow/example_dags/example_trigger_controller_dag.py                                                    0           0                                                            0
/home/airflow/.local/lib/python3.12/site-packages/airflow/example_dags/example_branch_labels.py                                                             0           0                                                            0
/home/airflow/.local/lib/python3.12/site-packages/airflow/example_dags/tutorial_taskflow_api.py                                                             0           0                                                            0
/home/airflow/.local/lib/python3.12/site-packages/airflow/example_dags/example_short_circuit_decorator.py                                                   0           0                                                            0
/home/airflow/.local/lib/python3.12/site-packages/airflow/example_dags/example_branch_python_dop_operator_3.py                                              0           0                                                            0
/home/airflow/.local/lib/python3.12/site-packages/airflow/example_dags/example_local_kubernetes_executor.py                                                 0           0                                                            0
/home/airflow/.local/lib/python3.12/site-packages/airflow/example_dags/example_passing_params_via_test_command.py                                           0           0                                                            0
/home/airflow/.local/lib/python3.12/site-packages/airflow/example_dags/example_complex.py                                                                   0           0                                                            0
/home/airflow/.local/lib/python3.12/site-packages/airflow/example_dags/example_branch_operator.py                                                           0           0                                                            0
/home/airflow/.local/lib/python3.12/site-packages/airflow/example_dags/example_external_task_marker_dag.py                                                  0           0                                                            0
/home/airflow/.local/lib/python3.12/site-packages/airflow/example_dags/example_skip_dag.py                                                                  0           0                                                            0
/home/airflow/.local/lib/python3.12/site-packages/airflow/example_dags/example_trigger_target_dag.py                                                        0           0                                                            0
/home/airflow/.local/lib/python3.12/site-packages/airflow/example_dags/example_subdag_operator.py                                                           0           0                                                            0
/home/airflow/.local/lib/python3.12/site-packages/airflow/example_dags/example_datasets.py                                                                  0           0                                                            0
/home/airflow/.local/lib/python3.12/site-packages/airflow/example_dags/example_short_circuit_operator.py                                                    0           0                                                            0
/home/airflow/.local/lib/python3.12/site-packages/airflow/example_dags/example_python_operator.py                                                           0           0                                                            0
/home/airflow/.local/lib/python3.12/site-packages/airflow/example_dags/example_dataset_alias_with_no_taskflow.py                                            0           0                                                            0
/home/airflow/.local/lib/python3.12/site-packages/airflow/example_dags/tutorial.py                                                                          0           0                                                            0
/home/airflow/.local/lib/python3.12/site-packages/airflow/example_dags/example_time_delta_sensor_async.py                                                   0           0                                                            0
/home/airflow/.local/lib/python3.12/site-packages/airflow/example_dags/example_branch_day_of_week_operator.py                                               0           0                                                            0
/home/airflow/.local/lib/python3.12/site-packages/airflow/example_dags/tutorial_dag.py                                                                      0           0                                                            0
/home/airflow/.local/lib/python3.12/site-packages/airflow/example_dags/subdags/subdag.py                                                                    0           0                                                            0
/home/airflow/.local/lib/python3.12/site-packages/airflow/example_dags/plugins/event_listener.py                                                            0           0                                                            0
/home/airflow/.local/lib/python3.12/site-packages/airflow/example_dags/plugins/decreasing_priority_weight_strategy.py                                       0           0                                                            0
/home/airflow/.local/lib/python3.12/site-packages/airflow/example_dags/plugins/workday.py                                                                   0           0                                                            0
/home/airflow/.local/lib/python3.12/site-packages/airflow/example_dags/plugins/listener_plugin.py                                                           0           0                                                            0
================================================================================
[2026-09-24T22:28:56.648+0000] {manager.py:821} INFO - Searching for files in /opt/airflow/dags
[2026-09-24T22:28:57.978+0000] {manager.py:824} INFO - There are 57 files in /opt/airflow/dags
[2026-09-24T22:28:58.487+0000] {manager.py:1366} ERROR - Processor for /home/airflow/.local/lib/python3.12/site-packages/airflow/example_dags/example_latest_only.py with PID 288 started at 2026-09-24T22:28:05.733557+00:00 has timed out, killing it.
[2026-09-24T22:29:29.975+0000] {manager.py:997} INFO - 
================================================================================
DAG File Processing Stats

File Path                                                                                                                            PID  Runtime      # DAGs    # Errors  Last Runtime    Last Run               Last # of DB Queries
---------------------------------------------------------------------------------------------------------------------------------  -----  ---------  --------  ----------  --------------  -------------------  ----------------------
/home/airflow/.local/lib/python3.12/site-packages/airflow/example_dags/example_nested_branch_dag.py                                                         1           0  89.41s          2026-09-24T22:27:02                      34
/home/airflow/.local/lib/python3.12/site-packages/airflow/example_dags/example_inlet_event_extra.py                                                         0           1  66.86s          2026-09-24T22:26:16                       0
/home/airflow/.local/lib/python3.12/site-packages/airflow/example_dags/example_dynamic_task_mapping_with_no_taskflow_operators.py                           0           1  59.30s          2026-09-24T22:25:27                       0
/home/airflow/.local/lib/python3.12/site-packages/airflow/example_dags/example_setup_teardown.py                                                            0           1  56.61s          2026-09-24T22:28:31                       0
/home/airflow/.local/lib/python3.12/site-packages/airflow/example_dags/example_latest_only.py                                                               0           1  52.75s          2026-09-24T22:28:58                       0
/home/airflow/.local/lib/python3.12/site-packages/airflow/example_dags/example_dynamic_task_mapping.py                                                      0           1  50.02s          2026-09-24T22:27:52                       0
/home/airflow/.local/lib/python3.12/site-packages/airflow/example_dags/tutorial_objectstorage.py                                                            1           0  34.16s          2026-09-24T22:27:34                      10
/home/airflow/.local/lib/python3.12/site-packages/airflow/example_dags/example_task_group.py                                                                1           0  29.57s          2026-09-24T22:29:01                      10
/home/airflow/.local/lib/python3.12/site-packages/airflow/example_dags/tutorial_taskflow_api_virtualenv.py                           295  30.26s            0           0                                                            0
/home/airflow/.local/lib/python3.12/site-packages/airflow/example_dags/example_branch_operator_decorator.py                          296  26.72s            0           0                                                            0
/home/airflow/.local/lib/python3.12/site-packages/airflow/example_dags/example_python_decorator.py                                                          0           0                                                            0
/home/airflow/.local/lib/python3.12/site-packages/airflow/example_dags/example_xcom.py                                                                      0           0                                                            0
/home/airflow/.local/lib/python3.12/site-packages/airflow/example_dags/example_params_trigger_ui.py                                                         0           0                                                            0
/home/airflow/.local/lib/python3.12/site-packages/airflow/example_dags/example_bash_decorator.py                                                            0           0                                                            0
/home/airflow/.local/lib/python3.12/site-packages/airflow/example_dags/example_branch_datetime_operator.py                                                  0           0                                                            0
/home/airflow/.local/lib/python3.12/site-packages/airflow/example_dags/example_params_ui_tutorial.py                                                        0           0                                                            0
/home/airflow/.local/lib/python3.12/site-packages/airflow/example_dags/example_bash_operator.py                                                             0           0                                                            0
/home/airflow/.local/lib/python3.12/site-packages/airflow/example_dags/example_dag_decorator.py                                                             0           0                                                            0
/home/airflow/.local/lib/python3.12/site-packages/airflow/example_dags/example_task_group_decorator.py                                                      0           0                                                            0
/home/airflow/.local/lib/python3.12/site-packages/airflow/example_dags/example_display_name.py                                                              0           0                                                            0
/home/airflow/.local/lib/python3.12/site-packages/airflow/example_dags/tutorial_taskflow_templates.py                                                       0           0                                                            0
/home/airflow/.local/lib/python3.12/site-packages/airflow/example_dags/example_sensors.py                                                                   0           0                                                            0
/home/airflow/.local/lib/python3.12/site-packages/airflow/example_dags/example_xcomargs.py                                                                  0           0                                                            0
/home/airflow/.local/lib/python3.12/site-packages/airflow/example_dags/example_outlet_event_extra.py                                                        0           0                                                            0
/home/airflow/.local/lib/python3.12/site-packages/airflow/example_dags/example_kubernetes_executor.py                                                       0           0                                                            0
/home/airflow/.local/lib/python3.12/site-packages/airflow/example_dags/example_sla_dag.py                                                                   0           0                                                            0
/home/airflow/.local/lib/python3.12/site-packages/airflow/example_dags/example_workday_timetable.py                                                         0           0                                                            0
/home/airflow/.local/lib/python3.12/site-packages/airflow/example_dags/example_latest_only_with_trigger.py                                                  0           0                                                            0
/home/airflow/.local/lib/python3.12/site-packages/airflow/example_dags/example_setup_teardown_taskflow.py                                                   0           0                                                            0
/home/airflow/.local/lib/python3.12/site-packages/airflow/example_dags/example_dataset_alias.py                                                             0           0                                                            0
/home/airflow/.local/lib/python3.12/site-packages/airflow/example_dags/example_sensor_decorator.py                                                          0           0                                                            0
/home/airflow/.local/lib/python3.12/site-packages/airflow/example_dags/example_trigger_controller_dag.py                                                    0           0                                                            0
/home/airflow/.local/lib/python3.12/site-packages/airflow/example_dags/example_branch_labels.py                                                             0           0                                                            0
/home/airflow/.local/lib/python3.12/site-packages/airflow/example_dags/tutorial_taskflow_api.py                                                             0           0                                                            0
/home/airflow/.local/lib/python3.12/site-packages/airflow/example_dags/example_short_circuit_decorator.py                                                   0           0                                                            0
/home/airflow/.local/lib/python3.12/site-packages/airflow/example_dags/example_branch_python_dop_operator_3.py                                              0           0                                                            0
/home/airflow/.local/lib/python3.12/site-packages/airflow/example_dags/example_local_kubernetes_executor.py                                                 0           0                                                            0
/home/airflow/.local/lib/python3.12/site-packages/airflow/example_dags/example_passing_params_via_test_command.py                                           0           0                                                            0
/home/airflow/.local/lib/python3.12/site-packages/airflow/example_dags/example_complex.py                                                                   0           0                                                            0
/home/airflow/.local/lib/python3.12/site-packages/airflow/example_dags/example_branch_operator.py                                                           0           0                                                            0
/home/airflow/.local/lib/python3.12/site-packages/airflow/example_dags/example_external_task_marker_dag.py                                                  0           0                                                            0
/home/airflow/.local/lib/python3.12/site-packages/airflow/example_dags/example_skip_dag.py                                                                  0           0                                                            0
/home/airflow/.local/lib/python3.12/site-packages/airflow/example_dags/example_trigger_target_dag.py                                                        0           0                                                            0
/home/airflow/.local/lib/python3.12/site-packages/airflow/example_dags/example_subdag_operator.py                                                           0           0                                                            0
/home/airflow/.local/lib/python3.12/site-packages/airflow/example_dags/example_datasets.py                                                                  0           0                                                            0
/home/airflow/.local/lib/python3.12/site-packages/airflow/example_dags/example_short_circuit_operator.py                                                    0           0                                                            0
/home/airflow/.local/lib/python3.12/site-packages/airflow/example_dags/example_python_operator.py                                                           0           0                                                            0
/home/airflow/.local/lib/python3.12/site-packages/airflow/example_dags/example_dataset_alias_with_no_taskflow.py                                            0           0                                                            0
/home/airflow/.local/lib/python3.12/site-packages/airflow/example_dags/tutorial.py                                                                          0           0                                                            0
/home/airflow/.local/lib/python3.12/site-packages/airflow/example_dags/example_time_delta_sensor_async.py                                                   0           0                                                            0
/home/airflow/.local/lib/python3.12/site-packages/airflow/example_dags/example_branch_day_of_week_operator.py                                               0           0                                                            0
/home/airflow/.local/lib/python3.12/site-packages/airflow/example_dags/tutorial_dag.py                                                                      0           0                                                            0
/home/airflow/.local/lib/python3.12/site-packages/airflow/example_dags/subdags/subdag.py                                                                    0           0                                                            0
/home/airflow/.local/lib/python3.12/site-packages/airflow/example_dags/plugins/event_listener.py                                                            0           0                                                            0
/home/airflow/.local/lib/python3.12/site-packages/airflow/example_dags/plugins/decreasing_priority_weight_strategy.py                                       0           0                                                            0
/home/airflow/.local/lib/python3.12/site-packages/airflow/example_dags/plugins/workday.py                                                                   0           0                                                            0
/home/airflow/.local/lib/python3.12/site-packages/airflow/example_dags/plugins/listener_plugin.py                                                           0           0                                                            0
================================================================================
[2026-09-24T22:30:17.726+0000] {manager.py:997} INFO - 
================================================================================
DAG File Processing Stats

File Path                                                                                                                            PID  Runtime      # DAGs    # Errors  Last Runtime    Last Run               Last # of DB Queries
---------------------------------------------------------------------------------------------------------------------------------  -----  ---------  --------  ----------  --------------  -------------------  ----------------------
/home/airflow/.local/lib/python3.12/site-packages/airflow/example_dags/example_nested_branch_dag.py                                                         1           0  89.41s          2026-09-24T22:27:02                      34
/home/airflow/.local/lib/python3.12/site-packages/airflow/example_dags/example_inlet_event_extra.py                                                         0           1  66.86s          2026-09-24T22:26:16                       0
/home/airflow/.local/lib/python3.12/site-packages/airflow/example_dags/example_dynamic_task_mapping_with_no_taskflow_operators.py                           0           1  59.30s          2026-09-24T22:25:27                       0
/home/airflow/.local/lib/python3.12/site-packages/airflow/example_dags/example_setup_teardown.py                                                            0           1  56.61s          2026-09-24T22:28:31                       0
/home/airflow/.local/lib/python3.12/site-packages/airflow/example_dags/example_latest_only.py                                                               0           1  52.75s          2026-09-24T22:28:58                       0
/home/airflow/.local/lib/python3.12/site-packages/airflow/example_dags/example_dynamic_task_mapping.py                                                      0           1  50.02s          2026-09-24T22:27:52                       0
/home/airflow/.local/lib/python3.12/site-packages/airflow/example_dags/tutorial_taskflow_api_virtualenv.py                                                  1           0  46.22s          2026-09-24T22:29:45                      32
/home/airflow/.local/lib/python3.12/site-packages/airflow/example_dags/example_branch_operator_decorator.py                                                 1           0  42.51s          2026-09-24T22:29:45                      34
/home/airflow/.local/lib/python3.12/site-packages/airflow/example_dags/tutorial_objectstorage.py                                                            1           0  34.16s          2026-09-24T22:27:34                      10
/home/airflow/.local/lib/python3.12/site-packages/airflow/example_dags/example_xcom.py                                                                      1           0  30.70s          2026-09-24T22:30:17                      12
/home/airflow/.local/lib/python3.12/site-packages/airflow/example_dags/example_task_group.py                                                                1           0  29.57s          2026-09-24T22:29:01                      10
/home/airflow/.local/lib/python3.12/site-packages/airflow/example_dags/example_python_decorator.py                                   303  31.23s            0           0                                                            0
/home/airflow/.local/lib/python3.12/site-packages/airflow/example_dags/example_params_trigger_ui.py                                                         0           0                                                            0
/home/airflow/.local/lib/python3.12/site-packages/airflow/example_dags/example_bash_decorator.py                                                            0           0                                                            0
/home/airflow/.local/lib/python3.12/site-packages/airflow/example_dags/example_branch_datetime_operator.py                                                  0           0                                                            0
/home/airflow/.local/lib/python3.12/site-packages/airflow/example_dags/example_params_ui_tutorial.py                                                        0           0                                                            0
/home/airflow/.local/lib/python3.12/site-packages/airflow/example_dags/example_bash_operator.py                                                             0           0                                                            0
/home/airflow/.local/lib/python3.12/site-packages/airflow/example_dags/example_dag_decorator.py                                                             0           0                                                            0
/home/airflow/.local/lib/python3.12/site-packages/airflow/example_dags/example_task_group_decorator.py                                                      0           0                                                            0
/home/airflow/.local/lib/python3.12/site-packages/airflow/example_dags/example_display_name.py                                                              0           0                                                            0
/home/airflow/.local/lib/python3.12/site-packages/airflow/example_dags/tutorial_taskflow_templates.py                                                       0           0                                                            0
/home/airflow/.local/lib/python3.12/site-packages/airflow/example_dags/example_sensors.py                                                                   0           0                                                            0
/home/airflow/.local/lib/python3.12/site-packages/airflow/example_dags/example_xcomargs.py                                                                  0           0                                                            0
/home/airflow/.local/lib/python3.12/site-packages/airflow/example_dags/example_outlet_event_extra.py                                                        0           0                                                            0
/home/airflow/.local/lib/python3.12/site-packages/airflow/example_dags/example_kubernetes_executor.py                                                       0           0                                                            0
/home/airflow/.local/lib/python3.12/site-packages/airflow/example_dags/example_sla_dag.py                                                                   0           0                                                            0
/home/airflow/.local/lib/python3.12/site-packages/airflow/example_dags/example_workday_timetable.py                                                         0           0                                                            0
/home/airflow/.local/lib/python3.12/site-packages/airflow/example_dags/example_latest_only_with_trigger.py                                                  0           0                                                            0
/home/airflow/.local/lib/python3.12/site-packages/airflow/example_dags/example_setup_teardown_taskflow.py                                                   0           0                                                            0
/home/airflow/.local/lib/python3.12/site-packages/airflow/example_dags/example_dataset_alias.py                                                             0           0                                                            0
/home/airflow/.local/lib/python3.12/site-packages/airflow/example_dags/example_sensor_decorator.py                                                          0           0                                                            0
/home/airflow/.local/lib/python3.12/site-packages/airflow/example_dags/example_trigger_controller_dag.py                                                    0           0                                                            0
/home/airflow/.local/lib/python3.12/site-packages/airflow/example_dags/example_branch_labels.py                                                             0           0                                                            0
/home/airflow/.local/lib/python3.12/site-packages/airflow/example_dags/tutorial_taskflow_api.py                                                             0           0                                                            0
/home/airflow/.local/lib/python3.12/site-packages/airflow/example_dags/example_short_circuit_decorator.py                                                   0           0                                                            0
/home/airflow/.local/lib/python3.12/site-packages/airflow/example_dags/example_branch_python_dop_operator_3.py                                              0           0                                                            0
/home/airflow/.local/lib/python3.12/site-packages/airflow/example_dags/example_local_kubernetes_executor.py                                                 0           0                                                            0
/home/airflow/.local/lib/python3.12/site-packages/airflow/example_dags/example_passing_params_via_test_command.py                                           0           0                                                            0
/home/airflow/.local/lib/python3.12/site-packages/airflow/example_dags/example_complex.py                                                                   0           0                                                            0
/home/airflow/.local/lib/python3.12/site-packages/airflow/example_dags/example_branch_operator.py                                                           0           0                                                            0
/home/airflow/.local/lib/python3.12/site-packages/airflow/example_dags/example_external_task_marker_dag.py                                                  0           0                                                            0
/home/airflow/.local/lib/python3.12/site-packages/airflow/example_dags/example_skip_dag.py                                                                  0           0                                                            0
/home/airflow/.local/lib/python3.12/site-packages/airflow/example_dags/example_trigger_target_dag.py                                                        0           0                                                            0
/home/airflow/.local/lib/python3.12/site-packages/airflow/example_dags/example_subdag_operator.py                                                           0           0                                                            0
/home/airflow/.local/lib/python3.12/site-packages/airflow/example_dags/example_datasets.py                                                                  0           0                                                            0
/home/airflow/.local/lib/python3.12/site-packages/airflow/example_dags/example_short_circuit_operator.py                                                    0           0                                                            0
/home/airflow/.local/lib/python3.12/site-packages/airflow/example_dags/example_python_operator.py                                                           0           0                                                            0
/home/airflow/.local/lib/python3.12/site-packages/airflow/example_dags/example_dataset_alias_with_no_taskflow.py                                            0           0                                                            0
/home/airflow/.local/lib/python3.12/site-packages/airflow/example_dags/tutorial.py                                                                          0           0                                                            0
/home/airflow/.local/lib/python3.12/site-packages/airflow/example_dags/example_time_delta_sensor_async.py                                                   0           0                                                            0
/home/airflow/.local/lib/python3.12/site-packages/airflow/example_dags/example_branch_day_of_week_operator.py                                               0           0                                                            0
/home/airflow/.local/lib/python3.12/site-packages/airflow/example_dags/tutorial_dag.py                                                                      0           0                                                            0
/home/airflow/.local/lib/python3.12/site-packages/airflow/example_dags/subdags/subdag.py                                                                    0           0                                                            0
/home/airflow/.local/lib/python3.12/site-packages/airflow/example_dags/plugins/event_listener.py                                                            0           0                                                            0
/home/airflow/.local/lib/python3.12/site-packages/airflow/example_dags/plugins/decreasing_priority_weight_strategy.py                                       0           0                                                            0
/home/airflow/.local/lib/python3.12/site-packages/airflow/example_dags/plugins/workday.py                                                                   0           0                                                            0
/home/airflow/.local/lib/python3.12/site-packages/airflow/example_dags/plugins/listener_plugin.py                                                           0           0                                                            0
================================================================================
[2026-09-24T22:30:37.274+0000] {manager.py:1366} ERROR - Processor for /home/airflow/.local/lib/python3.12/site-packages/airflow/example_dags/example_python_decorator.py with PID 303 started at 2026-09-24T22:29:46.360223+00:00 has timed out, killing it.
[2026-09-24T22:30:50.908+0000] {manager.py:997} INFO - 
================================================================================
DAG File Processing Stats

File Path                                                                                                                            PID  Runtime      # DAGs    # Errors  Last Runtime    Last Run               Last # of DB Queries
---------------------------------------------------------------------------------------------------------------------------------  -----  ---------  --------  ----------  --------------  -------------------  ----------------------
/home/airflow/.local/lib/python3.12/site-packages/airflow/example_dags/example_nested_branch_dag.py                                                         1           0  89.41s          2026-09-24T22:27:02                      34
/home/airflow/.local/lib/python3.12/site-packages/airflow/example_dags/example_inlet_event_extra.py                                                         0           1  66.86s          2026-09-24T22:26:16                       0
/home/airflow/.local/lib/python3.12/site-packages/airflow/example_dags/example_dynamic_task_mapping_with_no_taskflow_operators.py                           0           1  59.30s          2026-09-24T22:25:27                       0
/home/airflow/.local/lib/python3.12/site-packages/airflow/example_dags/example_setup_teardown.py                                                            0           1  56.61s          2026-09-24T22:28:31                       0
/home/airflow/.local/lib/python3.12/site-packages/airflow/example_dags/example_latest_only.py                                                               0           1  52.75s          2026-09-24T22:28:58                       0
/home/airflow/.local/lib/python3.12/site-packages/airflow/example_dags/example_python_decorator.py                                                          0           1  50.91s          2026-09-24T22:30:37                       0
/home/airflow/.local/lib/python3.12/site-packages/airflow/example_dags/example_dynamic_task_mapping.py                                                      0           1  50.02s          2026-09-24T22:27:52                       0
/home/airflow/.local/lib/python3.12/site-packages/airflow/example_dags/tutorial_taskflow_api_virtualenv.py                                                  1           0  46.22s          2026-09-24T22:29:45                      32
/home/airflow/.local/lib/python3.12/site-packages/airflow/example_dags/example_branch_operator_decorator.py                                                 1           0  42.51s          2026-09-24T22:29:45                      34
/home/airflow/.local/lib/python3.12/site-packages/airflow/example_dags/tutorial_objectstorage.py                                                            1           0  34.16s          2026-09-24T22:27:34                      10
/home/airflow/.local/lib/python3.12/site-packages/airflow/example_dags/example_xcom.py                                                                      1           0  30.70s          2026-09-24T22:30:17                      12
/home/airflow/.local/lib/python3.12/site-packages/airflow/example_dags/example_task_group.py                                                                1           0  29.57s          2026-09-24T22:29:01                      10
/home/airflow/.local/lib/python3.12/site-packages/airflow/example_dags/example_params_trigger_ui.py                                  311  28.15s            0           0                                                            0
/home/airflow/.local/lib/python3.12/site-packages/airflow/example_dags/example_bash_decorator.py                                     318  5.57s             0           0                                                            0
/home/airflow/.local/lib/python3.12/site-packages/airflow/example_dags/example_branch_datetime_operator.py                                                  0           0                                                            0
/home/airflow/.local/lib/python3.12/site-packages/airflow/example_dags/example_params_ui_tutorial.py                                                        0           0                                                            0
/home/airflow/.local/lib/python3.12/site-packages/airflow/example_dags/example_bash_operator.py                                                             0           0                                                            0
/home/airflow/.local/lib/python3.12/site-packages/airflow/example_dags/example_dag_decorator.py                                                             0           0                                                            0
/home/airflow/.local/lib/python3.12/site-packages/airflow/example_dags/example_task_group_decorator.py                                                      0           0                                                            0
/home/airflow/.local/lib/python3.12/site-packages/airflow/example_dags/example_display_name.py                                                              0           0                                                            0
/home/airflow/.local/lib/python3.12/site-packages/airflow/example_dags/tutorial_taskflow_templates.py                                                       0           0                                                            0
/home/airflow/.local/lib/python3.12/site-packages/airflow/example_dags/example_sensors.py                                                                   0           0                                                            0
/home/airflow/.local/lib/python3.12/site-packages/airflow/example_dags/example_xcomargs.py                                                                  0           0                                                            0
/home/airflow/.local/lib/python3.12/site-packages/airflow/example_dags/example_outlet_event_extra.py                                                        0           0                                                            0
/home/airflow/.local/lib/python3.12/site-packages/airflow/example_dags/example_kubernetes_executor.py                                                       0           0                                                            0
/home/airflow/.local/lib/python3.12/site-packages/airflow/example_dags/example_sla_dag.py                                                                   0           0                                                            0
/home/airflow/.local/lib/python3.12/site-packages/airflow/example_dags/example_workday_timetable.py                                                         0           0                                                            0
/home/airflow/.local/lib/python3.12/site-packages/airflow/example_dags/example_latest_only_with_trigger.py                                                  0           0                                                            0
/home/airflow/.local/lib/python3.12/site-packages/airflow/example_dags/example_setup_teardown_taskflow.py                                                   0           0                                                            0
/home/airflow/.local/lib/python3.12/site-packages/airflow/example_dags/example_dataset_alias.py                                                             0           0                                                            0
/home/airflow/.local/lib/python3.12/site-packages/airflow/example_dags/example_sensor_decorator.py                                                          0           0                                                            0
/home/airflow/.local/lib/python3.12/site-packages/airflow/example_dags/example_trigger_controller_dag.py                                                    0           0                                                            0
/home/airflow/.local/lib/python3.12/site-packages/airflow/example_dags/example_branch_labels.py                                                             0           0                                                            0
/home/airflow/.local/lib/python3.12/site-packages/airflow/example_dags/tutorial_taskflow_api.py                                                             0           0                                                            0
/home/airflow/.local/lib/python3.12/site-packages/airflow/example_dags/example_short_circuit_decorator.py                                                   0           0                                                            0
/home/airflow/.local/lib/python3.12/site-packages/airflow/example_dags/example_branch_python_dop_operator_3.py                                              0           0                                                            0
/home/airflow/.local/lib/python3.12/site-packages/airflow/example_dags/example_local_kubernetes_executor.py                                                 0           0                                                            0
/home/airflow/.local/lib/python3.12/site-packages/airflow/example_dags/example_passing_params_via_test_command.py                                           0           0                                                            0
/home/airflow/.local/lib/python3.12/site-packages/airflow/example_dags/example_complex.py                                                                   0           0                                                            0
/home/airflow/.local/lib/python3.12/site-packages/airflow/example_dags/example_branch_operator.py                                                           0           0                                                            0
/home/airflow/.local/lib/python3.12/site-packages/airflow/example_dags/example_external_task_marker_dag.py                                                  0           0                                                            0
/home/airflow/.local/lib/python3.12/site-packages/airflow/example_dags/example_skip_dag.py                                                                  0           0                                                            0
/home/airflow/.local/lib/python3.12/site-packages/airflow/example_dags/example_trigger_target_dag.py                                                        0           0                                                            0
/home/airflow/.local/lib/python3.12/site-packages/airflow/example_dags/example_subdag_operator.py                                                           0           0                                                            0
/home/airflow/.local/lib/python3.12/site-packages/airflow/example_dags/example_datasets.py                                                                  0           0                                                            0
/home/airflow/.local/lib/python3.12/site-packages/airflow/example_dags/example_short_circuit_operator.py                                                    0           0                                                            0
/home/airflow/.local/lib/python3.12/site-packages/airflow/example_dags/example_python_operator.py                                                           0           0                                                            0
/home/airflow/.local/lib/python3.12/site-packages/airflow/example_dags/example_dataset_alias_with_no_taskflow.py                                            0           0                                                            0
/home/airflow/.local/lib/python3.12/site-packages/airflow/example_dags/tutorial.py                                                                          0           0                                                            0
/home/airflow/.local/lib/python3.12/site-packages/airflow/example_dags/example_time_delta_sensor_async.py                                                   0           0                                                            0
/home/airflow/.local/lib/python3.12/site-packages/airflow/example_dags/example_branch_day_of_week_operator.py                                               0           0                                                            0
/home/airflow/.local/lib/python3.12/site-packages/airflow/example_dags/tutorial_dag.py                                                                      0           0                                                            0
/home/airflow/.local/lib/python3.12/site-packages/airflow/example_dags/subdags/subdag.py                                                                    0           0                                                            0
/home/airflow/.local/lib/python3.12/site-packages/airflow/example_dags/plugins/event_listener.py                                                            0           0                                                            0
/home/airflow/.local/lib/python3.12/site-packages/airflow/example_dags/plugins/decreasing_priority_weight_strategy.py                                       0           0                                                            0
/home/airflow/.local/lib/python3.12/site-packages/airflow/example_dags/plugins/workday.py                                                                   0           0                                                            0
/home/airflow/.local/lib/python3.12/site-packages/airflow/example_dags/plugins/listener_plugin.py                                                           0           0                                                            0
================================================================================
[2026-09-24T22:31:23.511+0000] {manager.py:997} INFO - 
================================================================================
DAG File Processing Stats

File Path                                                                                                                            PID  Runtime      # DAGs    # Errors  Last Runtime    Last Run               Last # of DB Queries
---------------------------------------------------------------------------------------------------------------------------------  -----  ---------  --------  ----------  --------------  -------------------  ----------------------
/home/airflow/.local/lib/python3.12/site-packages/airflow/example_dags/example_nested_branch_dag.py                                                         1           0  89.41s          2026-09-24T22:27:02                      34
/home/airflow/.local/lib/python3.12/site-packages/airflow/example_dags/example_inlet_event_extra.py                                                         0           1  66.86s          2026-09-24T22:26:16                       0
/home/airflow/.local/lib/python3.12/site-packages/airflow/example_dags/example_dynamic_task_mapping_with_no_taskflow_operators.py                           0           1  59.30s          2026-09-24T22:25:27                       0
/home/airflow/.local/lib/python3.12/site-packages/airflow/example_dags/example_setup_teardown.py                                                            0           1  56.61s          2026-09-24T22:28:31                       0
/home/airflow/.local/lib/python3.12/site-packages/airflow/example_dags/example_latest_only.py                                                               0           1  52.75s          2026-09-24T22:28:58                       0
/home/airflow/.local/lib/python3.12/site-packages/airflow/example_dags/example_python_decorator.py                                                          0           1  50.91s          2026-09-24T22:30:37                       0
/home/airflow/.local/lib/python3.12/site-packages/airflow/example_dags/example_dynamic_task_mapping.py                                                      0           1  50.02s          2026-09-24T22:27:52                       0
/home/airflow/.local/lib/python3.12/site-packages/airflow/example_dags/example_params_trigger_ui.py                                                         1           0  47.37s          2026-09-24T22:31:07                      10
/home/airflow/.local/lib/python3.12/site-packages/airflow/example_dags/tutorial_taskflow_api_virtualenv.py                                                  1           0  46.22s          2026-09-24T22:29:45                      32
/home/airflow/.local/lib/python3.12/site-packages/airflow/example_dags/example_branch_operator_decorator.py                                                 1           0  42.51s          2026-09-24T22:29:45                      34
/home/airflow/.local/lib/python3.12/site-packages/airflow/example_dags/tutorial_objectstorage.py                                                            1           0  34.16s          2026-09-24T22:27:34                      10
/home/airflow/.local/lib/python3.12/site-packages/airflow/example_dags/example_xcom.py                                                                      1           0  30.70s          2026-09-24T22:30:17                      12
/home/airflow/.local/lib/python3.12/site-packages/airflow/example_dags/example_task_group.py                                                                1           0  29.57s          2026-09-24T22:29:01                      10
/home/airflow/.local/lib/python3.12/site-packages/airflow/example_dags/example_bash_decorator.py                                     318  40.06s            0           0                                                            0
/home/airflow/.local/lib/python3.12/site-packages/airflow/example_dags/example_branch_datetime_operator.py                           319  4.39s             0           0                                                            0
/home/airflow/.local/lib/python3.12/site-packages/airflow/example_dags/example_params_ui_tutorial.py                                                        0           0                                                            0
/home/airflow/.local/lib/python3.12/site-packages/airflow/example_dags/example_bash_operator.py                                                             0           0                                                            0
/home/airflow/.local/lib/python3.12/site-packages/airflow/example_dags/example_dag_decorator.py                                                             0           0                                                            0
/home/airflow/.local/lib/python3.12/site-packages/airflow/example_dags/example_task_group_decorator.py                                                      0           0                                                            0
/home/airflow/.local/lib/python3.12/site-packages/airflow/example_dags/example_display_name.py                                                              0           0                                                            0
/home/airflow/.local/lib/python3.12/site-packages/airflow/example_dags/tutorial_taskflow_templates.py                                                       0           0                                                            0
/home/airflow/.local/lib/python3.12/site-packages/airflow/example_dags/example_sensors.py                                                                   0           0                                                            0
/home/airflow/.local/lib/python3.12/site-packages/airflow/example_dags/example_xcomargs.py                                                                  0           0                                                            0
/home/airflow/.local/lib/python3.12/site-packages/airflow/example_dags/example_outlet_event_extra.py                                                        0           0                                                            0
/home/airflow/.local/lib/python3.12/site-packages/airflow/example_dags/example_kubernetes_executor.py                                                       0           0                                                            0
/home/airflow/.local/lib/python3.12/site-packages/airflow/example_dags/example_sla_dag.py                                                                   0           0                                                            0
/home/airflow/.local/lib/python3.12/site-packages/airflow/example_dags/example_workday_timetable.py                                                         0           0                                                            0
/home/airflow/.local/lib/python3.12/site-packages/airflow/example_dags/example_latest_only_with_trigger.py                                                  0           0                                                            0
/home/airflow/.local/lib/python3.12/site-packages/airflow/example_dags/example_setup_teardown_taskflow.py                                                   0           0                                                            0
/home/airflow/.local/lib/python3.12/site-packages/airflow/example_dags/example_dataset_alias.py                                                             0           0                                                            0
/home/airflow/.local/lib/python3.12/site-packages/airflow/example_dags/example_sensor_decorator.py                                                          0           0                                                            0
/home/airflow/.local/lib/python3.12/site-packages/airflow/example_dags/example_trigger_controller_dag.py                                                    0           0                                                            0
/home/airflow/.local/lib/python3.12/site-packages/airflow/example_dags/example_branch_labels.py                                                             0           0                                                            0
/home/airflow/.local/lib/python3.12/site-packages/airflow/example_dags/tutorial_taskflow_api.py                                                             0           0                                                            0
/home/airflow/.local/lib/python3.12/site-packages/airflow/example_dags/example_short_circuit_decorator.py                                                   0           0                                                            0
/home/airflow/.local/lib/python3.12/site-packages/airflow/example_dags/example_branch_python_dop_operator_3.py                                              0           0                                                            0
/home/airflow/.local/lib/python3.12/site-packages/airflow/example_dags/example_local_kubernetes_executor.py                                                 0           0                                                            0
/home/airflow/.local/lib/python3.12/site-packages/airflow/example_dags/example_passing_params_via_test_command.py                                           0           0                                                            0
/home/airflow/.local/lib/python3.12/site-packages/airflow/example_dags/example_complex.py                                                                   0           0                                                            0
/home/airflow/.local/lib/python3.12/site-packages/airflow/example_dags/example_branch_operator.py                                                           0           0                                                            0
/home/airflow/.local/lib/python3.12/site-packages/airflow/example_dags/example_external_task_marker_dag.py                                                  0           0                                                            0
/home/airflow/.local/lib/python3.12/site-packages/airflow/example_dags/example_skip_dag.py                                                                  0           0                                                            0
/home/airflow/.local/lib/python3.12/site-packages/airflow/example_dags/example_trigger_target_dag.py                                                        0           0                                                            0
/home/airflow/.local/lib/python3.12/site-packages/airflow/example_dags/example_subdag_operator.py                                                           0           0                                                            0
/home/airflow/.local/lib/python3.12/site-packages/airflow/example_dags/example_datasets.py                                                                  0           0                                                            0
/home/airflow/.local/lib/python3.12/site-packages/airflow/example_dags/example_short_circuit_operator.py                                                    0           0                                                            0
/home/airflow/.local/lib/python3.12/site-packages/airflow/example_dags/example_python_operator.py                                                           0           0                                                            0
/home/airflow/.local/lib/python3.12/site-packages/airflow/example_dags/example_dataset_alias_with_no_taskflow.py                                            0           0                                                            0
/home/airflow/.local/lib/python3.12/site-packages/airflow/example_dags/tutorial.py                                                                          0           0                                                            0
/home/airflow/.local/lib/python3.12/site-packages/airflow/example_dags/example_time_delta_sensor_async.py                                                   0           0                                                            0
/home/airflow/.local/lib/python3.12/site-packages/airflow/example_dags/example_branch_day_of_week_operator.py                                               0           0                                                            0
/home/airflow/.local/lib/python3.12/site-packages/airflow/example_dags/tutorial_dag.py                                                                      0           0                                                            0
/home/airflow/.local/lib/python3.12/site-packages/airflow/example_dags/subdags/subdag.py                                                                    0           0                                                            0
/home/airflow/.local/lib/python3.12/site-packages/airflow/example_dags/plugins/event_listener.py                                                            0           0                                                            0
/home/airflow/.local/lib/python3.12/site-packages/airflow/example_dags/plugins/decreasing_priority_weight_strategy.py                                       0           0                                                            0
/home/airflow/.local/lib/python3.12/site-packages/airflow/example_dags/plugins/workday.py                                                                   0           0                                                            0
/home/airflow/.local/lib/python3.12/site-packages/airflow/example_dags/plugins/listener_plugin.py                                                           0           0                                                            0
================================================================================
[2026-09-24T22:31:57.566+0000] {manager.py:997} INFO - 
================================================================================
DAG File Processing Stats

File Path                                                                                                                            PID  Runtime      # DAGs    # Errors  Last Runtime    Last Run               Last # of DB Queries
---------------------------------------------------------------------------------------------------------------------------------  -----  ---------  --------  ----------  --------------  -------------------  ----------------------
/home/airflow/.local/lib/python3.12/site-packages/airflow/example_dags/example_nested_branch_dag.py                                                         1           0  89.41s          2026-09-24T22:27:02                      34
/home/airflow/.local/lib/python3.12/site-packages/airflow/example_dags/example_inlet_event_extra.py                                                         0           1  66.86s          2026-09-24T22:26:16                       0
/home/airflow/.local/lib/python3.12/site-packages/airflow/example_dags/example_dynamic_task_mapping_with_no_taskflow_operators.py                           0           1  59.30s          2026-09-24T22:25:27                       0
/home/airflow/.local/lib/python3.12/site-packages/airflow/example_dags/example_setup_teardown.py                                                            0           1  56.61s          2026-09-24T22:28:31                       0
/home/airflow/.local/lib/python3.12/site-packages/airflow/example_dags/example_latest_only.py                                                               0           1  52.75s          2026-09-24T22:28:58                       0
/home/airflow/.local/lib/python3.12/site-packages/airflow/example_dags/example_python_decorator.py                                                          0           1  50.91s          2026-09-24T22:30:37                       0
/home/airflow/.local/lib/python3.12/site-packages/airflow/example_dags/example_dynamic_task_mapping.py                                                      0           1  50.02s          2026-09-24T22:27:52                       0
/home/airflow/.local/lib/python3.12/site-packages/airflow/example_dags/example_bash_decorator.py                                                            1           0  48.92s          2026-09-24T22:31:31                      32
/home/airflow/.local/lib/python3.12/site-packages/airflow/example_dags/example_params_trigger_ui.py                                                         1           0  47.37s          2026-09-24T22:31:07                      10
/home/airflow/.local/lib/python3.12/site-packages/airflow/example_dags/tutorial_taskflow_api_virtualenv.py                                                  1           0  46.22s          2026-09-24T22:29:45                      32
/home/airflow/.local/lib/python3.12/site-packages/airflow/example_dags/example_branch_operator_decorator.py                                                 1           0  42.51s          2026-09-24T22:29:45                      34
/home/airflow/.local/lib/python3.12/site-packages/airflow/example_dags/tutorial_objectstorage.py                                                            1           0  34.16s          2026-09-24T22:27:34                      10
/home/airflow/.local/lib/python3.12/site-packages/airflow/example_dags/example_xcom.py                                                                      1           0  30.70s          2026-09-24T22:30:17                      12
/home/airflow/.local/lib/python3.12/site-packages/airflow/example_dags/example_task_group.py                                                                1           0  29.57s          2026-09-24T22:29:01                      10
/home/airflow/.local/lib/python3.12/site-packages/airflow/example_dags/example_branch_datetime_operator.py                                                  3           0  13.98s          2026-09-24T22:31:32                      18
/home/airflow/.local/lib/python3.12/site-packages/airflow/example_dags/example_params_ui_tutorial.py                                                        1           0  10.90s          2026-09-24T22:31:43                      10
/home/airflow/.local/lib/python3.12/site-packages/airflow/example_dags/example_bash_operator.py                                                             1           0  10.74s          2026-09-24T22:31:43                      12
/home/airflow/.local/lib/python3.12/site-packages/airflow/example_dags/example_dag_decorator.py                                      328  11.37s            0           0                                                            0
/home/airflow/.local/lib/python3.12/site-packages/airflow/example_dags/example_task_group_decorator.py                               329  10.91s            0           0                                                            0
/home/airflow/.local/lib/python3.12/site-packages/airflow/example_dags/example_display_name.py                                                              0           0                                                            0
/home/airflow/.local/lib/python3.12/site-packages/airflow/example_dags/tutorial_taskflow_templates.py                                                       0           0                                                            0
/home/airflow/.local/lib/python3.12/site-packages/airflow/example_dags/example_sensors.py                                                                   0           0                                                            0
/home/airflow/.local/lib/python3.12/site-packages/airflow/example_dags/example_xcomargs.py                                                                  0           0                                                            0
/home/airflow/.local/lib/python3.12/site-packages/airflow/example_dags/example_outlet_event_extra.py                                                        0           0                                                            0
/home/airflow/.local/lib/python3.12/site-packages/airflow/example_dags/example_kubernetes_executor.py                                                       0           0                                                            0
/home/airflow/.local/lib/python3.12/site-packages/airflow/example_dags/example_sla_dag.py                                                                   0           0                                                            0
/home/airflow/.local/lib/python3.12/site-packages/airflow/example_dags/example_workday_timetable.py                                                         0           0                                                            0
/home/airflow/.local/lib/python3.12/site-packages/airflow/example_dags/example_latest_only_with_trigger.py                                                  0           0                                                            0
/home/airflow/.local/lib/python3.12/site-packages/airflow/example_dags/example_setup_teardown_taskflow.py                                                   0           0                                                            0
/home/airflow/.local/lib/python3.12/site-packages/airflow/example_dags/example_dataset_alias.py                                                             0           0                                                            0
/home/airflow/.local/lib/python3.12/site-packages/airflow/example_dags/example_sensor_decorator.py                                                          0           0                                                            0
/home/airflow/.local/lib/python3.12/site-packages/airflow/example_dags/example_trigger_controller_dag.py                                                    0           0                                                            0
/home/airflow/.local/lib/python3.12/site-packages/airflow/example_dags/example_branch_labels.py                                                             0           0                                                            0
/home/airflow/.local/lib/python3.12/site-packages/airflow/example_dags/tutorial_taskflow_api.py                                                             0           0                                                            0
/home/airflow/.local/lib/python3.12/site-packages/airflow/example_dags/example_short_circuit_decorator.py                                                   0           0                                                            0
/home/airflow/.local/lib/python3.12/site-packages/airflow/example_dags/example_branch_python_dop_operator_3.py                                              0           0                                                            0
/home/airflow/.local/lib/python3.12/site-packages/airflow/example_dags/example_local_kubernetes_executor.py                                                 0           0                                                            0
/home/airflow/.local/lib/python3.12/site-packages/airflow/example_dags/example_passing_params_via_test_command.py                                           0           0                                                            0
/home/airflow/.local/lib/python3.12/site-packages/airflow/example_dags/example_complex.py                                                                   0           0                                                            0
/home/airflow/.local/lib/python3.12/site-packages/airflow/example_dags/example_branch_operator.py                                                           0           0                                                            0
/home/airflow/.local/lib/python3.12/site-packages/airflow/example_dags/example_external_task_marker_dag.py                                                  0           0                                                            0
/home/airflow/.local/lib/python3.12/site-packages/airflow/example_dags/example_skip_dag.py                                                                  0           0                                                            0
/home/airflow/.local/lib/python3.12/site-packages/airflow/example_dags/example_trigger_target_dag.py                                                        0           0                                                            0
/home/airflow/.local/lib/python3.12/site-packages/airflow/example_dags/example_subdag_operator.py                                                           0           0                                                            0
/home/airflow/.local/lib/python3.12/site-packages/airflow/example_dags/example_datasets.py                                                                  0           0                                                            0
/home/airflow/.local/lib/python3.12/site-packages/airflow/example_dags/example_short_circuit_operator.py                                                    0           0                                                            0
/home/airflow/.local/lib/python3.12/site-packages/airflow/example_dags/example_python_operator.py                                                           0           0                                                            0
/home/airflow/.local/lib/python3.12/site-packages/airflow/example_dags/example_dataset_alias_with_no_taskflow.py                                            0           0                                                            0
/home/airflow/.local/lib/python3.12/site-packages/airflow/example_dags/tutorial.py                                                                          0           0                                                            0
/home/airflow/.local/lib/python3.12/site-packages/airflow/example_dags/example_time_delta_sensor_async.py                                                   0           0                                                            0
/home/airflow/.local/lib/python3.12/site-packages/airflow/example_dags/example_branch_day_of_week_operator.py                                               0           0                                                            0
/home/airflow/.local/lib/python3.12/site-packages/airflow/example_dags/tutorial_dag.py                                                                      0           0                                                            0
/home/airflow/.local/lib/python3.12/site-packages/airflow/example_dags/subdags/subdag.py                                                                    0           0                                                            0
/home/airflow/.local/lib/python3.12/site-packages/airflow/example_dags/plugins/event_listener.py                                                            0           0                                                            0
/home/airflow/.local/lib/python3.12/site-packages/airflow/example_dags/plugins/decreasing_priority_weight_strategy.py                                       0           0                                                            0
/home/airflow/.local/lib/python3.12/site-packages/airflow/example_dags/plugins/workday.py                                                                   0           0                                                            0
/home/airflow/.local/lib/python3.12/site-packages/airflow/example_dags/plugins/listener_plugin.py                                                           0           0                                                            0
================================================================================
[2026-09-24T22:32:29.701+0000] {manager.py:997} INFO - 
================================================================================
DAG File Processing Stats

File Path                                                                                                                            PID  Runtime      # DAGs    # Errors  Last Runtime    Last Run               Last # of DB Queries
---------------------------------------------------------------------------------------------------------------------------------  -----  ---------  --------  ----------  --------------  -------------------  ----------------------
/home/airflow/.local/lib/python3.12/site-packages/airflow/example_dags/example_nested_branch_dag.py                                                         1           0  89.41s          2026-09-24T22:27:02                      34
/home/airflow/.local/lib/python3.12/site-packages/airflow/example_dags/example_inlet_event_extra.py                                                         0           1  66.86s          2026-09-24T22:26:16                       0
/home/airflow/.local/lib/python3.12/site-packages/airflow/example_dags/example_dynamic_task_mapping_with_no_taskflow_operators.py                           0           1  59.30s          2026-09-24T22:25:27                       0
/home/airflow/.local/lib/python3.12/site-packages/airflow/example_dags/example_setup_teardown.py                                                            0           1  56.61s          2026-09-24T22:28:31                       0
/home/airflow/.local/lib/python3.12/site-packages/airflow/example_dags/example_latest_only.py                                                               0           1  52.75s          2026-09-24T22:28:58                       0
/home/airflow/.local/lib/python3.12/site-packages/airflow/example_dags/example_python_decorator.py                                                          0           1  50.91s          2026-09-24T22:30:37                       0
/home/airflow/.local/lib/python3.12/site-packages/airflow/example_dags/example_dynamic_task_mapping.py                                                      0           1  50.02s          2026-09-24T22:27:52                       0
/home/airflow/.local/lib/python3.12/site-packages/airflow/example_dags/example_bash_decorator.py                                                            1           0  48.92s          2026-09-24T22:31:31                      32
/home/airflow/.local/lib/python3.12/site-packages/airflow/example_dags/example_params_trigger_ui.py                                                         1           0  47.37s          2026-09-24T22:31:07                      10
/home/airflow/.local/lib/python3.12/site-packages/airflow/example_dags/tutorial_taskflow_api_virtualenv.py                                                  1           0  46.22s          2026-09-24T22:29:45                      32
/home/airflow/.local/lib/python3.12/site-packages/airflow/example_dags/example_branch_operator_decorator.py                                                 1           0  42.51s          2026-09-24T22:29:45                      34
/home/airflow/.local/lib/python3.12/site-packages/airflow/example_dags/example_dag_decorator.py                                                             0           1  40.78s          2026-09-24T22:32:25                       3
/home/airflow/.local/lib/python3.12/site-packages/airflow/example_dags/example_task_group_decorator.py                                                      1           0  38.57s          2026-09-24T22:32:23                      10
/home/airflow/.local/lib/python3.12/site-packages/airflow/example_dags/tutorial_objectstorage.py                                                            1           0  34.16s          2026-09-24T22:27:34                      10
/home/airflow/.local/lib/python3.12/site-packages/airflow/example_dags/example_xcom.py                                                                      1           0  30.70s          2026-09-24T22:30:17                      12
/home/airflow/.local/lib/python3.12/site-packages/airflow/example_dags/example_task_group.py                                                                1           0  29.57s          2026-09-24T22:29:01                      10
/home/airflow/.local/lib/python3.12/site-packages/airflow/example_dags/example_branch_datetime_operator.py                                                  3           0  13.98s          2026-09-24T22:31:32                      18
/home/airflow/.local/lib/python3.12/site-packages/airflow/example_dags/example_params_ui_tutorial.py                                                        1           0  10.90s          2026-09-24T22:31:43                      10
/home/airflow/.local/lib/python3.12/site-packages/airflow/example_dags/example_bash_operator.py                                                             1           0  10.74s          2026-09-24T22:31:43                      12
/home/airflow/.local/lib/python3.12/site-packages/airflow/example_dags/example_display_name.py                                       336  2.66s             0           0                                                            0
/home/airflow/.local/lib/python3.12/site-packages/airflow/example_dags/tutorial_taskflow_templates.py                                337  1.66s             0           0                                                            0
/home/airflow/.local/lib/python3.12/site-packages/airflow/example_dags/example_sensors.py                                                                   0           0                                                            0
/home/airflow/.local/lib/python3.12/site-packages/airflow/example_dags/example_xcomargs.py                                                                  0           0                                                            0
/home/airflow/.local/lib/python3.12/site-packages/airflow/example_dags/example_outlet_event_extra.py                                                        0           0                                                            0
/home/airflow/.local/lib/python3.12/site-packages/airflow/example_dags/example_kubernetes_executor.py                                                       0           0                                                            0
/home/airflow/.local/lib/python3.12/site-packages/airflow/example_dags/example_sla_dag.py                                                                   0           0                                                            0
/home/airflow/.local/lib/python3.12/site-packages/airflow/example_dags/example_workday_timetable.py                                                         0           0                                                            0
/home/airflow/.local/lib/python3.12/site-packages/airflow/example_dags/example_latest_only_with_trigger.py                                                  0           0                                                            0
/home/airflow/.local/lib/python3.12/site-packages/airflow/example_dags/example_setup_teardown_taskflow.py                                                   0           0                                                            0
/home/airflow/.local/lib/python3.12/site-packages/airflow/example_dags/example_dataset_alias.py                                                             0           0                                                            0
/home/airflow/.local/lib/python3.12/site-packages/airflow/example_dags/example_sensor_decorator.py                                                          0           0                                                            0
/home/airflow/.local/lib/python3.12/site-packages/airflow/example_dags/example_trigger_controller_dag.py                                                    0           0                                                            0
/home/airflow/.local/lib/python3.12/site-packages/airflow/example_dags/example_branch_labels.py                                                             0           0                                                            0
/home/airflow/.local/lib/python3.12/site-packages/airflow/example_dags/tutorial_taskflow_api.py                                                             0           0                                                            0
/home/airflow/.local/lib/python3.12/site-packages/airflow/example_dags/example_short_circuit_decorator.py                                                   0           0                                                            0
/home/airflow/.local/lib/python3.12/site-packages/airflow/example_dags/example_branch_python_dop_operator_3.py                                              0           0                                                            0
/home/airflow/.local/lib/python3.12/site-packages/airflow/example_dags/example_local_kubernetes_executor.py                                                 0           0                                                            0
/home/airflow/.local/lib/python3.12/site-packages/airflow/example_dags/example_passing_params_via_test_command.py                                           0           0                                                            0
/home/airflow/.local/lib/python3.12/site-packages/airflow/example_dags/example_complex.py                                                                   0           0                                                            0
/home/airflow/.local/lib/python3.12/site-packages/airflow/example_dags/example_branch_operator.py                                                           0           0                                                            0
/home/airflow/.local/lib/python3.12/site-packages/airflow/example_dags/example_external_task_marker_dag.py                                                  0           0                                                            0
/home/airflow/.local/lib/python3.12/site-packages/airflow/example_dags/example_skip_dag.py                                                                  0           0                                                            0
/home/airflow/.local/lib/python3.12/site-packages/airflow/example_dags/example_trigger_target_dag.py                                                        0           0                                                            0
/home/airflow/.local/lib/python3.12/site-packages/airflow/example_dags/example_subdag_operator.py                                                           0           0                                                            0
/home/airflow/.local/lib/python3.12/site-packages/airflow/example_dags/example_datasets.py                                                                  0           0                                                            0
/home/airflow/.local/lib/python3.12/site-packages/airflow/example_dags/example_short_circuit_operator.py                                                    0           0                                                            0
/home/airflow/.local/lib/python3.12/site-packages/airflow/example_dags/example_python_operator.py                                                           0           0                                                            0
/home/airflow/.local/lib/python3.12/site-packages/airflow/example_dags/example_dataset_alias_with_no_taskflow.py                                            0           0                                                            0
/home/airflow/.local/lib/python3.12/site-packages/airflow/example_dags/tutorial.py                                                                          0           0                                                            0
/home/airflow/.local/lib/python3.12/site-packages/airflow/example_dags/example_time_delta_sensor_async.py                                                   0           0                                                            0
/home/airflow/.local/lib/python3.12/site-packages/airflow/example_dags/example_branch_day_of_week_operator.py                                               0           0                                                            0
/home/airflow/.local/lib/python3.12/site-packages/airflow/example_dags/tutorial_dag.py                                                                      0           0                                                            0
/home/airflow/.local/lib/python3.12/site-packages/airflow/example_dags/subdags/subdag.py                                                                    0           0                                                            0
/home/airflow/.local/lib/python3.12/site-packages/airflow/example_dags/plugins/event_listener.py                                                            0           0                                                            0
/home/airflow/.local/lib/python3.12/site-packages/airflow/example_dags/plugins/decreasing_priority_weight_strategy.py                                       0           0                                                            0
/home/airflow/.local/lib/python3.12/site-packages/airflow/example_dags/plugins/workday.py                                                                   0           0                                                            0
/home/airflow/.local/lib/python3.12/site-packages/airflow/example_dags/plugins/listener_plugin.py                                                           0           0                                                            0
================================================================================
[2026-09-24T22:33:06.647+0000] {manager.py:997} INFO - 
================================================================================
DAG File Processing Stats

File Path                                                                                                                            PID  Runtime      # DAGs    # Errors  Last Runtime    Last Run               Last # of DB Queries
---------------------------------------------------------------------------------------------------------------------------------  -----  ---------  --------  ----------  --------------  -------------------  ----------------------
/home/airflow/.local/lib/python3.12/site-packages/airflow/example_dags/example_nested_branch_dag.py                                                         1           0  89.41s          2026-09-24T22:27:02                      34
/home/airflow/.local/lib/python3.12/site-packages/airflow/example_dags/example_inlet_event_extra.py                                                         0           1  66.86s          2026-09-24T22:26:16                       0
/home/airflow/.local/lib/python3.12/site-packages/airflow/example_dags/example_dynamic_task_mapping_with_no_taskflow_operators.py                           0           1  59.30s          2026-09-24T22:25:27                       0
/home/airflow/.local/lib/python3.12/site-packages/airflow/example_dags/example_setup_teardown.py                                                            0           1  56.61s          2026-09-24T22:28:31                       0
/home/airflow/.local/lib/python3.12/site-packages/airflow/example_dags/example_latest_only.py                                                               0           1  52.75s          2026-09-24T22:28:58                       0
/home/airflow/.local/lib/python3.12/site-packages/airflow/example_dags/example_python_decorator.py                                                          0           1  50.91s          2026-09-24T22:30:37                       0
/home/airflow/.local/lib/python3.12/site-packages/airflow/example_dags/example_dynamic_task_mapping.py                                                      0           1  50.02s          2026-09-24T22:27:52                       0
/home/airflow/.local/lib/python3.12/site-packages/airflow/example_dags/example_bash_decorator.py                                                            1           0  48.92s          2026-09-24T22:31:31                      32
/home/airflow/.local/lib/python3.12/site-packages/airflow/example_dags/example_params_trigger_ui.py                                                         1           0  47.37s          2026-09-24T22:31:07                      10
/home/airflow/.local/lib/python3.12/site-packages/airflow/example_dags/tutorial_taskflow_api_virtualenv.py                                                  1           0  46.22s          2026-09-24T22:29:45                      32
/home/airflow/.local/lib/python3.12/site-packages/airflow/example_dags/example_branch_operator_decorator.py                                                 1           0  42.51s          2026-09-24T22:29:45                      34
/home/airflow/.local/lib/python3.12/site-packages/airflow/example_dags/example_dag_decorator.py                                                             0           1  40.78s          2026-09-24T22:32:25                       3
/home/airflow/.local/lib/python3.12/site-packages/airflow/example_dags/example_task_group_decorator.py                                                      1           0  38.57s          2026-09-24T22:32:23                      10
/home/airflow/.local/lib/python3.12/site-packages/airflow/example_dags/tutorial_objectstorage.py                                                            1           0  34.16s          2026-09-24T22:27:34                      10
/home/airflow/.local/lib/python3.12/site-packages/airflow/example_dags/example_xcom.py                                                                      1           0  30.70s          2026-09-24T22:30:17                      12
/home/airflow/.local/lib/python3.12/site-packages/airflow/example_dags/example_task_group.py                                                                1           0  29.57s          2026-09-24T22:29:01                      10
/home/airflow/.local/lib/python3.12/site-packages/airflow/example_dags/example_display_name.py                                                              1           0  17.32s          2026-09-24T22:32:42                      10
/home/airflow/.local/lib/python3.12/site-packages/airflow/example_dags/example_branch_datetime_operator.py                                                  3           0  13.98s          2026-09-24T22:31:32                      18
/home/airflow/.local/lib/python3.12/site-packages/airflow/example_dags/tutorial_taskflow_templates.py                                                       1           0  12.20s          2026-09-24T22:32:38                      12
/home/airflow/.local/lib/python3.12/site-packages/airflow/example_dags/example_params_ui_tutorial.py                                                        1           0  10.90s          2026-09-24T22:31:43                      10
/home/airflow/.local/lib/python3.12/site-packages/airflow/example_dags/example_bash_operator.py                                                             1           0  10.74s          2026-09-24T22:31:43                      12
/home/airflow/.local/lib/python3.12/site-packages/airflow/example_dags/example_sensors.py                                            338  23.76s            0           0                                                            0
/home/airflow/.local/lib/python3.12/site-packages/airflow/example_dags/example_xcomargs.py                                           339  20.42s            0           0                                                            0
/home/airflow/.local/lib/python3.12/site-packages/airflow/example_dags/example_outlet_event_extra.py                                                        0           0                                                            0
/home/airflow/.local/lib/python3.12/site-packages/airflow/example_dags/example_kubernetes_executor.py                                                       0           0                                                            0
/home/airflow/.local/lib/python3.12/site-packages/airflow/example_dags/example_sla_dag.py                                                                   0           0                                                            0
/home/airflow/.local/lib/python3.12/site-packages/airflow/example_dags/example_workday_timetable.py                                                         0           0                                                            0
/home/airflow/.local/lib/python3.12/site-packages/airflow/example_dags/example_latest_only_with_trigger.py                                                  0           0                                                            0
/home/airflow/.local/lib/python3.12/site-packages/airflow/example_dags/example_setup_teardown_taskflow.py                                                   0           0                                                            0
/home/airflow/.local/lib/python3.12/site-packages/airflow/example_dags/example_dataset_alias.py                                                             0           0                                                            0
/home/airflow/.local/lib/python3.12/site-packages/airflow/example_dags/example_sensor_decorator.py                                                          0           0                                                            0
/home/airflow/.local/lib/python3.12/site-packages/airflow/example_dags/example_trigger_controller_dag.py                                                    0           0                                                            0
/home/airflow/.local/lib/python3.12/site-packages/airflow/example_dags/example_branch_labels.py                                                             0           0                                                            0
/home/airflow/.local/lib/python3.12/site-packages/airflow/example_dags/tutorial_taskflow_api.py                                                             0           0                                                            0
/home/airflow/.local/lib/python3.12/site-packages/airflow/example_dags/example_short_circuit_decorator.py                                                   0           0                                                            0
/home/airflow/.local/lib/python3.12/site-packages/airflow/example_dags/example_branch_python_dop_operator_3.py                                              0           0                                                            0
/home/airflow/.local/lib/python3.12/site-packages/airflow/example_dags/example_local_kubernetes_executor.py                                                 0           0                                                            0
/home/airflow/.local/lib/python3.12/site-packages/airflow/example_dags/example_passing_params_via_test_command.py                                           0           0                                                            0
/home/airflow/.local/lib/python3.12/site-packages/airflow/example_dags/example_complex.py                                                                   0           0                                                            0
/home/airflow/.local/lib/python3.12/site-packages/airflow/example_dags/example_branch_operator.py                                                           0           0                                                            0
/home/airflow/.local/lib/python3.12/site-packages/airflow/example_dags/example_external_task_marker_dag.py                                                  0           0                                                            0
/home/airflow/.local/lib/python3.12/site-packages/airflow/example_dags/example_skip_dag.py                                                                  0           0                                                            0
/home/airflow/.local/lib/python3.12/site-packages/airflow/example_dags/example_trigger_target_dag.py                                                        0           0                                                            0
/home/airflow/.local/lib/python3.12/site-packages/airflow/example_dags/example_subdag_operator.py                                                           0           0                                                            0
/home/airflow/.local/lib/python3.12/site-packages/airflow/example_dags/example_datasets.py                                                                  0           0                                                            0
/home/airflow/.local/lib/python3.12/site-packages/airflow/example_dags/example_short_circuit_operator.py                                                    0           0                                                            0
/home/airflow/.local/lib/python3.12/site-packages/airflow/example_dags/example_python_operator.py                                                           0           0                                                            0
/home/airflow/.local/lib/python3.12/site-packages/airflow/example_dags/example_dataset_alias_with_no_taskflow.py                                            0           0                                                            0
/home/airflow/.local/lib/python3.12/site-packages/airflow/example_dags/tutorial.py                                                                          0           0                                                            0
/home/airflow/.local/lib/python3.12/site-packages/airflow/example_dags/example_time_delta_sensor_async.py                                                   0           0                                                            0
/home/airflow/.local/lib/python3.12/site-packages/airflow/example_dags/example_branch_day_of_week_operator.py                                               0           0                                                            0
/home/airflow/.local/lib/python3.12/site-packages/airflow/example_dags/tutorial_dag.py                                                                      0           0                                                            0
/home/airflow/.local/lib/python3.12/site-packages/airflow/example_dags/subdags/subdag.py                                                                    0           0                                                            0
/home/airflow/.local/lib/python3.12/site-packages/airflow/example_dags/plugins/event_listener.py                                                            0           0                                                            0
/home/airflow/.local/lib/python3.12/site-packages/airflow/example_dags/plugins/decreasing_priority_weight_strategy.py                                       0           0                                                            0
/home/airflow/.local/lib/python3.12/site-packages/airflow/example_dags/plugins/workday.py                                                                   0           0                                                            0
/home/airflow/.local/lib/python3.12/site-packages/airflow/example_dags/plugins/listener_plugin.py                                                           0           0                                                            0
================================================================================
[2026-09-24T22:33:39.266+0000] {manager.py:997} INFO - 
================================================================================
DAG File Processing Stats

File Path                                                                                                                            PID  Runtime      # DAGs    # Errors  Last Runtime    Last Run               Last # of DB Queries
---------------------------------------------------------------------------------------------------------------------------------  -----  ---------  --------  ----------  --------------  -------------------  ----------------------
/home/airflow/.local/lib/python3.12/site-packages/airflow/example_dags/example_nested_branch_dag.py                                                         1           0  89.41s          2026-09-24T22:27:02                      34
/home/airflow/.local/lib/python3.12/site-packages/airflow/example_dags/example_inlet_event_extra.py                                                         0           1  66.86s          2026-09-24T22:26:16                       0
/home/airflow/.local/lib/python3.12/site-packages/airflow/example_dags/example_dynamic_task_mapping_with_no_taskflow_operators.py                           0           1  59.30s          2026-09-24T22:25:27                       0
/home/airflow/.local/lib/python3.12/site-packages/airflow/example_dags/example_setup_teardown.py                                                            0           1  56.61s          2026-09-24T22:28:31                       0
/home/airflow/.local/lib/python3.12/site-packages/airflow/example_dags/example_latest_only.py                                                               0           1  52.75s          2026-09-24T22:28:58                       0
/home/airflow/.local/lib/python3.12/site-packages/airflow/example_dags/example_python_decorator.py                                                          0           1  50.91s          2026-09-24T22:30:37                       0
/home/airflow/.local/lib/python3.12/site-packages/airflow/example_dags/example_dynamic_task_mapping.py                                                      0           1  50.02s          2026-09-24T22:27:52                       0
/home/airflow/.local/lib/python3.12/site-packages/airflow/example_dags/example_bash_decorator.py                                                            1           0  48.92s          2026-09-24T22:31:31                      32
/home/airflow/.local/lib/python3.12/site-packages/airflow/example_dags/example_sensors.py                                                                   1           0  48.57s          2026-09-24T22:33:29                      10
/home/airflow/.local/lib/python3.12/site-packages/airflow/example_dags/example_xcomargs.py                                                                  2           0  48.07s          2026-09-24T22:33:32                      13
/home/airflow/.local/lib/python3.12/site-packages/airflow/example_dags/example_params_trigger_ui.py                                                         1           0  47.37s          2026-09-24T22:31:07                      10
/home/airflow/.local/lib/python3.12/site-packages/airflow/example_dags/tutorial_taskflow_api_virtualenv.py                                                  1           0  46.22s          2026-09-24T22:29:45                      32
/home/airflow/.local/lib/python3.12/site-packages/airflow/example_dags/example_branch_operator_decorator.py                                                 1           0  42.51s          2026-09-24T22:29:45                      34
/home/airflow/.local/lib/python3.12/site-packages/airflow/example_dags/example_dag_decorator.py                                                             0           1  40.78s          2026-09-24T22:32:25                       3
/home/airflow/.local/lib/python3.12/site-packages/airflow/example_dags/example_task_group_decorator.py                                                      1           0  38.57s          2026-09-24T22:32:23                      10
/home/airflow/.local/lib/python3.12/site-packages/airflow/example_dags/tutorial_objectstorage.py                                                            1           0  34.16s          2026-09-24T22:27:34                      10
/home/airflow/.local/lib/python3.12/site-packages/airflow/example_dags/example_xcom.py                                                                      1           0  30.70s          2026-09-24T22:30:17                      12
/home/airflow/.local/lib/python3.12/site-packages/airflow/example_dags/example_task_group.py                                                                1           0  29.57s          2026-09-24T22:29:01                      10
/home/airflow/.local/lib/python3.12/site-packages/airflow/example_dags/example_display_name.py                                                              1           0  17.32s          2026-09-24T22:32:42                      10
/home/airflow/.local/lib/python3.12/site-packages/airflow/example_dags/example_branch_datetime_operator.py                                                  3           0  13.98s          2026-09-24T22:31:32                      18
/home/airflow/.local/lib/python3.12/site-packages/airflow/example_dags/tutorial_taskflow_templates.py                                                       1           0  12.20s          2026-09-24T22:32:38                      12
/home/airflow/.local/lib/python3.12/site-packages/airflow/example_dags/example_params_ui_tutorial.py                                                        1           0  10.90s          2026-09-24T22:31:43                      10
/home/airflow/.local/lib/python3.12/site-packages/airflow/example_dags/example_bash_operator.py                                                             1           0  10.74s          2026-09-24T22:31:43                      12
/home/airflow/.local/lib/python3.12/site-packages/airflow/example_dags/example_outlet_event_extra.py                                 351  7.97s             0           0                                                            0
/home/airflow/.local/lib/python3.12/site-packages/airflow/example_dags/example_kubernetes_executor.py                                352  5.48s             0           0                                                            0
/home/airflow/.local/lib/python3.12/site-packages/airflow/example_dags/example_sla_dag.py                                                                   0           0                                                            0
/home/airflow/.local/lib/python3.12/site-packages/airflow/example_dags/example_workday_timetable.py                                                         0           0                                                            0
/home/airflow/.local/lib/python3.12/site-packages/airflow/example_dags/example_latest_only_with_trigger.py                                                  0           0                                                            0
/home/airflow/.local/lib/python3.12/site-packages/airflow/example_dags/example_setup_teardown_taskflow.py                                                   0           0                                                            0
/home/airflow/.local/lib/python3.12/site-packages/airflow/example_dags/example_dataset_alias.py                                                             0           0                                                            0
/home/airflow/.local/lib/python3.12/site-packages/airflow/example_dags/example_sensor_decorator.py                                                          0           0                                                            0
/home/airflow/.local/lib/python3.12/site-packages/airflow/example_dags/example_trigger_controller_dag.py                                                    0           0                                                            0
/home/airflow/.local/lib/python3.12/site-packages/airflow/example_dags/example_branch_labels.py                                                             0           0                                                            0
/home/airflow/.local/lib/python3.12/site-packages/airflow/example_dags/tutorial_taskflow_api.py                                                             0           0                                                            0
/home/airflow/.local/lib/python3.12/site-packages/airflow/example_dags/example_short_circuit_decorator.py                                                   0           0                                                            0
/home/airflow/.local/lib/python3.12/site-packages/airflow/example_dags/example_branch_python_dop_operator_3.py                                              0           0                                                            0
/home/airflow/.local/lib/python3.12/site-packages/airflow/example_dags/example_local_kubernetes_executor.py                                                 0           0                                                            0
/home/airflow/.local/lib/python3.12/site-packages/airflow/example_dags/example_passing_params_via_test_command.py                                           0           0                                                            0
/home/airflow/.local/lib/python3.12/site-packages/airflow/example_dags/example_complex.py                                                                   0           0                                                            0
/home/airflow/.local/lib/python3.12/site-packages/airflow/example_dags/example_branch_operator.py                                                           0           0                                                            0
/home/airflow/.local/lib/python3.12/site-packages/airflow/example_dags/example_external_task_marker_dag.py                                                  0           0                                                            0
/home/airflow/.local/lib/python3.12/site-packages/airflow/example_dags/example_skip_dag.py                                                                  0           0                                                            0
/home/airflow/.local/lib/python3.12/site-packages/airflow/example_dags/example_trigger_target_dag.py                                                        0           0                                                            0
/home/airflow/.local/lib/python3.12/site-packages/airflow/example_dags/example_subdag_operator.py                                                           0           0                                                            0
/home/airflow/.local/lib/python3.12/site-packages/airflow/example_dags/example_datasets.py                                                                  0           0                                                            0
/home/airflow/.local/lib/python3.12/site-packages/airflow/example_dags/example_short_circuit_operator.py                                                    0           0                                                            0
/home/airflow/.local/lib/python3.12/site-packages/airflow/example_dags/example_python_operator.py                                                           0           0                                                            0
/home/airflow/.local/lib/python3.12/site-packages/airflow/example_dags/example_dataset_alias_with_no_taskflow.py                                            0           0                                                            0
/home/airflow/.local/lib/python3.12/site-packages/airflow/example_dags/tutorial.py                                                                          0           0                                                            0
/home/airflow/.local/lib/python3.12/site-packages/airflow/example_dags/example_time_delta_sensor_async.py                                                   0           0                                                            0
/home/airflow/.local/lib/python3.12/site-packages/airflow/example_dags/example_branch_day_of_week_operator.py                                               0           0                                                            0
/home/airflow/.local/lib/python3.12/site-packages/airflow/example_dags/tutorial_dag.py                                                                      0           0                                                            0
/home/airflow/.local/lib/python3.12/site-packages/airflow/example_dags/subdags/subdag.py                                                                    0           0                                                            0
/home/airflow/.local/lib/python3.12/site-packages/airflow/example_dags/plugins/event_listener.py                                                            0           0                                                            0
/home/airflow/.local/lib/python3.12/site-packages/airflow/example_dags/plugins/decreasing_priority_weight_strategy.py                                       0           0                                                            0
/home/airflow/.local/lib/python3.12/site-packages/airflow/example_dags/plugins/workday.py                                                                   0           0                                                            0
/home/airflow/.local/lib/python3.12/site-packages/airflow/example_dags/plugins/listener_plugin.py                                                           0           0                                                            0
================================================================================
[2026-09-24T22:33:58.090+0000] {manager.py:821} INFO - Searching for files in /opt/airflow/dags
[2026-09-24T22:33:59.841+0000] {manager.py:824} INFO - There are 57 files in /opt/airflow/dags
[2026-09-24T22:34:14.742+0000] {manager.py:997} INFO - 
================================================================================
DAG File Processing Stats

File Path                                                                                                                            PID  Runtime      # DAGs    # Errors  Last Runtime    Last Run               Last # of DB Queries
---------------------------------------------------------------------------------------------------------------------------------  -----  ---------  --------  ----------  --------------  -------------------  ----------------------
/home/airflow/.local/lib/python3.12/site-packages/airflow/example_dags/example_nested_branch_dag.py                                                         1           0  89.41s          2026-09-24T22:27:02                      34
/home/airflow/.local/lib/python3.12/site-packages/airflow/example_dags/example_inlet_event_extra.py                                                         0           1  66.86s          2026-09-24T22:26:16                       0
/home/airflow/.local/lib/python3.12/site-packages/airflow/example_dags/example_dynamic_task_mapping_with_no_taskflow_operators.py                           0           1  59.30s          2026-09-24T22:25:27                       0
/home/airflow/.local/lib/python3.12/site-packages/airflow/example_dags/example_setup_teardown.py                                                            0           1  56.61s          2026-09-24T22:28:31                       0
/home/airflow/.local/lib/python3.12/site-packages/airflow/example_dags/example_latest_only.py                                                               0           1  52.75s          2026-09-24T22:28:58                       0
/home/airflow/.local/lib/python3.12/site-packages/airflow/example_dags/example_python_decorator.py                                                          0           1  50.91s          2026-09-24T22:30:37                       0
/home/airflow/.local/lib/python3.12/site-packages/airflow/example_dags/example_dynamic_task_mapping.py                                                      0           1  50.02s          2026-09-24T22:27:52                       0
/home/airflow/.local/lib/python3.12/site-packages/airflow/example_dags/example_bash_decorator.py                                                            1           0  48.92s          2026-09-24T22:31:31                      32
/home/airflow/.local/lib/python3.12/site-packages/airflow/example_dags/example_sensors.py                                                                   1           0  48.57s          2026-09-24T22:33:29                      10
/home/airflow/.local/lib/python3.12/site-packages/airflow/example_dags/example_xcomargs.py                                                                  2           0  48.07s          2026-09-24T22:33:32                      13
/home/airflow/.local/lib/python3.12/site-packages/airflow/example_dags/example_params_trigger_ui.py                                                         1           0  47.37s          2026-09-24T22:31:07                      10
/home/airflow/.local/lib/python3.12/site-packages/airflow/example_dags/tutorial_taskflow_api_virtualenv.py                                                  1           0  46.22s          2026-09-24T22:29:45                      32
/home/airflow/.local/lib/python3.12/site-packages/airflow/example_dags/example_branch_operator_decorator.py                                                 1           0  42.51s          2026-09-24T22:29:45                      34
/home/airflow/.local/lib/python3.12/site-packages/airflow/example_dags/example_dag_decorator.py                                                             0           1  40.78s          2026-09-24T22:32:25                       3
/home/airflow/.local/lib/python3.12/site-packages/airflow/example_dags/example_task_group_decorator.py                                                      1           0  38.57s          2026-09-24T22:32:23                      10
/home/airflow/.local/lib/python3.12/site-packages/airflow/example_dags/example_outlet_event_extra.py                                                        0           1  36.23s          2026-09-24T22:34:06                       5
/home/airflow/.local/lib/python3.12/site-packages/airflow/example_dags/tutorial_objectstorage.py                                                            1           0  34.16s          2026-09-24T22:27:34                      10
/home/airflow/.local/lib/python3.12/site-packages/airflow/example_dags/example_xcom.py                                                                      1           0  30.70s          2026-09-24T22:30:17                      12
/home/airflow/.local/lib/python3.12/site-packages/airflow/example_dags/example_task_group.py                                                                1           0  29.57s          2026-09-24T22:29:01                      10
/home/airflow/.local/lib/python3.12/site-packages/airflow/example_dags/example_kubernetes_executor.py                                                       1           0  21.38s          2026-09-24T22:33:54                      10
/home/airflow/.local/lib/python3.12/site-packages/airflow/example_dags/example_display_name.py                                                              1           0  17.32s          2026-09-24T22:32:42                      10
/home/airflow/.local/lib/python3.12/site-packages/airflow/example_dags/example_branch_datetime_operator.py                                                  3           0  13.98s          2026-09-24T22:31:32                      18
/home/airflow/.local/lib/python3.12/site-packages/airflow/example_dags/tutorial_taskflow_templates.py                                                       1           0  12.20s          2026-09-24T22:32:38                      12
/home/airflow/.local/lib/python3.12/site-packages/airflow/example_dags/example_params_ui_tutorial.py                                                        1           0  10.90s          2026-09-24T22:31:43                      10
/home/airflow/.local/lib/python3.12/site-packages/airflow/example_dags/example_bash_operator.py                                                             1           0  10.74s          2026-09-24T22:31:43                      12
/home/airflow/.local/lib/python3.12/site-packages/airflow/example_dags/example_sla_dag.py                                            353  16.35s            0           0                                                            0
/home/airflow/.local/lib/python3.12/site-packages/airflow/example_dags/example_workday_timetable.py                                  359  3.77s             0           0                                                            0
/home/airflow/.local/lib/python3.12/site-packages/airflow/example_dags/example_latest_only_with_trigger.py                                                  0           0                                                            0
/home/airflow/.local/lib/python3.12/site-packages/airflow/example_dags/example_setup_teardown_taskflow.py                                                   0           0                                                            0
/home/airflow/.local/lib/python3.12/site-packages/airflow/example_dags/example_dataset_alias.py                                                             0           0                                                            0
/home/airflow/.local/lib/python3.12/site-packages/airflow/example_dags/example_sensor_decorator.py                                                          0           0                                                            0
/home/airflow/.local/lib/python3.12/site-packages/airflow/example_dags/example_trigger_controller_dag.py                                                    0           0                                                            0
/home/airflow/.local/lib/python3.12/site-packages/airflow/example_dags/example_branch_labels.py                                                             0           0                                                            0
/home/airflow/.local/lib/python3.12/site-packages/airflow/example_dags/tutorial_taskflow_api.py                                                             0           0                                                            0
/home/airflow/.local/lib/python3.12/site-packages/airflow/example_dags/example_short_circuit_decorator.py                                                   0           0                                                            0
/home/airflow/.local/lib/python3.12/site-packages/airflow/example_dags/example_branch_python_dop_operator_3.py                                              0           0                                                            0
/home/airflow/.local/lib/python3.12/site-packages/airflow/example_dags/example_local_kubernetes_executor.py                                                 0           0                                                            0
/home/airflow/.local/lib/python3.12/site-packages/airflow/example_dags/example_passing_params_via_test_command.py                                           0           0                                                            0
/home/airflow/.local/lib/python3.12/site-packages/airflow/example_dags/example_complex.py                                                                   0           0                                                            0
/home/airflow/.local/lib/python3.12/site-packages/airflow/example_dags/example_branch_operator.py                                                           0           0                                                            0
/home/airflow/.local/lib/python3.12/site-packages/airflow/example_dags/example_external_task_marker_dag.py                                                  0           0                                                            0
/home/airflow/.local/lib/python3.12/site-packages/airflow/example_dags/example_skip_dag.py                                                                  0           0                                                            0
/home/airflow/.local/lib/python3.12/site-packages/airflow/example_dags/example_trigger_target_dag.py                                                        0           0                                                            0
/home/airflow/.local/lib/python3.12/site-packages/airflow/example_dags/example_subdag_operator.py                                                           0           0                                                            0
/home/airflow/.local/lib/python3.12/site-packages/airflow/example_dags/example_datasets.py                                                                  0           0                                                            0
/home/airflow/.local/lib/python3.12/site-packages/airflow/example_dags/example_short_circuit_operator.py                                                    0           0                                                            0
/home/airflow/.local/lib/python3.12/site-packages/airflow/example_dags/example_python_operator.py                                                           0           0                                                            0
/home/airflow/.local/lib/python3.12/site-packages/airflow/example_dags/example_dataset_alias_with_no_taskflow.py                                            0           0                                                            0
/home/airflow/.local/lib/python3.12/site-packages/airflow/example_dags/tutorial.py                                                                          0           0                                                            0
/home/airflow/.local/lib/python3.12/site-packages/airflow/example_dags/example_time_delta_sensor_async.py                                                   0           0                                                            0
/home/airflow/.local/lib/python3.12/site-packages/airflow/example_dags/example_branch_day_of_week_operator.py                                               0           0                                                            0
/home/airflow/.local/lib/python3.12/site-packages/airflow/example_dags/tutorial_dag.py                                                                      0           0                                                            0
/home/airflow/.local/lib/python3.12/site-packages/airflow/example_dags/subdags/subdag.py                                                                    0           0                                                            0
/home/airflow/.local/lib/python3.12/site-packages/airflow/example_dags/plugins/event_listener.py                                                            0           0                                                            0
/home/airflow/.local/lib/python3.12/site-packages/airflow/example_dags/plugins/decreasing_priority_weight_strategy.py                                       0           0                                                            0
/home/airflow/.local/lib/python3.12/site-packages/airflow/example_dags/plugins/workday.py                                                                   0           0                                                            0
/home/airflow/.local/lib/python3.12/site-packages/airflow/example_dags/plugins/listener_plugin.py                                                           0           0                                                            0
================================================================================
[2026-09-24T22:34:49.791+0000] {manager.py:997} INFO - 
================================================================================
DAG File Processing Stats

File Path                                                                                                                            PID  Runtime      # DAGs    # Errors  Last Runtime    Last Run               Last # of DB Queries
---------------------------------------------------------------------------------------------------------------------------------  -----  ---------  --------  ----------  --------------  -------------------  ----------------------
/home/airflow/.local/lib/python3.12/site-packages/airflow/example_dags/example_nested_branch_dag.py                                                         1           0  89.41s          2026-09-24T22:27:02                      34
/home/airflow/.local/lib/python3.12/site-packages/airflow/example_dags/example_inlet_event_extra.py                                                         0           1  66.86s          2026-09-24T22:26:16                       0
/home/airflow/.local/lib/python3.12/site-packages/airflow/example_dags/example_dynamic_task_mapping_with_no_taskflow_operators.py                           0           1  59.30s          2026-09-24T22:25:27                       0
/home/airflow/.local/lib/python3.12/site-packages/airflow/example_dags/example_setup_teardown.py                                                            0           1  56.61s          2026-09-24T22:28:31                       0
/home/airflow/.local/lib/python3.12/site-packages/airflow/example_dags/example_latest_only.py                                                               0           1  52.75s          2026-09-24T22:28:58                       0
/home/airflow/.local/lib/python3.12/site-packages/airflow/example_dags/example_python_decorator.py                                                          0           1  50.91s          2026-09-24T22:30:37                       0
/home/airflow/.local/lib/python3.12/site-packages/airflow/example_dags/example_dynamic_task_mapping.py                                                      0           1  50.02s          2026-09-24T22:27:52                       0
/home/airflow/.local/lib/python3.12/site-packages/airflow/example_dags/example_bash_decorator.py                                                            1           0  48.92s          2026-09-24T22:31:31                      32
/home/airflow/.local/lib/python3.12/site-packages/airflow/example_dags/example_sensors.py                                                                   1           0  48.57s          2026-09-24T22:33:29                      10
/home/airflow/.local/lib/python3.12/site-packages/airflow/example_dags/example_xcomargs.py                                                                  2           0  48.07s          2026-09-24T22:33:32                      13
/home/airflow/.local/lib/python3.12/site-packages/airflow/example_dags/example_params_trigger_ui.py                                                         1           0  47.37s          2026-09-24T22:31:07                      10
/home/airflow/.local/lib/python3.12/site-packages/airflow/example_dags/tutorial_taskflow_api_virtualenv.py                                                  1           0  46.22s          2026-09-24T22:29:45                      32
/home/airflow/.local/lib/python3.12/site-packages/airflow/example_dags/example_branch_operator_decorator.py                                                 1           0  42.51s          2026-09-24T22:29:45                      34
/home/airflow/.local/lib/python3.12/site-packages/airflow/example_dags/example_dag_decorator.py                                                             0           1  40.78s          2026-09-24T22:32:25                       3
/home/airflow/.local/lib/python3.12/site-packages/airflow/example_dags/example_task_group_decorator.py                                                      1           0  38.57s          2026-09-24T22:32:23                      10
/home/airflow/.local/lib/python3.12/site-packages/airflow/example_dags/example_outlet_event_extra.py                                                        0           1  36.23s          2026-09-24T22:34:06                       5
/home/airflow/.local/lib/python3.12/site-packages/airflow/example_dags/tutorial_objectstorage.py                                                            1           0  34.16s          2026-09-24T22:27:34                      10
/home/airflow/.local/lib/python3.12/site-packages/airflow/example_dags/example_xcom.py                                                                      1           0  30.70s          2026-09-24T22:30:17                      12
/home/airflow/.local/lib/python3.12/site-packages/airflow/example_dags/example_task_group.py                                                                1           0  29.57s          2026-09-24T22:29:01                      10
/home/airflow/.local/lib/python3.12/site-packages/airflow/example_dags/example_sla_dag.py                                                                   1           0  24.26s          2026-09-24T22:34:18                      12
/home/airflow/.local/lib/python3.12/site-packages/airflow/example_dags/example_kubernetes_executor.py                                                       1           0  21.38s          2026-09-24T22:33:54                      10
/home/airflow/.local/lib/python3.12/site-packages/airflow/example_dags/example_display_name.py                                                              1           0  17.32s          2026-09-24T22:32:42                      10
/home/airflow/.local/lib/python3.12/site-packages/airflow/example_dags/example_branch_datetime_operator.py                                                  3           0  13.98s          2026-09-24T22:31:32                      18
/home/airflow/.local/lib/python3.12/site-packages/airflow/example_dags/tutorial_taskflow_templates.py                                                       1           0  12.20s          2026-09-24T22:32:38                      12
/home/airflow/.local/lib/python3.12/site-packages/airflow/example_dags/example_params_ui_tutorial.py                                                        1           0  10.90s          2026-09-24T22:31:43                      10
/home/airflow/.local/lib/python3.12/site-packages/airflow/example_dags/example_bash_operator.py                                                             1           0  10.74s          2026-09-24T22:31:43                      12
/home/airflow/.local/lib/python3.12/site-packages/airflow/example_dags/example_workday_timetable.py                                  359  42.79s            0           0                                                            0
/home/airflow/.local/lib/python3.12/site-packages/airflow/example_dags/example_latest_only_with_trigger.py                           360  29.96s            0           0                                                            0
/home/airflow/.local/lib/python3.12/site-packages/airflow/example_dags/example_setup_teardown_taskflow.py                                                   0           0                                                            0
/home/airflow/.local/lib/python3.12/site-packages/airflow/example_dags/example_dataset_alias.py                                                             0           0                                                            0
/home/airflow/.local/lib/python3.12/site-packages/airflow/example_dags/example_sensor_decorator.py                                                          0           0                                                            0
/home/airflow/.local/lib/python3.12/site-packages/airflow/example_dags/example_trigger_controller_dag.py                                                    0           0                                                            0
/home/airflow/.local/lib/python3.12/site-packages/airflow/example_dags/example_branch_labels.py                                                             0           0                                                            0
/home/airflow/.local/lib/python3.12/site-packages/airflow/example_dags/tutorial_taskflow_api.py                                                             0           0                                                            0
/home/airflow/.local/lib/python3.12/site-packages/airflow/example_dags/example_short_circuit_decorator.py                                                   0           0                                                            0
/home/airflow/.local/lib/python3.12/site-packages/airflow/example_dags/example_branch_python_dop_operator_3.py                                              0           0                                                            0
/home/airflow/.local/lib/python3.12/site-packages/airflow/example_dags/example_local_kubernetes_executor.py                                                 0           0                                                            0
/home/airflow/.local/lib/python3.12/site-packages/airflow/example_dags/example_passing_params_via_test_command.py                                           0           0                                                            0
/home/airflow/.local/lib/python3.12/site-packages/airflow/example_dags/example_complex.py                                                                   0           0                                                            0
/home/airflow/.local/lib/python3.12/site-packages/airflow/example_dags/example_branch_operator.py                                                           0           0                                                            0
/home/airflow/.local/lib/python3.12/site-packages/airflow/example_dags/example_external_task_marker_dag.py                                                  0           0                                                            0
/home/airflow/.local/lib/python3.12/site-packages/airflow/example_dags/example_skip_dag.py                                                                  0           0                                                            0
/home/airflow/.local/lib/python3.12/site-packages/airflow/example_dags/example_trigger_target_dag.py                                                        0           0                                                            0
/home/airflow/.local/lib/python3.12/site-packages/airflow/example_dags/example_subdag_operator.py                                                           0           0                                                            0
/home/airflow/.local/lib/python3.12/site-packages/airflow/example_dags/example_datasets.py                                                                  0           0                                                            0
/home/airflow/.local/lib/python3.12/site-packages/airflow/example_dags/example_short_circuit_operator.py                                                    0           0                                                            0
/home/airflow/.local/lib/python3.12/site-packages/airflow/example_dags/example_python_operator.py                                                           0           0                                                            0
/home/airflow/.local/lib/python3.12/site-packages/airflow/example_dags/example_dataset_alias_with_no_taskflow.py                                            0           0                                                            0
/home/airflow/.local/lib/python3.12/site-packages/airflow/example_dags/tutorial.py                                                                          0           0                                                            0
/home/airflow/.local/lib/python3.12/site-packages/airflow/example_dags/example_time_delta_sensor_async.py                                                   0           0                                                            0
/home/airflow/.local/lib/python3.12/site-packages/airflow/example_dags/example_branch_day_of_week_operator.py                                               0           0                                                            0
/home/airflow/.local/lib/python3.12/site-packages/airflow/example_dags/tutorial_dag.py                                                                      0           0                                                            0
/home/airflow/.local/lib/python3.12/site-packages/airflow/example_dags/subdags/subdag.py                                                                    0           0                                                            0
/home/airflow/.local/lib/python3.12/site-packages/airflow/example_dags/plugins/event_listener.py                                                            0           0                                                            0
/home/airflow/.local/lib/python3.12/site-packages/airflow/example_dags/plugins/decreasing_priority_weight_strategy.py                                       0           0                                                            0
/home/airflow/.local/lib/python3.12/site-packages/airflow/example_dags/plugins/workday.py                                                                   0           0                                                            0
/home/airflow/.local/lib/python3.12/site-packages/airflow/example_dags/plugins/listener_plugin.py                                                           0           0                                                            0
================================================================================
[2026-09-24T22:35:21.558+0000] {manager.py:997} INFO - 
================================================================================
DAG File Processing Stats

File Path                                                                                                                            PID  Runtime      # DAGs    # Errors  Last Runtime    Last Run               Last # of DB Queries
---------------------------------------------------------------------------------------------------------------------------------  -----  ---------  --------  ----------  --------------  -------------------  ----------------------
/home/airflow/.local/lib/python3.12/site-packages/airflow/example_dags/example_nested_branch_dag.py                                                         1           0  89.41s          2026-09-24T22:27:02                      34
/home/airflow/.local/lib/python3.12/site-packages/airflow/example_dags/example_inlet_event_extra.py                                                         0           1  66.86s          2026-09-24T22:26:16                       0
/home/airflow/.local/lib/python3.12/site-packages/airflow/example_dags/example_dynamic_task_mapping_with_no_taskflow_operators.py                           0           1  59.30s          2026-09-24T22:25:27                       0
/home/airflow/.local/lib/python3.12/site-packages/airflow/example_dags/example_setup_teardown.py                                                            0           1  56.61s          2026-09-24T22:28:31                       0
/home/airflow/.local/lib/python3.12/site-packages/airflow/example_dags/example_latest_only.py                                                               0           1  52.75s          2026-09-24T22:28:58                       0
/home/airflow/.local/lib/python3.12/site-packages/airflow/example_dags/example_python_decorator.py                                                          0           1  50.91s          2026-09-24T22:30:37                       0
/home/airflow/.local/lib/python3.12/site-packages/airflow/example_dags/example_dynamic_task_mapping.py                                                      0           1  50.02s          2026-09-24T22:27:52                       0
/home/airflow/.local/lib/python3.12/site-packages/airflow/example_dags/example_bash_decorator.py                                                            1           0  48.92s          2026-09-24T22:31:31                      32
/home/airflow/.local/lib/python3.12/site-packages/airflow/example_dags/example_sensors.py                                                                   1           0  48.57s          2026-09-24T22:33:29                      10
/home/airflow/.local/lib/python3.12/site-packages/airflow/example_dags/example_xcomargs.py                                                                  2           0  48.07s          2026-09-24T22:33:32                      13
/home/airflow/.local/lib/python3.12/site-packages/airflow/example_dags/example_params_trigger_ui.py                                                         1           0  47.37s          2026-09-24T22:31:07                      10
/home/airflow/.local/lib/python3.12/site-packages/airflow/example_dags/example_workday_timetable.py                                                         1           0  46.29s          2026-09-24T22:34:53                      12
/home/airflow/.local/lib/python3.12/site-packages/airflow/example_dags/tutorial_taskflow_api_virtualenv.py                                                  1           0  46.22s          2026-09-24T22:29:45                      32
/home/airflow/.local/lib/python3.12/site-packages/airflow/example_dags/example_branch_operator_decorator.py                                                 1           0  42.51s          2026-09-24T22:29:45                      34
/home/airflow/.local/lib/python3.12/site-packages/airflow/example_dags/example_dag_decorator.py                                                             0           1  40.78s          2026-09-24T22:32:25                       3
/home/airflow/.local/lib/python3.12/site-packages/airflow/example_dags/example_task_group_decorator.py                                                      1           0  38.57s          2026-09-24T22:32:23                      10
/home/airflow/.local/lib/python3.12/site-packages/airflow/example_dags/example_outlet_event_extra.py                                                        0           1  36.23s          2026-09-24T22:34:06                       5
/home/airflow/.local/lib/python3.12/site-packages/airflow/example_dags/tutorial_objectstorage.py                                                            1           0  34.16s          2026-09-24T22:27:34                      10
/home/airflow/.local/lib/python3.12/site-packages/airflow/example_dags/example_latest_only_with_trigger.py                                                  1           0  32.72s          2026-09-24T22:34:52                      12
/home/airflow/.local/lib/python3.12/site-packages/airflow/example_dags/example_xcom.py                                                                      1           0  30.70s          2026-09-24T22:30:17                      12
/home/airflow/.local/lib/python3.12/site-packages/airflow/example_dags/example_task_group.py                                                                1           0  29.57s          2026-09-24T22:29:01                      10
/home/airflow/.local/lib/python3.12/site-packages/airflow/example_dags/example_sla_dag.py                                                                   1           0  24.26s          2026-09-24T22:34:18                      12
/home/airflow/.local/lib/python3.12/site-packages/airflow/example_dags/example_kubernetes_executor.py                                                       1           0  21.38s          2026-09-24T22:33:54                      10
/home/airflow/.local/lib/python3.12/site-packages/airflow/example_dags/example_display_name.py                                                              1           0  17.32s          2026-09-24T22:32:42                      10
/home/airflow/.local/lib/python3.12/site-packages/airflow/example_dags/example_branch_datetime_operator.py                                                  3           0  13.98s          2026-09-24T22:31:32                      18
/home/airflow/.local/lib/python3.12/site-packages/airflow/example_dags/tutorial_taskflow_templates.py                                                       1           0  12.20s          2026-09-24T22:32:38                      12
/home/airflow/.local/lib/python3.12/site-packages/airflow/example_dags/example_params_ui_tutorial.py                                                        1           0  10.90s          2026-09-24T22:31:43                      10
/home/airflow/.local/lib/python3.12/site-packages/airflow/example_dags/example_bash_operator.py                                                             1           0  10.74s          2026-09-24T22:31:43                      12
/home/airflow/.local/lib/python3.12/site-packages/airflow/example_dags/example_setup_teardown_taskflow.py                                                   1           0  10.38s          2026-09-24T22:35:02                      10
/home/airflow/.local/lib/python3.12/site-packages/airflow/example_dags/example_dataset_alias.py                                      368  25.86s            0           0                                                            0
/home/airflow/.local/lib/python3.12/site-packages/airflow/example_dags/example_sensor_decorator.py                                   369  17.90s            0           0                                                            0
/home/airflow/.local/lib/python3.12/site-packages/airflow/example_dags/example_trigger_controller_dag.py                                                    0           0                                                            0
/home/airflow/.local/lib/python3.12/site-packages/airflow/example_dags/example_branch_labels.py                                                             0           0                                                            0
/home/airflow/.local/lib/python3.12/site-packages/airflow/example_dags/tutorial_taskflow_api.py                                                             0           0                                                            0
/home/airflow/.local/lib/python3.12/site-packages/airflow/example_dags/example_short_circuit_decorator.py                                                   0           0                                                            0
/home/airflow/.local/lib/python3.12/site-packages/airflow/example_dags/example_branch_python_dop_operator_3.py                                              0           0                                                            0
/home/airflow/.local/lib/python3.12/site-packages/airflow/example_dags/example_local_kubernetes_executor.py                                                 0           0                                                            0
/home/airflow/.local/lib/python3.12/site-packages/airflow/example_dags/example_passing_params_via_test_command.py                                           0           0                                                            0
/home/airflow/.local/lib/python3.12/site-packages/airflow/example_dags/example_complex.py                                                                   0           0                                                            0
/home/airflow/.local/lib/python3.12/site-packages/airflow/example_dags/example_branch_operator.py                                                           0           0                                                            0
/home/airflow/.local/lib/python3.12/site-packages/airflow/example_dags/example_external_task_marker_dag.py                                                  0           0                                                            0
/home/airflow/.local/lib/python3.12/site-packages/airflow/example_dags/example_skip_dag.py                                                                  0           0                                                            0
/home/airflow/.local/lib/python3.12/site-packages/airflow/example_dags/example_trigger_target_dag.py                                                        0           0                                                            0
/home/airflow/.local/lib/python3.12/site-packages/airflow/example_dags/example_subdag_operator.py                                                           0           0                                                            0
/home/airflow/.local/lib/python3.12/site-packages/airflow/example_dags/example_datasets.py                                                                  0           0                                                            0
/home/airflow/.local/lib/python3.12/site-packages/airflow/example_dags/example_short_circuit_operator.py                                                    0           0                                                            0
/home/airflow/.local/lib/python3.12/site-packages/airflow/example_dags/example_python_operator.py                                                           0           0                                                            0
/home/airflow/.local/lib/python3.12/site-packages/airflow/example_dags/example_dataset_alias_with_no_taskflow.py                                            0           0                                                            0
/home/airflow/.local/lib/python3.12/site-packages/airflow/example_dags/tutorial.py                                                                          0           0                                                            0
/home/airflow/.local/lib/python3.12/site-packages/airflow/example_dags/example_time_delta_sensor_async.py                                                   0           0                                                            0
/home/airflow/.local/lib/python3.12/site-packages/airflow/example_dags/example_branch_day_of_week_operator.py                                               0           0                                                            0
/home/airflow/.local/lib/python3.12/site-packages/airflow/example_dags/tutorial_dag.py                                                                      0           0                                                            0
/home/airflow/.local/lib/python3.12/site-packages/airflow/example_dags/subdags/subdag.py                                                                    0           0                                                            0
/home/airflow/.local/lib/python3.12/site-packages/airflow/example_dags/plugins/event_listener.py                                                            0           0                                                            0
/home/airflow/.local/lib/python3.12/site-packages/airflow/example_dags/plugins/decreasing_priority_weight_strategy.py                                       0           0                                                            0
/home/airflow/.local/lib/python3.12/site-packages/airflow/example_dags/plugins/workday.py                                                                   0           0                                                            0
/home/airflow/.local/lib/python3.12/site-packages/airflow/example_dags/plugins/listener_plugin.py                                                           0           0                                                            0
================================================================================
[2026-09-24T22:35:42.015+0000] {manager.py:1146} ERROR - Processor for /home/airflow/.local/lib/python3.12/site-packages/airflow/example_dags/example_dataset_alias.py exited with return code 1.
[2026-09-24T22:35:59.048+0000] {manager.py:997} INFO - 
================================================================================
DAG File Processing Stats

File Path                                                                                                                            PID  Runtime      # DAGs    # Errors  Last Runtime    Last Run               Last # of DB Queries
---------------------------------------------------------------------------------------------------------------------------------  -----  ---------  --------  ----------  --------------  -------------------  ----------------------
/home/airflow/.local/lib/python3.12/site-packages/airflow/example_dags/example_nested_branch_dag.py                                                         1           0  89.41s          2026-09-24T22:27:02                      34
/home/airflow/.local/lib/python3.12/site-packages/airflow/example_dags/example_inlet_event_extra.py                                                         0           1  66.86s          2026-09-24T22:26:16                       0
/home/airflow/.local/lib/python3.12/site-packages/airflow/example_dags/example_dynamic_task_mapping_with_no_taskflow_operators.py                           0           1  59.30s          2026-09-24T22:25:27                       0
/home/airflow/.local/lib/python3.12/site-packages/airflow/example_dags/example_setup_teardown.py                                                            0           1  56.61s          2026-09-24T22:28:31                       0
/home/airflow/.local/lib/python3.12/site-packages/airflow/example_dags/example_latest_only.py                                                               0           1  52.75s          2026-09-24T22:28:58                       0
/home/airflow/.local/lib/python3.12/site-packages/airflow/example_dags/example_python_decorator.py                                                          0           1  50.91s          2026-09-24T22:30:37                       0
/home/airflow/.local/lib/python3.12/site-packages/airflow/example_dags/example_dynamic_task_mapping.py                                                      0           1  50.02s          2026-09-24T22:27:52                       0
/home/airflow/.local/lib/python3.12/site-packages/airflow/example_dags/example_bash_decorator.py                                                            1           0  48.92s          2026-09-24T22:31:31                      32
/home/airflow/.local/lib/python3.12/site-packages/airflow/example_dags/example_sensors.py                                                                   1           0  48.57s          2026-09-24T22:33:29                      10
/home/airflow/.local/lib/python3.12/site-packages/airflow/example_dags/example_xcomargs.py                                                                  2           0  48.07s          2026-09-24T22:33:32                      13
/home/airflow/.local/lib/python3.12/site-packages/airflow/example_dags/example_params_trigger_ui.py                                                         1           0  47.37s          2026-09-24T22:31:07                      10
/home/airflow/.local/lib/python3.12/site-packages/airflow/example_dags/example_dataset_alias.py                                                             0          -1  47.13s          2026-09-24T22:35:42                       0
/home/airflow/.local/lib/python3.12/site-packages/airflow/example_dags/example_workday_timetable.py                                                         1           0  46.29s          2026-09-24T22:34:53                      12
/home/airflow/.local/lib/python3.12/site-packages/airflow/example_dags/tutorial_taskflow_api_virtualenv.py                                                  1           0  46.22s          2026-09-24T22:29:45                      32
/home/airflow/.local/lib/python3.12/site-packages/airflow/example_dags/example_branch_operator_decorator.py                                                 1           0  42.51s          2026-09-24T22:29:45                      34
/home/airflow/.local/lib/python3.12/site-packages/airflow/example_dags/example_dag_decorator.py                                                             0           1  40.78s          2026-09-24T22:32:25                       3
/home/airflow/.local/lib/python3.12/site-packages/airflow/example_dags/example_sensor_decorator.py                                                          1           0  40.14s          2026-09-24T22:35:42                      10
/home/airflow/.local/lib/python3.12/site-packages/airflow/example_dags/example_task_group_decorator.py                                                      1           0  38.57s          2026-09-24T22:32:23                      10
/home/airflow/.local/lib/python3.12/site-packages/airflow/example_dags/example_outlet_event_extra.py                                                        0           1  36.23s          2026-09-24T22:34:06                       5
/home/airflow/.local/lib/python3.12/site-packages/airflow/example_dags/tutorial_objectstorage.py                                                            1           0  34.16s          2026-09-24T22:27:34                      10
/home/airflow/.local/lib/python3.12/site-packages/airflow/example_dags/example_latest_only_with_trigger.py                                                  1           0  32.72s          2026-09-24T22:34:52                      12
/home/airflow/.local/lib/python3.12/site-packages/airflow/example_dags/example_xcom.py                                                                      1           0  30.70s          2026-09-24T22:30:17                      12
/home/airflow/.local/lib/python3.12/site-packages/airflow/example_dags/example_task_group.py                                                                1           0  29.57s          2026-09-24T22:29:01                      10
/home/airflow/.local/lib/python3.12/site-packages/airflow/example_dags/example_sla_dag.py                                                                   1           0  24.26s          2026-09-24T22:34:18                      12
/home/airflow/.local/lib/python3.12/site-packages/airflow/example_dags/example_kubernetes_executor.py                                                       1           0  21.38s          2026-09-24T22:33:54                      10
/home/airflow/.local/lib/python3.12/site-packages/airflow/example_dags/example_display_name.py                                                              1           0  17.32s          2026-09-24T22:32:42                      10
/home/airflow/.local/lib/python3.12/site-packages/airflow/example_dags/example_branch_datetime_operator.py                                                  3           0  13.98s          2026-09-24T22:31:32                      18
/home/airflow/.local/lib/python3.12/site-packages/airflow/example_dags/tutorial_taskflow_templates.py                                                       1           0  12.20s          2026-09-24T22:32:38                      12
/home/airflow/.local/lib/python3.12/site-packages/airflow/example_dags/example_params_ui_tutorial.py                                                        1           0  10.90s          2026-09-24T22:31:43                      10
/home/airflow/.local/lib/python3.12/site-packages/airflow/example_dags/example_bash_operator.py                                                             1           0  10.74s          2026-09-24T22:31:43                      12
/home/airflow/.local/lib/python3.12/site-packages/airflow/example_dags/example_setup_teardown_taskflow.py                                                   1           0  10.38s          2026-09-24T22:35:02                      10
/home/airflow/.local/lib/python3.12/site-packages/airflow/example_dags/example_trigger_controller_dag.py                             376  8.95s             0           0                                                            0
/home/airflow/.local/lib/python3.12/site-packages/airflow/example_dags/example_branch_labels.py                                      377  8.51s             0           0                                                            0
/home/airflow/.local/lib/python3.12/site-packages/airflow/example_dags/tutorial_taskflow_api.py                                                             0           0                                                            0
/home/airflow/.local/lib/python3.12/site-packages/airflow/example_dags/example_short_circuit_decorator.py                                                   0           0                                                            0
/home/airflow/.local/lib/python3.12/site-packages/airflow/example_dags/example_branch_python_dop_operator_3.py                                              0           0                                                            0
/home/airflow/.local/lib/python3.12/site-packages/airflow/example_dags/example_local_kubernetes_executor.py                                                 0           0                                                            0
/home/airflow/.local/lib/python3.12/site-packages/airflow/example_dags/example_passing_params_via_test_command.py                                           0           0                                                            0
/home/airflow/.local/lib/python3.12/site-packages/airflow/example_dags/example_complex.py                                                                   0           0                                                            0
/home/airflow/.local/lib/python3.12/site-packages/airflow/example_dags/example_branch_operator.py                                                           0           0                                                            0
/home/airflow/.local/lib/python3.12/site-packages/airflow/example_dags/example_external_task_marker_dag.py                                                  0           0                                                            0
/home/airflow/.local/lib/python3.12/site-packages/airflow/example_dags/example_skip_dag.py                                                                  0           0                                                            0
/home/airflow/.local/lib/python3.12/site-packages/airflow/example_dags/example_trigger_target_dag.py                                                        0           0                                                            0
/home/airflow/.local/lib/python3.12/site-packages/airflow/example_dags/example_subdag_operator.py                                                           0           0                                                            0
/home/airflow/.local/lib/python3.12/site-packages/airflow/example_dags/example_datasets.py                                                                  0           0                                                            0
/home/airflow/.local/lib/python3.12/site-packages/airflow/example_dags/example_short_circuit_operator.py                                                    0           0                                                            0
/home/airflow/.local/lib/python3.12/site-packages/airflow/example_dags/example_python_operator.py                                                           0           0                                                            0
/home/airflow/.local/lib/python3.12/site-packages/airflow/example_dags/example_dataset_alias_with_no_taskflow.py                                            0           0                                                            0
/home/airflow/.local/lib/python3.12/site-packages/airflow/example_dags/tutorial.py                                                                          0           0                                                            0
/home/airflow/.local/lib/python3.12/site-packages/airflow/example_dags/example_time_delta_sensor_async.py                                                   0           0                                                            0
/home/airflow/.local/lib/python3.12/site-packages/airflow/example_dags/example_branch_day_of_week_operator.py                                               0           0                                                            0
/home/airflow/.local/lib/python3.12/site-packages/airflow/example_dags/tutorial_dag.py                                                                      0           0                                                            0
/home/airflow/.local/lib/python3.12/site-packages/airflow/example_dags/subdags/subdag.py                                                                    0           0                                                            0
/home/airflow/.local/lib/python3.12/site-packages/airflow/example_dags/plugins/event_listener.py                                                            0           0                                                            0
/home/airflow/.local/lib/python3.12/site-packages/airflow/example_dags/plugins/decreasing_priority_weight_strategy.py                                       0           0                                                            0
/home/airflow/.local/lib/python3.12/site-packages/airflow/example_dags/plugins/workday.py                                                                   0           0                                                            0
/home/airflow/.local/lib/python3.12/site-packages/airflow/example_dags/plugins/listener_plugin.py                                                           0           0                                                            0
================================================================================
[2026-09-24T22:36:33.493+0000] {manager.py:997} INFO - 
================================================================================
DAG File Processing Stats

File Path                                                                                                                            PID  Runtime      # DAGs    # Errors  Last Runtime    Last Run               Last # of DB Queries
---------------------------------------------------------------------------------------------------------------------------------  -----  ---------  --------  ----------  --------------  -------------------  ----------------------
/home/airflow/.local/lib/python3.12/site-packages/airflow/example_dags/example_nested_branch_dag.py                                                         1           0  89.41s          2026-09-24T22:27:02                      34
/home/airflow/.local/lib/python3.12/site-packages/airflow/example_dags/example_inlet_event_extra.py                                                         0           1  66.86s          2026-09-24T22:26:16                       0
/home/airflow/.local/lib/python3.12/site-packages/airflow/example_dags/example_dynamic_task_mapping_with_no_taskflow_operators.py                           0           1  59.30s          2026-09-24T22:25:27                       0
/home/airflow/.local/lib/python3.12/site-packages/airflow/example_dags/example_setup_teardown.py                                                            0           1  56.61s          2026-09-24T22:28:31                       0
/home/airflow/.local/lib/python3.12/site-packages/airflow/example_dags/example_latest_only.py                                                               0           1  52.75s          2026-09-24T22:28:58                       0
/home/airflow/.local/lib/python3.12/site-packages/airflow/example_dags/example_python_decorator.py                                                          0           1  50.91s          2026-09-24T22:30:37                       0
/home/airflow/.local/lib/python3.12/site-packages/airflow/example_dags/example_dynamic_task_mapping.py                                                      0           1  50.02s          2026-09-24T22:27:52                       0
/home/airflow/.local/lib/python3.12/site-packages/airflow/example_dags/example_bash_decorator.py                                                            1           0  48.92s          2026-09-24T22:31:31                      32
/home/airflow/.local/lib/python3.12/site-packages/airflow/example_dags/example_sensors.py                                                                   1           0  48.57s          2026-09-24T22:33:29                      10
/home/airflow/.local/lib/python3.12/site-packages/airflow/example_dags/example_xcomargs.py                                                                  2           0  48.07s          2026-09-24T22:33:32                      13
/home/airflow/.local/lib/python3.12/site-packages/airflow/example_dags/example_params_trigger_ui.py                                                         1           0  47.37s          2026-09-24T22:31:07                      10
/home/airflow/.local/lib/python3.12/site-packages/airflow/example_dags/example_dataset_alias.py                                                             0          -1  47.13s          2026-09-24T22:35:42                       0
/home/airflow/.local/lib/python3.12/site-packages/airflow/example_dags/example_workday_timetable.py                                                         1           0  46.29s          2026-09-24T22:34:53                      12
/home/airflow/.local/lib/python3.12/site-packages/airflow/example_dags/tutorial_taskflow_api_virtualenv.py                                                  1           0  46.22s          2026-09-24T22:29:45                      32
/home/airflow/.local/lib/python3.12/site-packages/airflow/example_dags/example_branch_operator_decorator.py                                                 1           0  42.51s          2026-09-24T22:29:45                      34
/home/airflow/.local/lib/python3.12/site-packages/airflow/example_dags/example_trigger_controller_dag.py                                                    1           0  41.58s          2026-09-24T22:36:24                      12
/home/airflow/.local/lib/python3.12/site-packages/airflow/example_dags/example_branch_labels.py                                                             1           0  41.17s          2026-09-24T22:36:24                      12
/home/airflow/.local/lib/python3.12/site-packages/airflow/example_dags/example_dag_decorator.py                                                             0           1  40.78s          2026-09-24T22:32:25                       3
/home/airflow/.local/lib/python3.12/site-packages/airflow/example_dags/example_sensor_decorator.py                                                          1           0  40.14s          2026-09-24T22:35:42                      10
/home/airflow/.local/lib/python3.12/site-packages/airflow/example_dags/example_task_group_decorator.py                                                      1           0  38.57s          2026-09-24T22:32:23                      10
/home/airflow/.local/lib/python3.12/site-packages/airflow/example_dags/example_outlet_event_extra.py                                                        0           1  36.23s          2026-09-24T22:34:06                       5
/home/airflow/.local/lib/python3.12/site-packages/airflow/example_dags/tutorial_objectstorage.py                                                            1           0  34.16s          2026-09-24T22:27:34                      10
/home/airflow/.local/lib/python3.12/site-packages/airflow/example_dags/example_latest_only_with_trigger.py                                                  1           0  32.72s          2026-09-24T22:34:52                      12
/home/airflow/.local/lib/python3.12/site-packages/airflow/example_dags/example_xcom.py                                                                      1           0  30.70s          2026-09-24T22:30:17                      12
/home/airflow/.local/lib/python3.12/site-packages/airflow/example_dags/example_task_group.py                                                                1           0  29.57s          2026-09-24T22:29:01                      10
/home/airflow/.local/lib/python3.12/site-packages/airflow/example_dags/example_sla_dag.py                                                                   1           0  24.26s          2026-09-24T22:34:18                      12
/home/airflow/.local/lib/python3.12/site-packages/airflow/example_dags/example_kubernetes_executor.py                                                       1           0  21.38s          2026-09-24T22:33:54                      10
/home/airflow/.local/lib/python3.12/site-packages/airflow/example_dags/example_display_name.py                                                              1           0  17.32s          2026-09-24T22:32:42                      10
/home/airflow/.local/lib/python3.12/site-packages/airflow/example_dags/example_branch_datetime_operator.py                                                  3           0  13.98s          2026-09-24T22:31:32                      18
/home/airflow/.local/lib/python3.12/site-packages/airflow/example_dags/tutorial_taskflow_templates.py                                                       1           0  12.20s          2026-09-24T22:32:38                      12
/home/airflow/.local/lib/python3.12/site-packages/airflow/example_dags/example_params_ui_tutorial.py                                                        1           0  10.90s          2026-09-24T22:31:43                      10
/home/airflow/.local/lib/python3.12/site-packages/airflow/example_dags/example_bash_operator.py                                                             1           0  10.74s          2026-09-24T22:31:43                      12
/home/airflow/.local/lib/python3.12/site-packages/airflow/example_dags/example_setup_teardown_taskflow.py                                                   1           0  10.38s          2026-09-24T22:35:02                      10
/home/airflow/.local/lib/python3.12/site-packages/airflow/example_dags/tutorial_taskflow_api.py                                      383  2.17s             0           0                                                            0
/home/airflow/.local/lib/python3.12/site-packages/airflow/example_dags/example_short_circuit_decorator.py                            384  0.07s             0           0                                                            0
/home/airflow/.local/lib/python3.12/site-packages/airflow/example_dags/example_branch_python_dop_operator_3.py                                              0           0                                                            0
/home/airflow/.local/lib/python3.12/site-packages/airflow/example_dags/example_local_kubernetes_executor.py                                                 0           0                                                            0
/home/airflow/.local/lib/python3.12/site-packages/airflow/example_dags/example_passing_params_via_test_command.py                                           0           0                                                            0
/home/airflow/.local/lib/python3.12/site-packages/airflow/example_dags/example_complex.py                                                                   0           0                                                            0
/home/airflow/.local/lib/python3.12/site-packages/airflow/example_dags/example_branch_operator.py                                                           0           0                                                            0
/home/airflow/.local/lib/python3.12/site-packages/airflow/example_dags/example_external_task_marker_dag.py                                                  0           0                                                            0
/home/airflow/.local/lib/python3.12/site-packages/airflow/example_dags/example_skip_dag.py                                                                  0           0                                                            0
/home/airflow/.local/lib/python3.12/site-packages/airflow/example_dags/example_trigger_target_dag.py                                                        0           0                                                            0
/home/airflow/.local/lib/python3.12/site-packages/airflow/example_dags/example_subdag_operator.py                                                           0           0                                                            0
/home/airflow/.local/lib/python3.12/site-packages/airflow/example_dags/example_datasets.py                                                                  0           0                                                            0
/home/airflow/.local/lib/python3.12/site-packages/airflow/example_dags/example_short_circuit_operator.py                                                    0           0                                                            0
/home/airflow/.local/lib/python3.12/site-packages/airflow/example_dags/example_python_operator.py                                                           0           0                                                            0
/home/airflow/.local/lib/python3.12/site-packages/airflow/example_dags/example_dataset_alias_with_no_taskflow.py                                            0           0                                                            0
/home/airflow/.local/lib/python3.12/site-packages/airflow/example_dags/tutorial.py                                                                          0           0                                                            0
/home/airflow/.local/lib/python3.12/site-packages/airflow/example_dags/example_time_delta_sensor_async.py                                                   0           0                                                            0
/home/airflow/.local/lib/python3.12/site-packages/airflow/example_dags/example_branch_day_of_week_operator.py                                               0           0                                                            0
/home/airflow/.local/lib/python3.12/site-packages/airflow/example_dags/tutorial_dag.py                                                                      0           0                                                            0
/home/airflow/.local/lib/python3.12/site-packages/airflow/example_dags/subdags/subdag.py                                                                    0           0                                                            0
/home/airflow/.local/lib/python3.12/site-packages/airflow/example_dags/plugins/event_listener.py                                                            0           0                                                            0
/home/airflow/.local/lib/python3.12/site-packages/airflow/example_dags/plugins/decreasing_priority_weight_strategy.py                                       0           0                                                            0
/home/airflow/.local/lib/python3.12/site-packages/airflow/example_dags/plugins/workday.py                                                                   0           0                                                            0
/home/airflow/.local/lib/python3.12/site-packages/airflow/example_dags/plugins/listener_plugin.py                                                           0           0                                                            0
================================================================================
[2026-09-24T22:37:06.810+0000] {manager.py:997} INFO - 
================================================================================
DAG File Processing Stats

File Path                                                                                                                            PID  Runtime      # DAGs    # Errors  Last Runtime    Last Run               Last # of DB Queries
---------------------------------------------------------------------------------------------------------------------------------  -----  ---------  --------  ----------  --------------  -------------------  ----------------------
/home/airflow/.local/lib/python3.12/site-packages/airflow/example_dags/example_nested_branch_dag.py                                                         1           0  89.41s          2026-09-24T22:27:02                      34
/home/airflow/.local/lib/python3.12/site-packages/airflow/example_dags/example_inlet_event_extra.py                                                         0           1  66.86s          2026-09-24T22:26:16                       0
/home/airflow/.local/lib/python3.12/site-packages/airflow/example_dags/example_dynamic_task_mapping_with_no_taskflow_operators.py                           0           1  59.30s          2026-09-24T22:25:27                       0
/home/airflow/.local/lib/python3.12/site-packages/airflow/example_dags/example_setup_teardown.py                                                            0           1  56.61s          2026-09-24T22:28:31                       0
/home/airflow/.local/lib/python3.12/site-packages/airflow/example_dags/example_latest_only.py                                                               0           1  52.75s          2026-09-24T22:28:58                       0
/home/airflow/.local/lib/python3.12/site-packages/airflow/example_dags/example_python_decorator.py                                                          0           1  50.91s          2026-09-24T22:30:37                       0
/home/airflow/.local/lib/python3.12/site-packages/airflow/example_dags/example_dynamic_task_mapping.py                                                      0           1  50.02s          2026-09-24T22:27:52                       0
/home/airflow/.local/lib/python3.12/site-packages/airflow/example_dags/example_bash_decorator.py                                                            1           0  48.92s          2026-09-24T22:31:31                      32
/home/airflow/.local/lib/python3.12/site-packages/airflow/example_dags/example_sensors.py                                                                   1           0  48.57s          2026-09-24T22:33:29                      10
/home/airflow/.local/lib/python3.12/site-packages/airflow/example_dags/example_xcomargs.py                                                                  2           0  48.07s          2026-09-24T22:33:32                      13
/home/airflow/.local/lib/python3.12/site-packages/airflow/example_dags/example_params_trigger_ui.py                                                         1           0  47.37s          2026-09-24T22:31:07                      10
/home/airflow/.local/lib/python3.12/site-packages/airflow/example_dags/example_dataset_alias.py                                                             0          -1  47.13s          2026-09-24T22:35:42                       0
/home/airflow/.local/lib/python3.12/site-packages/airflow/example_dags/example_workday_timetable.py                                                         1           0  46.29s          2026-09-24T22:34:53                      12
/home/airflow/.local/lib/python3.12/site-packages/airflow/example_dags/tutorial_taskflow_api_virtualenv.py                                                  1           0  46.22s          2026-09-24T22:29:45                      32
/home/airflow/.local/lib/python3.12/site-packages/airflow/example_dags/example_branch_operator_decorator.py                                                 1           0  42.51s          2026-09-24T22:29:45                      34
/home/airflow/.local/lib/python3.12/site-packages/airflow/example_dags/example_trigger_controller_dag.py                                                    1           0  41.58s          2026-09-24T22:36:24                      12
/home/airflow/.local/lib/python3.12/site-packages/airflow/example_dags/example_branch_labels.py                                                             1           0  41.17s          2026-09-24T22:36:24                      12
/home/airflow/.local/lib/python3.12/site-packages/airflow/example_dags/example_dag_decorator.py                                                             0           1  40.78s          2026-09-24T22:32:25                       3
/home/airflow/.local/lib/python3.12/site-packages/airflow/example_dags/example_sensor_decorator.py                                                          1           0  40.14s          2026-09-24T22:35:42                      10
/home/airflow/.local/lib/python3.12/site-packages/airflow/example_dags/example_task_group_decorator.py                                                      1           0  38.57s          2026-09-24T22:32:23                      10
/home/airflow/.local/lib/python3.12/site-packages/airflow/example_dags/example_outlet_event_extra.py                                                        0           1  36.23s          2026-09-24T22:34:06                       5
/home/airflow/.local/lib/python3.12/site-packages/airflow/example_dags/tutorial_objectstorage.py                                                            1           0  34.16s          2026-09-24T22:27:34                      10
/home/airflow/.local/lib/python3.12/site-packages/airflow/example_dags/example_latest_only_with_trigger.py                                                  1           0  32.72s          2026-09-24T22:34:52                      12
/home/airflow/.local/lib/python3.12/site-packages/airflow/example_dags/example_xcom.py                                                                      1           0  30.70s          2026-09-24T22:30:17                      12
/home/airflow/.local/lib/python3.12/site-packages/airflow/example_dags/example_task_group.py                                                                1           0  29.57s          2026-09-24T22:29:01                      10
/home/airflow/.local/lib/python3.12/site-packages/airflow/example_dags/example_sla_dag.py                                                                   1           0  24.26s          2026-09-24T22:34:18                      12
/home/airflow/.local/lib/python3.12/site-packages/airflow/example_dags/example_kubernetes_executor.py                                                       1           0  21.38s          2026-09-24T22:33:54                      10
/home/airflow/.local/lib/python3.12/site-packages/airflow/example_dags/example_display_name.py                                                              1           0  17.32s          2026-09-24T22:32:42                      10
/home/airflow/.local/lib/python3.12/site-packages/airflow/example_dags/example_branch_datetime_operator.py                                                  3           0  13.98s          2026-09-24T22:31:32                      18
/home/airflow/.local/lib/python3.12/site-packages/airflow/example_dags/tutorial_taskflow_templates.py                                                       1           0  12.20s          2026-09-24T22:32:38                      12
/home/airflow/.local/lib/python3.12/site-packages/airflow/example_dags/example_params_ui_tutorial.py                                                        1           0  10.90s          2026-09-24T22:31:43                      10
/home/airflow/.local/lib/python3.12/site-packages/airflow/example_dags/example_bash_operator.py                                                             1           0  10.74s          2026-09-24T22:31:43                      12
/home/airflow/.local/lib/python3.12/site-packages/airflow/example_dags/example_setup_teardown_taskflow.py                                                   1           0  10.38s          2026-09-24T22:35:02                      10
/home/airflow/.local/lib/python3.12/site-packages/airflow/example_dags/tutorial_taskflow_api.py                                      383  33.73s            0           0                                                            0
/home/airflow/.local/lib/python3.12/site-packages/airflow/example_dags/example_short_circuit_decorator.py                            384  31.63s            0           0                                                            0
/home/airflow/.local/lib/python3.12/site-packages/airflow/example_dags/example_branch_python_dop_operator_3.py                                              0           0                                                            0
/home/airflow/.local/lib/python3.12/site-packages/airflow/example_dags/example_local_kubernetes_executor.py                                                 0           0                                                            0
/home/airflow/.local/lib/python3.12/site-packages/airflow/example_dags/example_passing_params_via_test_command.py                                           0           0                                                            0
/home/airflow/.local/lib/python3.12/site-packages/airflow/example_dags/example_complex.py                                                                   0           0                                                            0
/home/airflow/.local/lib/python3.12/site-packages/airflow/example_dags/example_branch_operator.py                                                           0           0                                                            0
/home/airflow/.local/lib/python3.12/site-packages/airflow/example_dags/example_external_task_marker_dag.py                                                  0           0                                                            0
/home/airflow/.local/lib/python3.12/site-packages/airflow/example_dags/example_skip_dag.py                                                                  0           0                                                            0
/home/airflow/.local/lib/python3.12/site-packages/airflow/example_dags/example_trigger_target_dag.py                                                        0           0                                                            0
/home/airflow/.local/lib/python3.12/site-packages/airflow/example_dags/example_subdag_operator.py                                                           0           0                                                            0
/home/airflow/.local/lib/python3.12/site-packages/airflow/example_dags/example_datasets.py                                                                  0           0                                                            0
/home/airflow/.local/lib/python3.12/site-packages/airflow/example_dags/example_short_circuit_operator.py                                                    0           0                                                            0
/home/airflow/.local/lib/python3.12/site-packages/airflow/example_dags/example_python_operator.py                                                           0           0                                                            0
/home/airflow/.local/lib/python3.12/site-packages/airflow/example_dags/example_dataset_alias_with_no_taskflow.py                                            0           0                                                            0
/home/airflow/.local/lib/python3.12/site-packages/airflow/example_dags/tutorial.py                                                                          0           0                                                            0
/home/airflow/.local/lib/python3.12/site-packages/airflow/example_dags/example_time_delta_sensor_async.py                                                   0           0                                                            0
/home/airflow/.local/lib/python3.12/site-packages/airflow/example_dags/example_branch_day_of_week_operator.py                                               0           0                                                            0
/home/airflow/.local/lib/python3.12/site-packages/airflow/example_dags/tutorial_dag.py                                                                      0           0                                                            0
/home/airflow/.local/lib/python3.12/site-packages/airflow/example_dags/subdags/subdag.py                                                                    0           0                                                            0
/home/airflow/.local/lib/python3.12/site-packages/airflow/example_dags/plugins/event_listener.py                                                            0           0                                                            0
/home/airflow/.local/lib/python3.12/site-packages/airflow/example_dags/plugins/decreasing_priority_weight_strategy.py                                       0           0                                                            0
/home/airflow/.local/lib/python3.12/site-packages/airflow/example_dags/plugins/workday.py                                                                   0           0                                                            0
/home/airflow/.local/lib/python3.12/site-packages/airflow/example_dags/plugins/listener_plugin.py                                                           0           0                                                            0
================================================================================
[2026-09-24T22:37:23.034+0000] {manager.py:1366} ERROR - Processor for /home/airflow/.local/lib/python3.12/site-packages/airflow/example_dags/example_short_circuit_decorator.py with PID 384 started at 2026-09-24T22:36:32.601179+00:00 has timed out, killing it.
